2026-07-27T15:15:32.0795132Z Current runner version: '2.336.0'
2026-07-27T15:15:32.0800712Z Runner name: 'ci-runner'
2026-07-27T15:15:32.0801211Z Runner group name: 'default'
2026-07-27T15:15:32.0802150Z Machine name: 'BUILD-NODE-04'
2026-07-27T15:15:32.0804399Z ##[group]GITHUB_TOKEN Permissions
2026-07-27T15:15:32.0806071Z Actions: write
2026-07-27T15:15:32.0806576Z Contents: write
2026-07-27T15:15:32.0807007Z Metadata: read
2026-07-27T15:15:32.0807432Z PullRequests: write
2026-07-27T15:15:32.0807864Z ##[endgroup]
2026-07-27T15:15:32.0809475Z Secret source: Actions
2026-07-27T15:15:32.0810286Z Prepare workflow directory
2026-07-27T15:15:32.1163489Z Prepare all required actions
2026-07-27T15:15:32.1192428Z Getting action download info
2026-07-27T15:15:32.5817788Z Download action repository 'CodeRoasted/malf-toolchain@main' (SHA:d26503bd3575cd99b8d97581344882ba114098ea)
2026-07-27T15:15:33.0848144Z Getting action download info
2026-07-27T15:15:33.2705529Z Download action repository 'actions/checkout@v5' (SHA:fbc6f3992d24b796d5a048ff273f7fcc4a7b6c09)
2026-07-27T15:15:33.7900776Z Getting action download info
2026-07-27T15:15:33.9777711Z Download action repository 'conan-io/setup-conan@v1' (SHA:ed3942a6883243f4af84e13e49c972f9440fa1c2)
2026-07-27T15:15:34.2671262Z Download action repository 'actions/cache@v5' (SHA:caa296126883cff596d87d8935842f9db880ef25)
2026-07-27T15:15:35.1353883Z Getting action download info
2026-07-27T15:15:35.3049252Z Download action repository 'actions/cache@v5.0.3' (SHA:cdf6c1fa76f9f475f3d7449005a359c84ca0f306)
2026-07-27T15:15:36.2237887Z Getting action download info
2026-07-27T15:15:37.1953548Z Download action repository 'actions/upload-artifact@v7' (SHA:043fb46d1a93c77aae656e7c1c64a875d1fc6a0a)
2026-07-27T15:15:38.0965051Z Uses: CodeRoasted/malf-toolchain/.github/workflows/coderoast-ci.yml@refs/heads/main (d26503bd3575cd99b8d97581344882ba114098ea)
2026-07-27T15:15:38.0967803Z ##[group] Inputs
2026-07-27T15:15:38.0967998Z   modules: core
2026-07-27T15:15:38.0968803Z   vendor: coderoast_ipc_core      1.8.4 CodeRoasted/coderoast-ipc public
coderoast_ipc_producer  1.8.4 CodeRoasted/coderoast-ipc public
coderoast_ipc_consumer  1.8.4 CodeRoasted/coderoast-ipc public
insight_canon           1.8.4 CodeRoasted/insight-canon public
insight_semantic_github 1.8.4 CodeRoasted/insight-canon public

2026-07-27T15:15:38.0969574Z   extra-apt: 
2026-07-27T15:15:38.0970498Z   runs-on: ci-local
2026-07-27T15:15:38.0970647Z ##[endgroup]
2026-07-27T15:15:38.0970786Z Complete job name: ci / ci / build
2026-07-27T15:15:38.1559511Z ##[group]Run CodeRoasted/malf-toolchain/.github/actions/coderoast-ci@main
2026-07-27T15:15:38.1559985Z with:
2026-07-27T15:15:38.1560728Z   vendor: coderoast_ipc_core      1.8.4 CodeRoasted/coderoast-ipc public
coderoast_ipc_producer  1.8.4 CodeRoasted/coderoast-ipc public
coderoast_ipc_consumer  1.8.4 CodeRoasted/coderoast-ipc public
insight_canon           1.8.4 CodeRoasted/insight-canon public
insight_semantic_github 1.8.4 CodeRoasted/insight-canon public

2026-07-27T15:15:38.1561644Z   modules: core
2026-07-27T15:15:38.1563311Z   github-token: ***
2026-07-27T15:15:38.1563455Z   fetch-depth: 0
2026-07-27T15:15:38.1563593Z   profile: linux-gcc15-release
2026-07-27T15:15:38.1563982Z ##[endgroup]
2026-07-27T15:15:38.1650590Z ##[group]Run actions/checkout@v5
2026-07-27T15:15:38.1650933Z with:
2026-07-27T15:15:38.1651236Z   fetch-depth: 0
2026-07-27T15:15:38.1651578Z   repository: CodeRoasted/logcraft
2026-07-27T15:15:38.1653355Z   token: ***
2026-07-27T15:15:38.1653809Z   ssh-strict: true
2026-07-27T15:15:38.1654099Z   ssh-user: git
2026-07-27T15:15:38.1654346Z   persist-credentials: true
2026-07-27T15:15:38.1654672Z   clean: true
2026-07-27T15:15:38.1654945Z   sparse-checkout-cone-mode: true
2026-07-27T15:15:38.1655545Z   fetch-tags: false
2026-07-27T15:15:38.1655841Z   show-progress: true
2026-07-27T15:15:38.1656122Z   lfs: false
2026-07-27T15:15:38.1656505Z   submodules: false
2026-07-27T15:15:38.1656773Z   set-safe-directory: true
2026-07-27T15:15:38.1657103Z   allow-unsafe-pr-checkout: false
2026-07-27T15:15:38.1657419Z ##[endgroup]
2026-07-27T15:15:38.3194770Z Syncing repository: CodeRoasted/logcraft
2026-07-27T15:15:38.3196051Z ##[group]Getting Git version info
2026-07-27T15:15:38.3196571Z Working directory is '/home/runner/work/logcraft/logcraft'
2026-07-27T15:15:38.3363342Z [command]/usr/bin/git version
2026-07-27T15:15:38.3408336Z git version 2.43.0
2026-07-27T15:15:38.3453380Z ##[endgroup]
2026-07-27T15:15:38.3470209Z Copying '/home/runner/.gitconfig' to '/home/runner/work/_temp/1819635d-e3d7-4f74-904e-60f7839e9eaa/.gitconfig'
2026-07-27T15:15:38.3480931Z Temporarily overriding HOME='/home/runner/work/_temp/1819635d-e3d7-4f74-904e-60f7839e9eaa' before making global git config changes
2026-07-27T15:15:38.3481839Z Adding repository directory to the temporary git global config as a safe directory
2026-07-27T15:15:38.3485643Z [command]/usr/bin/git config --global --add safe.directory /home/runner/work/logcraft/logcraft
2026-07-27T15:15:38.3519187Z [command]/usr/bin/git config --local --get remote.origin.url
2026-07-27T15:15:38.3539693Z https://github.com/CodeRoasted/logcraft
2026-07-27T15:15:38.3557689Z ##[group]Removing previously created refs, to avoid conflicts
2026-07-27T15:15:38.3563631Z [command]/usr/bin/git rev-parse --symbolic-full-name --verify --quiet HEAD
2026-07-27T15:15:38.3596338Z HEAD
2026-07-27T15:15:38.3630027Z ##[endgroup]
2026-07-27T15:15:38.3631359Z [command]/usr/bin/git submodule status
2026-07-27T15:15:38.3902380Z ##[group]Cleaning the repository
2026-07-27T15:15:38.3904690Z [command]/usr/bin/git clean -ffdx
2026-07-27T15:15:38.3949078Z Removing actionlint
2026-07-27T15:15:38.3957453Z [command]/usr/bin/git reset --hard HEAD
2026-07-27T15:15:38.4118716Z HEAD is now at 9179bb4fd loader(adr/0051): the last LOGCRAFT_* env keys migrate; a path-bearing sink names its path
2026-07-27T15:15:38.4125222Z ##[endgroup]
2026-07-27T15:15:38.4126803Z ##[group]Disabling automatic garbage collection
2026-07-27T15:15:38.4132015Z [command]/usr/bin/git config --local gc.auto 0
2026-07-27T15:15:38.4162739Z ##[endgroup]
2026-07-27T15:15:38.4163189Z ##[group]Setting up auth
2026-07-27T15:15:38.4169055Z [command]/usr/bin/git config --local --name-only --get-regexp core\.sshCommand
2026-07-27T15:15:38.4200344Z [command]/usr/bin/git submodule foreach --recursive sh -c "git config --local --name-only --get-regexp 'core\.sshCommand' && git config --local --unset-all 'core.sshCommand' || :"
2026-07-27T15:15:38.4465610Z [command]/usr/bin/git config --local --name-only --get-regexp http\.https\:\/\/github\.com\/\.extraheader
2026-07-27T15:15:38.4494451Z [command]/usr/bin/git submodule foreach --recursive sh -c "git config --local --name-only --get-regexp 'http\.https\:\/\/github\.com\/\.extraheader' && git config --local --unset-all 'http.https://github.com/.extraheader' || :"
2026-07-27T15:15:38.4749678Z [command]/usr/bin/git config --local --name-only --get-regexp ^includeIf\.gitdir:
2026-07-27T15:15:38.4778470Z [command]/usr/bin/git submodule foreach --recursive git config --local --show-origin --name-only --get-regexp remote.origin.url
2026-07-27T15:15:38.5036969Z [command]/usr/bin/git config --local http.https://github.com/.extraheader AUTHORIZATION: basic ***
2026-07-27T15:15:38.5081675Z ##[endgroup]
2026-07-27T15:15:38.5082146Z ##[group]Fetching the repository
2026-07-27T15:15:38.5088997Z [command]/usr/bin/git -c protocol.version=2 fetch --prune --no-recurse-submodules --unshallow origin +refs/heads/*:refs/remotes/origin/* +refs/tags/*:refs/tags/*
2026-07-27T15:15:39.4259606Z From https://github.com/CodeRoasted/logcraft
2026-07-27T15:15:39.4261052Z  + de8ca19e5...9179bb4fd main       -> origin/main  (forced update)
2026-07-27T15:15:39.4262762Z  t [tag update]          v1.8.4     -> v1.8.4
2026-07-27T15:15:39.4294919Z [command]/usr/bin/git tag --list v1.8.4
2026-07-27T15:15:39.4320807Z v1.8.4
2026-07-27T15:15:39.4328622Z [command]/usr/bin/git rev-parse refs/tags/v1.8.4
2026-07-27T15:15:39.4350583Z 44b5d7dd2b17ca9c7f896e417482a0656fbed0b1
2026-07-27T15:15:39.4360105Z [command]/usr/bin/git -c protocol.version=2 fetch --no-tags --prune --no-recurse-submodules origin +9179bb4fdcc65daf02564723b72365607a56706e:refs/tags/v1.8.4
2026-07-27T15:15:39.4428329Z From https://github.com/CodeRoasted/logcraft
2026-07-27T15:15:39.4451614Z  t [tag update]          9179bb4fdcc65daf02564723b72365607a56706e -> v1.8.4
2026-07-27T15:15:39.4452641Z ##[endgroup]
2026-07-27T15:15:39.4453033Z ##[group]Determining the checkout info
2026-07-27T15:15:39.4453600Z ##[endgroup]
2026-07-27T15:15:39.4455766Z [command]/usr/bin/git sparse-checkout disable
2026-07-27T15:15:39.4491281Z [command]/usr/bin/git config --local --unset-all extensions.worktreeConfig
2026-07-27T15:15:39.4521195Z ##[group]Checking out the ref
2026-07-27T15:15:39.4523985Z [command]/usr/bin/git checkout --progress --force refs/tags/v1.8.4
2026-07-27T15:15:39.4563705Z HEAD is now at 9179bb4fd loader(adr/0051): the last LOGCRAFT_* env keys migrate; a path-bearing sink names its path
2026-07-27T15:15:39.4569265Z ##[endgroup]
2026-07-27T15:15:39.4605145Z [command]/usr/bin/git log -1 --format=%H
2026-07-27T15:15:39.4630798Z 9179bb4fdcc65daf02564723b72365607a56706e
2026-07-27T15:15:39.4837356Z ##[group]Run CodeRoasted/malf-toolchain/.github/actions/setup-gcc153@main
2026-07-27T15:15:39.4837840Z with:
2026-07-27T15:15:39.4838091Z   tag: gcc-15.3.0
2026-07-27T15:15:39.4838451Z ##[endgroup]
2026-07-27T15:15:39.4872462Z ##[group]Run set -euo pipefail
2026-07-27T15:15:39.4872932Z [36;1mset -euo pipefail[0m
2026-07-27T15:15:39.4873494Z [36;1m# Derive the per-ISA asset name from the runner's architecture unless the caller pinned one.[0m
2026-07-27T15:15:39.4874065Z [36;1m# The build workflow publishes gcc-<maj.min>-noble-{x64,arm64}.tar.zst as siblings on the same[0m
2026-07-27T15:15:39.4874755Z [36;1m# gcc-<ver> release; pick the one matching THIS runner so a single action serves both ISAs.[0m
2026-07-27T15:15:39.4875198Z [36;1mif [ -z "${ASSET:-}" ]; then[0m
2026-07-27T15:15:39.4875535Z [36;1m  ver="${TAG#gcc-}"; mm="${ver%.*}"   # gcc-15.3.0 -> 15.3.0 -> 15.3[0m
2026-07-27T15:15:39.4876042Z [36;1m  case "$(uname -m)" in[0m
2026-07-27T15:15:39.4876499Z [36;1m    x86_64|amd64) arch=x64 ;;[0m
2026-07-27T15:15:39.4876923Z [36;1m    aarch64|arm64) arch=arm64 ;;[0m
2026-07-27T15:15:39.4877717Z [36;1m    *) echo "::error::setup-gcc153: unsupported arch '$(uname -m)' (no published gcc-15.3 asset)"; exit 1 ;;[0m
2026-07-27T15:15:39.4878220Z [36;1m  esac[0m
2026-07-27T15:15:39.4878777Z [36;1m  ASSET="gcc-${mm}-noble-${arch}.tar.zst"[0m
2026-07-27T15:15:39.4879169Z [36;1m  echo "setup-gcc153: ISA $(uname -m) → asset ${ASSET}"[0m
2026-07-27T15:15:39.4879532Z [36;1mfi[0m
2026-07-27T15:15:39.4880006Z [36;1m# Idempotent on a persistent (self-hosted) runner: /opt/gcc-15.3 survives between jobs, so a[0m
2026-07-27T15:15:39.4882146Z [36;1m# re-provision (download + `sudo tar -C /opt`) is pure waste AND needs sudo — which prompts[0m
2026-07-27T15:15:39.4883442Z [36;1m# for a password on a self-hosted box (the runner user is not in passwordless sudoers). Skip[0m
2026-07-27T15:15:39.4884112Z [36;1m# when the compiler is already present at the required version; the first provision installs.[0m
2026-07-27T15:15:39.4884655Z [36;1mif [ -x /opt/gcc-15.3/bin/g++ ]; then[0m
2026-07-27T15:15:39.4885148Z [36;1m  have=$(/opt/gcc-15.3/bin/g++ -dumpversion 2>/dev/null || echo 0)[0m
2026-07-27T15:15:39.4885692Z [36;1m  case "$have" in[0m
2026-07-27T15:15:39.4886021Z [36;1m    15.3*|15.[4-9]*|1[6-9].*)[0m
2026-07-27T15:15:39.4886587Z [36;1m      echo "gcc $have already at /opt/gcc-15.3 — skipping provision (idempotent skip)"; exit 0 ;;[0m
2026-07-27T15:15:39.4887118Z [36;1m  esac[0m
2026-07-27T15:15:39.4887695Z [36;1mfi[0m
2026-07-27T15:15:39.4888188Z [36;1mbase="https://github.com/${REPO}/releases/download/${TAG}"[0m
2026-07-27T15:15:39.4888583Z [36;1mcd "$RUNNER_TEMP"[0m
2026-07-27T15:15:39.4889126Z [36;1m# Retry the pull: the toolchain layer is ~450 MB and the CDN occasionally drops the[0m
2026-07-27T15:15:39.4889717Z [36;1m# connection mid-download. Wipe partials between attempts so the checksum can't pass[0m
2026-07-27T15:15:39.4890229Z [36;1m# on a truncated file.[0m
2026-07-27T15:15:39.4890703Z [36;1mpulled=""[0m
2026-07-27T15:15:39.4891019Z [36;1mfor attempt in 1 2 3; do[0m
2026-07-27T15:15:39.4892398Z [36;1m  rm -f "$ASSET" "$ASSET.sha256" 2>/dev/null || true[0m
2026-07-27T15:15:39.4893231Z [36;1m  if curl -fsSL -o "$ASSET" "${base}/${ASSET}" \[0m
2026-07-27T15:15:39.4894307Z [36;1m     && curl -fsSL -o "$ASSET.sha256" "${base}/${ASSET}.sha256"; then pulled=1; break; fi[0m
2026-07-27T15:15:39.4895694Z [36;1m  echo "::warning::toolchain download failed (attempt ${attempt}/3) — retrying after backoff"[0m
2026-07-27T15:15:39.4896197Z [36;1m  sleep $((attempt * 10))[0m
2026-07-27T15:15:39.4896571Z [36;1mdone[0m
2026-07-27T15:15:39.4897657Z [36;1m[ -n "$pulled" ] || { echo "::error::toolchain download failed after 3 attempts (network)"; exit 1; }[0m
2026-07-27T15:15:39.4898390Z [36;1m# Verify the published checksum before trusting the archive.[0m
2026-07-27T15:15:39.4899346Z [36;1msha256sum -c "$ASSET.sha256"[0m
2026-07-27T15:15:39.4900219Z [36;1mcommand -v zstd >/dev/null 2>&1 || sudo apt-get install -y zstd[0m
2026-07-27T15:15:39.4900804Z [36;1msudo tar -C /opt -I zstd -xf "$ASSET"[0m
2026-07-27T15:15:39.4902333Z [36;1m# Confirm the compiler is present and ≥15.3 (PR124309 fix).[0m
2026-07-27T15:15:39.4904673Z [36;1mv=$(/opt/gcc-15.3/bin/g++ -dumpversion)[0m
2026-07-27T15:15:39.4905302Z [36;1mecho "Provisioned gcc $v at /opt/gcc-15.3 (from ${REPO}@${TAG})"[0m
2026-07-27T15:15:39.4905932Z [36;1mcase "$v" in 15.3*|15.[4-9]*|1[6-9].*) ;; *) echo "::error::/opt/gcc-15.3 reports $v (<15.3 — PR124309 not fixed)"; exit 1 ;; esac[0m
2026-07-27T15:15:39.4945122Z shell: /usr/bin/bash --noprofile --norc -e -o pipefail {0}
2026-07-27T15:15:39.4945468Z env:
2026-07-27T15:15:39.4945866Z   REPO: CodeRoasted/malf-toolchain
2026-07-27T15:15:39.4946167Z   TAG: gcc-15.3.0
2026-07-27T15:15:39.4946450Z   ASSET: 
2026-07-27T15:15:39.4946746Z ##[endgroup]
2026-07-27T15:15:39.5045139Z setup-gcc153: ISA x86_64 → asset gcc-15.3-noble-x64.tar.zst
2026-07-27T15:15:39.5099165Z gcc 15.3.0 already at /opt/gcc-15.3 — skipping provision (idempotent skip)
2026-07-27T15:15:39.5191656Z ##[group]Run CodeRoasted/malf-toolchain/.github/actions/setup-build-env@main
2026-07-27T15:15:39.5192058Z with:
2026-07-27T15:15:39.5192295Z   profile: linux-gcc15-release
2026-07-27T15:15:39.5192834Z   conan-version: 2.28.1
2026-07-27T15:15:39.5193103Z ##[endgroup]
2026-07-27T15:15:39.5215134Z ##[group]Run set -euo pipefail
2026-07-27T15:15:39.5215589Z [36;1mset -euo pipefail[0m
2026-07-27T15:15:39.5215995Z [36;1m# CONAN_HOME owned here (single definition) — visible to every later step as $CONAN_HOME.[0m
2026-07-27T15:15:39.5216469Z [36;1mecho "CONAN_HOME=$GITHUB_WORKSPACE/.conan2" >> "$GITHUB_ENV"[0m
2026-07-27T15:15:39.5216984Z [36;1m# Idempotent on a persistent (self-hosted) runner: apt state survives between jobs, so the[0m
2026-07-27T15:15:39.5217513Z [36;1m# apt/pip provision is pure waste AND needs sudo → a password prompt on a self-hosted box.[0m
2026-07-27T15:15:39.5218037Z [36;1m# Install only what's actually missing; on a hosted (ephemeral) runner everything is missing[0m
2026-07-27T15:15:39.5218474Z [36;1m# so the full provision still runs.[0m
2026-07-27T15:15:39.5218802Z [36;1mneed_apt=0[0m
2026-07-27T15:15:39.5219232Z [36;1mfor pkg in ninja-build python3-pip build-essential $EXTRA_APT; do[0m
2026-07-27T15:15:39.5219659Z [36;1m  dpkg -s "$pkg" >/dev/null 2>&1 || { need_apt=1; break; }[0m
2026-07-27T15:15:39.5219968Z [36;1mdone[0m
2026-07-27T15:15:39.5220476Z [36;1mif [ "$need_apt" = 1 ]; then[0m
2026-07-27T15:15:39.5221043Z [36;1m  sudo apt-get update[0m
2026-07-27T15:15:39.5221488Z [36;1m  sudo apt-get install -y ninja-build python3-pip build-essential $EXTRA_APT[0m
2026-07-27T15:15:39.5221915Z [36;1melse[0m
2026-07-27T15:15:39.5222287Z [36;1m  echo "apt base (+ extra: '${EXTRA_APT:-none}') already present — skipping apt (idempotent skip)"[0m
2026-07-27T15:15:39.5222746Z [36;1mfi[0m
2026-07-27T15:15:39.5223118Z [36;1m# Pin the dev-validated CMake 4.3.x workspace-wide (dev/CI parity). Repos that arm[0m
2026-07-27T15:15:39.5223639Z [36;1m# `import std` need CXX_MODULE_STD (experimental UUID 451f2fe2 — present only in CMake[0m
2026-07-27T15:15:39.5224259Z [36;1m# 4.3.x); Ubuntu Noble ships 3.28 without that gate. Install only if not already 4.3.x[0m
2026-07-27T15:15:39.5224719Z [36;1m# (the pip install needs sudo → skip it when the pin is already satisfied).[0m
2026-07-27T15:15:39.5225218Z [36;1mcase "$(cmake --version 2>/dev/null | head -1)" in[0m
2026-07-27T15:15:39.5225543Z [36;1m  *" 4.3."*) ;;[0m
2026-07-27T15:15:39.5225886Z [36;1m  *) sudo python3 -m pip install --break-system-packages "cmake==4.3.1"; hash -r ;;[0m
2026-07-27T15:15:39.5226352Z [36;1mesac[0m
2026-07-27T15:15:39.5226623Z [36;1mcase "$(cmake --version | head -1)" in[0m
2026-07-27T15:15:39.5226987Z [36;1m  *" 4.3."*) cmake --version ;;[0m
2026-07-27T15:15:39.5227387Z [36;1m  *) echo "::error::expected CMake 4.3.x (got: $(cmake --version | head -1))"; exit 1 ;;[0m
2026-07-27T15:15:39.5227806Z [36;1mesac[0m
2026-07-27T15:15:39.5264857Z shell: /usr/bin/bash --noprofile --norc -e -o pipefail {0}
2026-07-27T15:15:39.5265650Z env:
2026-07-27T15:15:39.5265921Z   EXTRA_APT: 
2026-07-27T15:15:39.5266198Z ##[endgroup]
2026-07-27T15:15:39.5655467Z apt base (+ extra: 'none') already present — skipping apt (idempotent skip)
2026-07-27T15:15:39.9860973Z cmake version 4.3.1
2026-07-27T15:15:39.9861171Z 
2026-07-27T15:15:39.9861412Z CMake suite maintained and supported by Kitware (kitware.com/cmake).
2026-07-27T15:15:39.9977625Z ##[group]Run conan-io/setup-conan@v1
2026-07-27T15:15:39.9977919Z with:
2026-07-27T15:15:39.9978237Z   version: 2.28.1
2026-07-27T15:15:39.9978554Z   home: /home/runner/work/logcraft/logcraft/.conan2
2026-07-27T15:15:39.9978896Z   cache_packages: false
2026-07-27T15:15:39.9979261Z   profile_detect: false
2026-07-27T15:15:39.9979529Z   python_version: 3.10
2026-07-27T15:15:39.9979813Z   use_venv: false
2026-07-27T15:15:39.9980112Z env:
2026-07-27T15:15:39.9980457Z   CONAN_HOME: /home/runner/work/logcraft/logcraft/.conan2
2026-07-27T15:15:39.9980896Z ##[endgroup]
2026-07-27T15:15:40.0018992Z ##[group]Run if [ -n "2.28.1" ]; then
2026-07-27T15:15:40.0019300Z [36;1mif [ -n "2.28.1" ]; then[0m
2026-07-27T15:15:40.0019775Z [36;1m  conan_version="2.28.1"[0m
2026-07-27T15:15:40.0020159Z [36;1m  if [[ "$conan_version" == 1.* ]]; then[0m
2026-07-27T15:15:40.0020597Z [36;1m    echo "ERROR: Conan 1.x is not supported. Please use Conan 2.x"[0m
2026-07-27T15:15:40.0021022Z [36;1m    exit 1[0m
2026-07-27T15:15:40.0021297Z [36;1m  fi[0m
2026-07-27T15:15:40.0021514Z [36;1mfi[0m
2026-07-27T15:15:40.0058049Z shell: /usr/bin/bash --noprofile --norc -e -o pipefail {0}
2026-07-27T15:15:40.0058564Z env:
2026-07-27T15:15:40.0058902Z   CONAN_HOME: /home/runner/work/logcraft/logcraft/.conan2
2026-07-27T15:15:40.0059356Z ##[endgroup]
2026-07-27T15:15:40.0151080Z ##[group]Run echo "CONAN_HOME=/home/runner/work/logcraft/logcraft/.conan2" >> $GITHUB_ENV
2026-07-27T15:15:40.0151750Z [36;1mecho "CONAN_HOME=/home/runner/work/logcraft/logcraft/.conan2" >> $GITHUB_ENV[0m
2026-07-27T15:15:40.0179011Z shell: /usr/bin/bash --noprofile --norc -e -o pipefail {0}
2026-07-27T15:15:40.0179377Z env:
2026-07-27T15:15:40.0179741Z   CONAN_HOME: /home/runner/work/logcraft/logcraft/.conan2
2026-07-27T15:15:40.0180147Z ##[endgroup]
2026-07-27T15:15:40.0263124Z ##[group]Run PYTHON_CMD=${VENV_PYTHON:-python}
2026-07-27T15:15:40.0263695Z [36;1mPYTHON_CMD=${VENV_PYTHON:-python}[0m
2026-07-27T15:15:40.0264095Z [36;1m$PYTHON_CMD -m pip install --upgrade pip[0m
2026-07-27T15:15:40.0264409Z [36;1mif [ -n "2.28.1" ]; then[0m
2026-07-27T15:15:40.0264718Z [36;1m  $PYTHON_CMD -m pip install conan==2.28.1[0m
2026-07-27T15:15:40.0265086Z [36;1melse[0m
2026-07-27T15:15:40.0265354Z [36;1m  $PYTHON_CMD -m pip install conan[0m
2026-07-27T15:15:40.0265696Z [36;1mfi[0m
2026-07-27T15:15:40.0266068Z [36;1mecho "conan-version=$(conan --version | cut -d' ' -f3)" >> $GITHUB_OUTPUT[0m
2026-07-27T15:15:40.0296897Z shell: /usr/bin/bash --noprofile --norc -e -o pipefail {0}
2026-07-27T15:15:40.0297258Z env:
2026-07-27T15:15:40.0297674Z   CONAN_HOME: /home/runner/work/logcraft/logcraft/.conan2
2026-07-27T15:15:40.0298068Z ##[endgroup]
2026-07-27T15:15:40.4459371Z Requirement already satisfied: pip in /home/runner/venvs/common/lib/python3.12/site-packages (26.1.2)
2026-07-27T15:15:40.8815685Z Requirement already satisfied: conan==2.28.1 in /home/runner/venvs/common/lib/python3.12/site-packages (2.28.1)
2026-07-27T15:15:40.8822213Z Requirement already satisfied: requests<3.0.0,>=2.25 in /home/runner/venvs/common/lib/python3.12/site-packages (from conan==2.28.1) (2.33.1)
2026-07-27T15:15:40.8825605Z Requirement already satisfied: urllib3<3.0,>=1.26.6 in /home/runner/venvs/common/lib/python3.12/site-packages (from conan==2.28.1) (2.6.3)
2026-07-27T15:15:40.8828335Z Requirement already satisfied: colorama<0.5.0,>=0.4.3 in /home/runner/venvs/common/lib/python3.12/site-packages (from conan==2.28.1) (0.4.6)
2026-07-27T15:15:40.8832037Z Requirement already satisfied: PyYAML<7.0,>=6.0 in /home/runner/venvs/common/lib/python3.12/site-packages (from conan==2.28.1) (6.0.3)
2026-07-27T15:15:40.8835527Z Requirement already satisfied: patch-ng<1.20,>=1.18.0 in /home/runner/venvs/common/lib/python3.12/site-packages (from conan==2.28.1) (1.18.1)
2026-07-27T15:15:40.8838673Z Requirement already satisfied: fasteners>=0.15 in /home/runner/venvs/common/lib/python3.12/site-packages (from conan==2.28.1) (0.20)
2026-07-27T15:15:40.8841448Z Requirement already satisfied: Jinja2<4.0.0,>=3.0 in /home/runner/venvs/common/lib/python3.12/site-packages (from conan==2.28.1) (3.1.6)
2026-07-27T15:15:40.8844663Z Requirement already satisfied: python-dateutil<3,>=2.8.0 in /home/runner/venvs/common/lib/python3.12/site-packages (from conan==2.28.1) (2.9.0.post0)
2026-07-27T15:15:40.8849240Z Requirement already satisfied: distro<2.0.0,>=1.4.0 in /home/runner/venvs/common/lib/python3.12/site-packages (from conan==2.28.1) (1.9.0)
2026-07-27T15:15:40.8866118Z Requirement already satisfied: MarkupSafe>=2.0 in /home/runner/venvs/common/lib/python3.12/site-packages (from Jinja2<4.0.0,>=3.0->conan==2.28.1) (3.0.3)
2026-07-27T15:15:40.8876380Z Requirement already satisfied: six>=1.5 in /home/runner/venvs/common/lib/python3.12/site-packages (from python-dateutil<3,>=2.8.0->conan==2.28.1) (1.17.0)
2026-07-27T15:15:40.8889393Z Requirement already satisfied: charset_normalizer<4,>=2 in /home/runner/venvs/common/lib/python3.12/site-packages (from requests<3.0.0,>=2.25->conan==2.28.1) (3.4.7)
2026-07-27T15:15:40.8892412Z Requirement already satisfied: idna<4,>=2.5 in /home/runner/venvs/common/lib/python3.12/site-packages (from requests<3.0.0,>=2.25->conan==2.28.1) (3.11)
2026-07-27T15:15:40.8896932Z Requirement already satisfied: certifi>=2023.5.7 in /home/runner/venvs/common/lib/python3.12/site-packages (from requests<3.0.0,>=2.25->conan==2.28.1) (2026.2.25)
2026-07-27T15:15:41.3110869Z ##[group]Run echo "conan-home=$(conan config home)" >> $GITHUB_OUTPUT
2026-07-27T15:15:41.3111403Z [36;1mecho "conan-home=$(conan config home)" >> $GITHUB_OUTPUT[0m
2026-07-27T15:15:41.3145218Z shell: /usr/bin/bash --noprofile --norc -e -o pipefail {0}
2026-07-27T15:15:41.3145596Z env:
2026-07-27T15:15:41.3146165Z   CONAN_HOME: /home/runner/work/logcraft/logcraft/.conan2
2026-07-27T15:15:41.3146598Z ##[endgroup]
2026-07-27T15:15:41.5223324Z ##[group]Run set -euo pipefail
2026-07-27T15:15:41.5223696Z [36;1mset -euo pipefail[0m
2026-07-27T15:15:41.5224091Z [36;1m# The profile + global.conf live ONCE in this toolchain repo (no per-repo vendored copy).[0m
2026-07-27T15:15:41.5225386Z [36;1m# Stage both into the workspace under .malf-toolchain/ so the cache key below hashes them[0m
2026-07-27T15:15:41.5226466Z [36;1m# (hashFiles is workspace-relative); they are installed into $CONAN_HOME in the step after[0m
2026-07-27T15:15:41.5227112Z [36;1m# cache. global.conf carries the package_id policy — hashing it means a policy change (e.g.[0m
2026-07-27T15:15:41.5227703Z [36;1m# a package_id mode) BUSTS the binary cache (its package_ids are recomputed anyway), and the[0m
2026-07-27T15:15:41.5228251Z [36;1m# post-cache install below OVERWRITES a stale cached copy. Without this a PERSISTENT/restored[0m
2026-07-27T15:15:41.5228886Z [36;1m# conan home shadows the policy forever (the stale-binary ABI-skew segfault, bugs.md 2026-07-10).[0m
2026-07-27T15:15:41.5231233Z [36;1mmkdir -p "$GITHUB_WORKSPACE/.malf-toolchain"[0m
2026-07-27T15:15:41.5231691Z [36;1mcp "$ACTION_PATH/../../../profiles/$PROFILE" "$GITHUB_WORKSPACE/.malf-toolchain/$PROFILE"[0m
2026-07-27T15:15:41.5232807Z [36;1mcp "$ACTION_PATH/../../../global.conf" "$GITHUB_WORKSPACE/.malf-toolchain/global.conf"[0m
2026-07-27T15:15:41.5269600Z shell: /usr/bin/bash --noprofile --norc -e -o pipefail {0}
2026-07-27T15:15:41.5269944Z env:
2026-07-27T15:15:41.5271357Z   CONAN_HOME: /home/runner/work/logcraft/logcraft/.conan2
2026-07-27T15:15:41.5271789Z   PROFILE: linux-gcc15-release
2026-07-27T15:15:41.5273470Z   ACTION_PATH: /home/runner/work/_actions/CodeRoasted/malf-toolchain/main/.github/actions/setup-build-env
2026-07-27T15:15:41.5274069Z ##[endgroup]
2026-07-27T15:15:41.9132477Z ##[group]Run actions/cache@v5
2026-07-27T15:15:41.9132801Z with:
2026-07-27T15:15:41.9133208Z   path: /home/runner/work/logcraft/logcraft/.conan2
2026-07-27T15:15:41.9133801Z   key: conan-gcc153-Linux-bd4c223fc427e699bca50edf33ff1aca2e46ae85773d14d30563ca5045b7446e
2026-07-27T15:15:41.9134249Z   restore-keys: conan-gcc153-Linux-

2026-07-27T15:15:41.9134565Z   enableCrossOsArchive: false
2026-07-27T15:15:41.9134917Z   fail-on-cache-miss: false
2026-07-27T15:15:41.9135224Z   lookup-only: false
2026-07-27T15:15:41.9135509Z   save-always: false
2026-07-27T15:15:41.9135786Z env:
2026-07-27T15:15:41.9136143Z   CONAN_HOME: /home/runner/work/logcraft/logcraft/.conan2
2026-07-27T15:15:41.9136571Z ##[endgroup]
2026-07-27T15:15:42.4518513Z Cache hit for restore-key: conan-gcc153-Linux-917cf3919724f80ae706f68b2a43634c05716645a69799fdc143e115ff4c3ec8
2026-07-27T15:15:43.9351302Z Received 0 of 524373486 (0.0%), 0.0 MBs/sec
2026-07-27T15:15:44.9350590Z Received 0 of 524373486 (0.0%), 0.0 MBs/sec
2026-07-27T15:15:45.9354278Z Received 0 of 524373486 (0.0%), 0.0 MBs/sec
2026-07-27T15:15:46.9349887Z Received 0 of 524373486 (0.0%), 0.0 MBs/sec
2026-07-27T15:15:47.9357290Z Received 4194304 of 524373486 (0.8%), 0.8 MBs/sec
2026-07-27T15:15:48.9358152Z Received 12582912 of 524373486 (2.4%), 2.0 MBs/sec
2026-07-27T15:15:49.9350556Z Received 20971520 of 524373486 (4.0%), 2.9 MBs/sec
2026-07-27T15:15:50.9351042Z Received 20971520 of 524373486 (4.0%), 2.5 MBs/sec
2026-07-27T15:15:51.9352167Z Received 29360128 of 524373486 (5.6%), 3.1 MBs/sec
2026-07-27T15:15:52.9350780Z Received 33554432 of 524373486 (6.4%), 3.2 MBs/sec
2026-07-27T15:15:53.9349507Z Received 41943040 of 524373486 (8.0%), 3.6 MBs/sec
2026-07-27T15:15:54.9357920Z Received 46137344 of 524373486 (8.8%), 3.7 MBs/sec
2026-07-27T15:15:55.9352472Z Received 54525952 of 524373486 (10.4%), 4.0 MBs/sec
2026-07-27T15:15:56.9350001Z Received 58720256 of 524373486 (11.2%), 4.0 MBs/sec
2026-07-27T15:15:57.9352562Z Received 58720256 of 524373486 (11.2%), 3.7 MBs/sec
2026-07-27T15:15:58.9350301Z Received 58720256 of 524373486 (11.2%), 3.5 MBs/sec
2026-07-27T15:15:59.9355975Z Received 79691776 of 524373486 (15.2%), 4.5 MBs/sec
2026-07-27T15:16:00.9357197Z Received 79691776 of 524373486 (15.2%), 4.2 MBs/sec
2026-07-27T15:16:01.9357532Z Received 79691776 of 524373486 (15.2%), 4.0 MBs/sec
2026-07-27T15:16:02.9353439Z Received 88080384 of 524373486 (16.8%), 4.2 MBs/sec
2026-07-27T15:16:03.9351248Z Received 88080384 of 524373486 (16.8%), 4.0 MBs/sec
2026-07-27T15:16:04.9351138Z Received 100663296 of 524373486 (19.2%), 4.4 MBs/sec
2026-07-27T15:16:05.9354477Z Received 104857600 of 524373486 (20.0%), 4.3 MBs/sec
2026-07-27T15:16:06.9358600Z Received 109051904 of 524373486 (20.8%), 4.3 MBs/sec
2026-07-27T15:16:07.9350968Z Received 113246208 of 524373486 (21.6%), 4.3 MBs/sec
2026-07-27T15:16:08.9351656Z Received 125829120 of 524373486 (24.0%), 4.6 MBs/sec
2026-07-27T15:16:09.9353962Z Received 134217728 of 524373486 (25.6%), 4.7 MBs/sec
2026-07-27T15:16:10.9349483Z Received 134217728 of 524373486 (25.6%), 4.6 MBs/sec
2026-07-27T15:16:11.9356723Z Received 134217728 of 524373486 (25.6%), 4.4 MBs/sec
2026-07-27T15:16:12.9350613Z Received 134217728 of 524373486 (25.6%), 4.3 MBs/sec
2026-07-27T15:16:13.9351158Z Received 142606336 of 524373486 (27.2%), 4.4 MBs/sec
2026-07-27T15:16:14.9351391Z Received 142606336 of 524373486 (27.2%), 4.3 MBs/sec
2026-07-27T15:16:15.9353178Z Received 146800640 of 524373486 (28.0%), 4.2 MBs/sec
2026-07-27T15:16:16.9355744Z Received 155189248 of 524373486 (29.6%), 4.4 MBs/sec
2026-07-27T15:16:17.9350967Z Received 159383552 of 524373486 (30.4%), 4.3 MBs/sec
2026-07-27T15:16:18.9355132Z Received 163577856 of 524373486 (31.2%), 4.3 MBs/sec
2026-07-27T15:16:19.9350996Z Received 167772160 of 524373486 (32.0%), 4.3 MBs/sec
2026-07-27T15:16:20.9350910Z Received 184549376 of 524373486 (35.2%), 4.6 MBs/sec
2026-07-27T15:16:21.9350091Z Received 184549376 of 524373486 (35.2%), 4.5 MBs/sec
2026-07-27T15:16:22.9359601Z Received 184549376 of 524373486 (35.2%), 4.4 MBs/sec
2026-07-27T15:16:23.9360140Z Received 188743680 of 524373486 (36.0%), 4.4 MBs/sec
2026-07-27T15:16:24.9360415Z Received 197132288 of 524373486 (37.6%), 4.5 MBs/sec
2026-07-27T15:16:25.9362518Z Received 197132288 of 524373486 (37.6%), 4.4 MBs/sec
2026-07-27T15:16:26.9363543Z Received 205520896 of 524373486 (39.2%), 4.5 MBs/sec
2026-07-27T15:16:27.9361169Z Received 205520896 of 524373486 (39.2%), 4.4 MBs/sec
2026-07-27T15:16:28.9367314Z Received 218103808 of 524373486 (41.6%), 4.5 MBs/sec
2026-07-27T15:16:29.9363888Z Received 226492416 of 524373486 (43.2%), 4.6 MBs/sec
2026-07-27T15:16:30.9360557Z Received 230686720 of 524373486 (44.0%), 4.6 MBs/sec
2026-07-27T15:16:31.9361228Z Received 234881024 of 524373486 (44.8%), 4.6 MBs/sec
2026-07-27T15:16:32.9360305Z Received 234881024 of 524373486 (44.8%), 4.5 MBs/sec
2026-07-27T15:16:33.9360731Z Received 239075328 of 524373486 (45.6%), 4.5 MBs/sec
2026-07-27T15:16:34.9360876Z Received 251658240 of 524373486 (48.0%), 4.6 MBs/sec
2026-07-27T15:16:35.9361297Z Received 264241152 of 524373486 (50.4%), 4.8 MBs/sec
2026-07-27T15:16:36.9360956Z Received 268435456 of 524373486 (51.2%), 4.7 MBs/sec
2026-07-27T15:16:37.9360272Z Received 268435456 of 524373486 (51.2%), 4.7 MBs/sec
2026-07-27T15:16:38.9361163Z Received 268435456 of 524373486 (51.2%), 4.6 MBs/sec
2026-07-27T15:16:39.9361092Z Received 272629760 of 524373486 (52.0%), 4.6 MBs/sec
2026-07-27T15:16:40.9360382Z Received 276824064 of 524373486 (52.8%), 4.6 MBs/sec
2026-07-27T15:16:41.9359989Z Received 281018368 of 524373486 (53.6%), 4.5 MBs/sec
2026-07-27T15:16:42.9362091Z Received 289406976 of 524373486 (55.2%), 4.6 MBs/sec
2026-07-27T15:16:43.9369744Z Received 297795584 of 524373486 (56.8%), 4.7 MBs/sec
2026-07-27T15:16:44.9369985Z Received 301989888 of 524373486 (57.6%), 4.6 MBs/sec
2026-07-27T15:16:45.9378114Z Received 301989888 of 524373486 (57.6%), 4.6 MBs/sec
2026-07-27T15:16:46.9369733Z Received 301989888 of 524373486 (57.6%), 4.5 MBs/sec
2026-07-27T15:16:47.9369770Z Received 310378496 of 524373486 (59.2%), 4.6 MBs/sec
2026-07-27T15:16:48.9378520Z Received 314572800 of 524373486 (60.0%), 4.5 MBs/sec
2026-07-27T15:16:49.9373062Z Received 327155712 of 524373486 (62.4%), 4.7 MBs/sec
2026-07-27T15:16:50.9371198Z Received 335544320 of 524373486 (64.0%), 4.7 MBs/sec
2026-07-27T15:16:51.9369911Z Received 343932928 of 524373486 (65.6%), 4.8 MBs/sec
2026-07-27T15:16:52.9375457Z Received 343932928 of 524373486 (65.6%), 4.7 MBs/sec
2026-07-27T15:16:53.9371328Z Received 348127232 of 524373486 (66.4%), 4.7 MBs/sec
2026-07-27T15:16:54.9375390Z Received 352321536 of 524373486 (67.2%), 4.7 MBs/sec
2026-07-27T15:16:55.9372601Z Received 360710144 of 524373486 (68.8%), 4.7 MBs/sec
2026-07-27T15:16:56.9372205Z Received 364904448 of 524373486 (69.6%), 4.7 MBs/sec
2026-07-27T15:16:57.9369872Z Received 373293056 of 524373486 (71.2%), 4.7 MBs/sec
2026-07-27T15:16:58.9370919Z Received 373293056 of 524373486 (71.2%), 4.7 MBs/sec
2026-07-27T15:16:59.9378577Z Received 381681664 of 524373486 (72.8%), 4.7 MBs/sec
2026-07-27T15:17:00.9370910Z Received 394264576 of 524373486 (75.2%), 4.8 MBs/sec
2026-07-27T15:17:01.9379222Z Received 402653184 of 524373486 (76.8%), 4.9 MBs/sec
2026-07-27T15:17:02.9379644Z Received 402653184 of 524373486 (76.8%), 4.8 MBs/sec
2026-07-27T15:17:03.9384799Z Received 402653184 of 524373486 (76.8%), 4.7 MBs/sec
2026-07-27T15:17:04.9379545Z Received 406847488 of 524373486 (77.6%), 4.7 MBs/sec
2026-07-27T15:17:05.9383207Z Received 411041792 of 524373486 (78.4%), 4.7 MBs/sec
2026-07-27T15:17:06.9384418Z Received 411041792 of 524373486 (78.4%), 4.7 MBs/sec
2026-07-27T15:17:07.9381484Z Received 419430400 of 524373486 (80.0%), 4.7 MBs/sec
2026-07-27T15:17:08.9380611Z Received 436207616 of 524373486 (83.2%), 4.8 MBs/sec
2026-07-27T15:17:09.9381693Z Received 436207616 of 524373486 (83.2%), 4.8 MBs/sec
2026-07-27T15:17:10.9381280Z Received 436207616 of 524373486 (83.2%), 4.7 MBs/sec
2026-07-27T15:17:11.9382339Z Received 440401920 of 524373486 (84.0%), 4.7 MBs/sec
2026-07-27T15:17:12.9382975Z Received 448790528 of 524373486 (85.6%), 4.8 MBs/sec
2026-07-27T15:17:13.9381903Z Received 457179136 of 524373486 (87.2%), 4.8 MBs/sec
2026-07-27T15:17:14.9380642Z Received 461373440 of 524373486 (88.0%), 4.8 MBs/sec
2026-07-27T15:17:15.9379653Z Received 469762048 of 524373486 (89.6%), 4.8 MBs/sec
2026-07-27T15:17:16.9381330Z Received 469762048 of 524373486 (89.6%), 4.8 MBs/sec
2026-07-27T15:17:17.9380741Z Received 478150656 of 524373486 (91.2%), 4.8 MBs/sec
2026-07-27T15:17:18.9381301Z Received 478150656 of 524373486 (91.2%), 4.7 MBs/sec
2026-07-27T15:17:19.9380938Z Received 478150656 of 524373486 (91.2%), 4.7 MBs/sec
2026-07-27T15:17:20.9379843Z Received 494927872 of 524373486 (94.4%), 4.8 MBs/sec
2026-07-27T15:17:21.9380846Z Received 499122176 of 524373486 (95.2%), 4.8 MBs/sec
2026-07-27T15:17:22.9380437Z Received 503401966 of 524373486 (96.0%), 4.8 MBs/sec
2026-07-27T15:17:23.9380521Z Received 515984878 of 524373486 (98.4%), 4.9 MBs/sec
2026-07-27T15:17:24.9383197Z Received 520179182 of 524373486 (99.2%), 4.9 MBs/sec
2026-07-27T15:17:25.9385014Z Received 520179182 of 524373486 (99.2%), 4.8 MBs/sec
2026-07-27T15:17:26.6352634Z Received 524373486 of 524373486 (100.0%), 4.8 MBs/sec
2026-07-27T15:17:26.6452077Z Cache Size: ~500 MB (524373486 B)
2026-07-27T15:17:26.6696266Z [command]/usr/bin/tar -xf /home/runner/work/_temp/70b4d7fd-39bf-4a5d-b48d-5d7e97022bd0/cache.tzst -P -C /home/runner/work/logcraft/logcraft --use-compress-program unzstd
2026-07-27T15:17:34.5730186Z Cache restored successfully
2026-07-27T15:17:34.7290788Z Cache restored from key: conan-gcc153-Linux-917cf3919724f80ae706f68b2a43634c05716645a69799fdc143e115ff4c3ec8
2026-07-27T15:17:34.7747784Z ##[group]Run set -euo pipefail
2026-07-27T15:17:34.7748014Z [36;1mset -euo pipefail[0m
2026-07-27T15:17:34.7748200Z [36;1mmkdir -p "$CONAN_HOME/profiles"[0m
2026-07-27T15:17:34.7748518Z [36;1mcp "$GITHUB_WORKSPACE/.malf-toolchain/$PROFILE" "$CONAN_HOME/profiles/$PROFILE"[0m
2026-07-27T15:17:34.7748980Z [36;1m# OVERWRITE global.conf from the source of truth — a cache-restored home may carry a stale[0m
2026-07-27T15:17:34.7749436Z [36;1m# copy (seeded before the current policy). This is the CI counterpart of the malf script's[0m
2026-07-27T15:17:34.7750089Z [36;1m# _malf_sync_global_conf; the package_id policy must always match the in-tree global.conf.[0m
2026-07-27T15:17:34.7750515Z [36;1mcp "$GITHUB_WORKSPACE/.malf-toolchain/global.conf" "$CONAN_HOME/global.conf"[0m
2026-07-27T15:17:34.7782215Z shell: /usr/bin/bash --noprofile --norc -e -o pipefail {0}
2026-07-27T15:17:34.7782448Z env:
2026-07-27T15:17:34.7782667Z   CONAN_HOME: /home/runner/work/logcraft/logcraft/.conan2
2026-07-27T15:17:34.7782943Z   PROFILE: linux-gcc15-release
2026-07-27T15:17:34.7783242Z ##[endgroup]
2026-07-27T15:17:34.7928067Z ##[group]Run CodeRoasted/malf-toolchain/.github/actions/coderoast-vendor@main
2026-07-27T15:17:34.7928320Z with:
2026-07-27T15:17:34.7929044Z   vendor: coderoast_ipc_core      1.8.4 CodeRoasted/coderoast-ipc public
coderoast_ipc_producer  1.8.4 CodeRoasted/coderoast-ipc public
coderoast_ipc_consumer  1.8.4 CodeRoasted/coderoast-ipc public
insight_canon           1.8.4 CodeRoasted/insight-canon public
insight_semantic_github 1.8.4 CodeRoasted/insight-canon public

2026-07-27T15:17:34.7931359Z   github-token: ***
2026-07-27T15:17:34.7931506Z env:
2026-07-27T15:17:34.7931716Z   CONAN_HOME: /home/runner/work/logcraft/logcraft/.conan2
2026-07-27T15:17:34.7931980Z ##[endgroup]
2026-07-27T15:17:34.7947511Z ##[group]Run set -euo pipefail
2026-07-27T15:17:34.7947720Z [36;1mset -euo pipefail[0m
2026-07-27T15:17:34.7948009Z [36;1m# Restore each declared cross-repo dep from its GitHub Release, choosing the token by declared[0m
2026-07-27T15:17:34.7948573Z [36;1m# visibility (public -> GITHUB_TOKEN; private -> CR_RELEASE_TOKEN). The fetch script is[0m
2026-07-27T15:17:34.7948983Z [36;1m# single-sourced with this action (no per-repo copy) and is itself idempotent.[0m
2026-07-27T15:17:34.7949273Z [36;1mwhile IFS= read -r row; do[0m
2026-07-27T15:17:34.7949497Z [36;1m  row="${row%%#*}"                                 # strip trailing comments[0m
2026-07-27T15:17:34.7949820Z [36;1m  # shellcheck disable=SC2086                       # intentional word-split of the manifest row[0m
2026-07-27T15:17:34.7950481Z [36;1m  set -- $row[0m
2026-07-27T15:17:34.7950719Z [36;1m  [ "$#" -ge 1 ] || continue                       # skip blank / comment-only lines[0m
2026-07-27T15:17:34.7950972Z [36;1m  if [ "$#" -lt 4 ]; then[0m
2026-07-27T15:17:34.7951274Z [36;1m    echo "::error::vendor row needs >=4 fields '<pkg> <ver> <owner/repo> <public|private> [tag]', got: $row"[0m
2026-07-27T15:17:34.7951614Z [36;1m    exit 1[0m
2026-07-27T15:17:34.7951753Z [36;1m  fi[0m
2026-07-27T15:17:34.7951918Z [36;1m  pkg="$1"; ver="$2"; repo="$3"; vis="$4"; tag="${5:-}"[0m
2026-07-27T15:17:34.7952123Z [36;1m  case "$vis" in[0m
2026-07-27T15:17:34.7952517Z [36;1m    public)  tok="$GH_PUBLIC_TOKEN" ;;[0m
2026-07-27T15:17:34.7952721Z [36;1m    private) tok="$GH_RELEASE_TOKEN" ;;[0m
2026-07-27T15:17:34.7953028Z [36;1m    *) echo "::error::vendor row '$pkg' has bad visibility '$vis' (want public|private)"; exit 1 ;;[0m
2026-07-27T15:17:34.7953316Z [36;1m  esac[0m
2026-07-27T15:17:34.7953451Z [36;1m  if [ -z "$tok" ]; then[0m
2026-07-27T15:17:34.7953718Z [36;1m    echo "::error::vendor row '$pkg' is '$vis' but coderoast-vendor got no ${vis}-token"; exit 1[0m
2026-07-27T15:17:34.7953988Z [36;1m  fi[0m
2026-07-27T15:17:34.7954183Z [36;1m  echo "coderoast-vendor: vendoring $pkg/$ver from $repo ($vis)"[0m
2026-07-27T15:17:34.7954485Z [36;1m  GH_TOKEN="$tok" bash "$CIFETCH" "$pkg" "$ver" "$repo" ${tag:+"$tag"}[0m
2026-07-27T15:17:34.7954716Z [36;1mdone <<< "$VENDOR"[0m
2026-07-27T15:17:34.7984334Z shell: /usr/bin/bash --noprofile --norc -e -o pipefail {0}
2026-07-27T15:17:34.7984552Z env:
2026-07-27T15:17:34.7984767Z   CONAN_HOME: /home/runner/work/logcraft/logcraft/.conan2
2026-07-27T15:17:34.7985602Z   VENDOR: coderoast_ipc_core      1.8.4 CodeRoasted/coderoast-ipc public
coderoast_ipc_producer  1.8.4 CodeRoasted/coderoast-ipc public
coderoast_ipc_consumer  1.8.4 CodeRoasted/coderoast-ipc public
insight_canon           1.8.4 CodeRoasted/insight-canon public
insight_semantic_github 1.8.4 CodeRoasted/insight-canon public

2026-07-27T15:17:34.7989056Z   GH_PUBLIC_TOKEN: ***
2026-07-27T15:17:34.7989264Z   GH_RELEASE_TOKEN: 
2026-07-27T15:17:34.7989664Z   CIFETCH: /home/runner/work/_actions/CodeRoasted/malf-toolchain/main/.github/actions/coderoast-vendor/ci_fetch_conan_package.sh
2026-07-27T15:17:34.7990076Z ##[endgroup]
2026-07-27T15:17:34.8039188Z coderoast-vendor: vendoring coderoast_ipc_core/1.8.4 from CodeRoasted/coderoast-ipc (public)
2026-07-27T15:17:35.0059668Z ci_fetch_conan_package: downloading coderoast_ipc_core-1.8.4.tgz from CodeRoasted/coderoast-ipc@v1.8.4
2026-07-27T15:17:35.8583347Z ci_fetch_conan_package: restoring /tmp/ci_fetch_conan_package.QGplUb/coderoast_ipc_core-1.8.4.tgz into CONAN_HOME=/home/runner/work/logcraft/logcraft/.conan2
2026-07-27T15:17:36.0631051Z Restore: coderoast_ipc_core/1.8.4 in coder7336885a6a19d
2026-07-27T15:17:36.0685450Z Restore: coderoast_ipc_core/1.8.4:976572dde09ae4802a96a09ed547708e031572ad in b/codere7e1519f5bf8f/p
2026-07-27T15:17:36.0686357Z Restore: coderoast_ipc_core/1.8.4:976572dde09ae4802a96a09ed547708e031572ad metadata in b/codere7e1519f5bf8f/d/metadata
2026-07-27T15:17:36.0988142Z ci_fetch_conan_package: coderoast_ipc_core/1.8.4 vendored OK
2026-07-27T15:17:36.1016442Z coderoast-vendor: vendoring coderoast_ipc_producer/1.8.4 from CodeRoasted/coderoast-ipc (public)
2026-07-27T15:17:36.2999583Z ci_fetch_conan_package: downloading coderoast_ipc_producer-1.8.4.tgz from CodeRoasted/coderoast-ipc@v1.8.4
2026-07-27T15:17:37.1599354Z ci_fetch_conan_package: restoring /tmp/ci_fetch_conan_package.XwODjH/coderoast_ipc_producer-1.8.4.tgz into CONAN_HOME=/home/runner/work/logcraft/logcraft/.conan2
2026-07-27T15:17:37.3539053Z Restore: coderoast_ipc_producer/1.8.4 in coder9271fdd1aa52a
2026-07-27T15:17:37.3593812Z Restore: coderoast_ipc_producer/1.8.4:6ace73e26b8b2f52d30b212418da05663bfbc664 in b/coder5966209b8dfd5/p
2026-07-27T15:17:37.3594399Z Restore: coderoast_ipc_producer/1.8.4:6ace73e26b8b2f52d30b212418da05663bfbc664 metadata in b/coder5966209b8dfd5/d/metadata
2026-07-27T15:17:37.3894474Z ci_fetch_conan_package: coderoast_ipc_producer/1.8.4 vendored OK
2026-07-27T15:17:37.3916591Z coderoast-vendor: vendoring coderoast_ipc_consumer/1.8.4 from CodeRoasted/coderoast-ipc (public)
2026-07-27T15:17:37.5967846Z ci_fetch_conan_package: downloading coderoast_ipc_consumer-1.8.4.tgz from CodeRoasted/coderoast-ipc@v1.8.4
2026-07-27T15:17:38.4716166Z ci_fetch_conan_package: restoring /tmp/ci_fetch_conan_package.FGmXJ5/coderoast_ipc_consumer-1.8.4.tgz into CONAN_HOME=/home/runner/work/logcraft/logcraft/.conan2
2026-07-27T15:17:38.6715432Z Restore: coderoast_ipc_consumer/1.8.4 in coderfb176a0a634d7
2026-07-27T15:17:38.6767198Z Restore: coderoast_ipc_consumer/1.8.4:6ace73e26b8b2f52d30b212418da05663bfbc664 in b/coder46e52506e8876/p
2026-07-27T15:17:38.6767768Z Restore: coderoast_ipc_consumer/1.8.4:6ace73e26b8b2f52d30b212418da05663bfbc664 metadata in b/coder46e52506e8876/d/metadata
2026-07-27T15:17:38.7054703Z ci_fetch_conan_package: coderoast_ipc_consumer/1.8.4 vendored OK
2026-07-27T15:17:38.7073500Z coderoast-vendor: vendoring insight_canon/1.8.4 from CodeRoasted/insight-canon (public)
2026-07-27T15:17:38.9052968Z ci_fetch_conan_package: downloading insight_canon-1.8.4.tgz from CodeRoasted/insight-canon@v1.8.4
2026-07-27T15:17:40.1605609Z ci_fetch_conan_package: restoring /tmp/ci_fetch_conan_package.QUGwPq/insight_canon-1.8.4.tgz into CONAN_HOME=/home/runner/work/logcraft/logcraft/.conan2
2026-07-27T15:17:40.3872873Z Restore: insight_canon/1.8.4 in insigec85dbe7bddd4
2026-07-27T15:17:40.3929391Z Restore: insight_canon/1.8.4:b78615a5f087d90c3deb764e78f1e3407b351ad5 in b/insig81864d630086e/p
2026-07-27T15:17:40.3929896Z Restore: insight_canon/1.8.4:b78615a5f087d90c3deb764e78f1e3407b351ad5 metadata in b/insig81864d630086e/d/metadata
2026-07-27T15:17:40.4226923Z ci_fetch_conan_package: insight_canon/1.8.4 vendored OK
2026-07-27T15:17:40.4249810Z coderoast-vendor: vendoring insight_semantic_github/1.8.4 from CodeRoasted/insight-canon (public)
2026-07-27T15:17:40.6236529Z ci_fetch_conan_package: downloading insight_semantic_github-1.8.4.tgz from CodeRoasted/insight-canon@v1.8.4
2026-07-27T15:17:41.4602949Z ci_fetch_conan_package: restoring /tmp/ci_fetch_conan_package.YPPtQ8/insight_semantic_github-1.8.4.tgz into CONAN_HOME=/home/runner/work/logcraft/logcraft/.conan2
2026-07-27T15:17:41.6396409Z Restore: insight_semantic_github/1.8.4 in insig563739c2e6ae7
2026-07-27T15:17:41.6447260Z Restore: insight_semantic_github/1.8.4:f1e532c5052271dbc671c8576c5d2ac5c1635456 in b/insig72673bc51ce93/p
2026-07-27T15:17:41.6447823Z Restore: insight_semantic_github/1.8.4:f1e532c5052271dbc671c8576c5d2ac5c1635456 metadata in b/insig72673bc51ce93/d/metadata
2026-07-27T15:17:41.6741493Z ci_fetch_conan_package: insight_semantic_github/1.8.4 vendored OK
2026-07-27T15:17:41.6782115Z ##[group]Run : > "$GITHUB_WORKSPACE/build.log"
2026-07-27T15:17:41.6782357Z [36;1m: > "$GITHUB_WORKSPACE/build.log"[0m
2026-07-27T15:17:41.6812144Z shell: /usr/bin/bash --noprofile --norc -e -o pipefail {0}
2026-07-27T15:17:41.6812369Z env:
2026-07-27T15:17:41.6812594Z   CONAN_HOME: /home/runner/work/logcraft/logcraft/.conan2
2026-07-27T15:17:41.6812852Z ##[endgroup]
2026-07-27T15:17:41.6880364Z ##[group]Run set -euo pipefail
2026-07-27T15:17:41.6880571Z [36;1mset -euo pipefail[0m
2026-07-27T15:17:41.6880877Z [36;1m# Build each declared module in order through the single-sourced per-module logic (shared with[0m
2026-07-27T15:17:41.6881322Z [36;1m# the conan-module action). A composite cannot loop a `uses:` step, so the loop calls the[0m
2026-07-27T15:17:41.6881742Z [36;1m# script directly; `set -e` aborts on the first failing module (which the script has already[0m
2026-07-27T15:17:41.6882077Z [36;1m# post-mortemed) exactly as separate steps would.[0m
2026-07-27T15:17:41.6882315Z [36;1mwhile IFS= read -r row; do[0m
2026-07-27T15:17:41.6882488Z [36;1m  row="${row%%#*}"[0m
2026-07-27T15:17:41.6882667Z [36;1m  # shellcheck disable=SC2086[0m
2026-07-27T15:17:41.6882845Z [36;1m  set -- $row[0m
2026-07-27T15:17:41.6882997Z [36;1m  [ "$#" -ge 1 ] || continue[0m
2026-07-27T15:17:41.6883210Z [36;1m  module="$1"; test="${2:-true}"; create="${3:-true}"[0m
2026-07-27T15:17:41.6883504Z [36;1m  shift $(( $# < 3 ? $# : 3 ))   # any remaining fields are extra cmake configure flags[0m
2026-07-27T15:17:41.6883769Z [36;1m  cmake_args="$*"[0m
2026-07-27T15:17:41.6884076Z [36;1m  echo "::group::coderoast-ci: module $module (test=$test create=$create${cmake_args:+ cmake:$cmake_args})"[0m
2026-07-27T15:17:41.6884684Z [36;1m  bash "$CONAN_MODULE" "$module" "$test" "$create" "$PROFILE_NAME" "$cmake_args"[0m
2026-07-27T15:17:41.6884956Z [36;1m  echo "::endgroup::"[0m
2026-07-27T15:17:41.6885121Z [36;1mdone <<< "$MODULES"[0m
2026-07-27T15:17:41.6927293Z shell: /usr/bin/bash --noprofile --norc -e -o pipefail {0}
2026-07-27T15:17:41.6927555Z env:
2026-07-27T15:17:41.6927807Z   CONAN_HOME: /home/runner/work/logcraft/logcraft/.conan2
2026-07-27T15:17:41.6928104Z   MODULES: core
2026-07-27T15:17:41.6928272Z   PROFILE_NAME: linux-gcc15-release
2026-07-27T15:17:41.6928761Z   CONAN_MODULE: /home/runner/work/_actions/CodeRoasted/malf-toolchain/main/.github/actions/coderoast-ci/../conan-module/conan_module.sh
2026-07-27T15:17:41.6929481Z   MALF_LOCKFILE: /home/runner/work/_actions/CodeRoasted/malf-toolchain/main/.github/actions/coderoast-ci/../../../conan.lock
2026-07-27T15:17:41.6929924Z   MALF_LOCKFILE_PARTIAL: 0
2026-07-27T15:17:41.6930373Z   MALF_TOOLCHAIN_DIR: /home/runner/work/_actions/CodeRoasted/malf-toolchain/main/.github/actions/coderoast-ci/../../..
2026-07-27T15:17:41.6930822Z ##[endgroup]
2026-07-27T15:17:41.6979429Z ##[group]coderoast-ci: module core (test=true create=true)
2026-07-27T15:17:41.6996691Z conan_module: using lockfile /home/runner/work/_actions/CodeRoasted/malf-toolchain/main/.github/actions/coderoast-ci/../../../conan.lock --lockfile=/home/runner/work/_actions/CodeRoasted/malf-toolchain/main/.github/actions/coderoast-ci/../../../conan.lock
2026-07-27T15:17:41.8679744Z Using lockfile: '/home/runner/work/_actions/CodeRoasted/malf-toolchain/main/.github/actions/coderoast-ci/../../../conan.lock'
2026-07-27T15:17:41.8988929Z 
2026-07-27T15:17:41.8989247Z ======== Input profiles ========
2026-07-27T15:17:41.8989572Z Profile host:
2026-07-27T15:17:41.8989781Z [settings]
2026-07-27T15:17:41.8989957Z arch=x86_64
2026-07-27T15:17:41.8990130Z build_type=Release
2026-07-27T15:17:41.8990354Z compiler=gcc
2026-07-27T15:17:41.8990540Z compiler.cppstd=gnu23
2026-07-27T15:17:41.8990750Z compiler.libcxx=libstdc++11
2026-07-27T15:17:41.8990966Z compiler.version=15
2026-07-27T15:17:41.8991156Z os=Linux
2026-07-27T15:17:41.8991327Z [conf]
2026-07-27T15:17:41.8991527Z tools.build:cflags=['-O3', '-march=x86-64-v2']
2026-07-27T15:17:41.8991819Z tools.build:cxxflags=['-O3', '-march=x86-64-v2']
2026-07-27T15:17:41.8992179Z tools.build:exelinkflags=['-Wl,-rpath,/opt/gcc-15.3/lib64']
2026-07-27T15:17:41.8992542Z tools.build:sharedlinkflags=['-Wl,-rpath,/opt/gcc-15.3/lib64']
2026-07-27T15:17:41.8992859Z tools.cmake.cmakedeps:new=will_break_next
2026-07-27T15:17:41.8993208Z tools.info.package_id:confs=['tools.build:cflags', 'tools.build:cxxflags']
2026-07-27T15:17:41.8993569Z user.malf:editable_build_dir=build-gcc15-release
2026-07-27T15:17:41.8993837Z [buildenv]
2026-07-27T15:17:41.8994017Z CC=/opt/gcc-15.3/bin/gcc
2026-07-27T15:17:41.8994217Z CXX=/opt/gcc-15.3/bin/g++
2026-07-27T15:17:41.8994435Z LD_LIBRARY_PATH=/opt/gcc-15.3/lib64
2026-07-27T15:17:41.8994592Z 
2026-07-27T15:17:41.8994674Z Profile build:
2026-07-27T15:17:41.8994854Z [settings]
2026-07-27T15:17:41.8995019Z arch=x86_64
2026-07-27T15:17:41.8995195Z build_type=Release
2026-07-27T15:17:41.8995379Z compiler=gcc
2026-07-27T15:17:41.8995556Z compiler.cppstd=gnu23
2026-07-27T15:17:41.8995759Z compiler.libcxx=libstdc++11
2026-07-27T15:17:41.8995970Z compiler.version=15
2026-07-27T15:17:41.8996157Z os=Linux
2026-07-27T15:17:41.8996315Z [conf]
2026-07-27T15:17:41.8996510Z tools.build:cflags=['-O3', '-march=x86-64-v2']
2026-07-27T15:17:41.8996786Z tools.build:cxxflags=['-O3', '-march=x86-64-v2']
2026-07-27T15:17:41.8997245Z tools.build:exelinkflags=['-Wl,-rpath,/opt/gcc-15.3/lib64']
2026-07-27T15:17:41.8997594Z tools.build:sharedlinkflags=['-Wl,-rpath,/opt/gcc-15.3/lib64']
2026-07-27T15:17:41.8997904Z tools.cmake.cmakedeps:new=will_break_next
2026-07-27T15:17:41.8998247Z tools.info.package_id:confs=['tools.build:cflags', 'tools.build:cxxflags']
2026-07-27T15:17:41.8998937Z user.malf:editable_build_dir=build-gcc15-release
2026-07-27T15:17:41.8999185Z [buildenv]
2026-07-27T15:17:41.8999341Z CC=/opt/gcc-15.3/bin/gcc
2026-07-27T15:17:41.8999509Z CXX=/opt/gcc-15.3/bin/g++
2026-07-27T15:17:41.8999692Z LD_LIBRARY_PATH=/opt/gcc-15.3/lib64
2026-07-27T15:17:41.8999820Z 
2026-07-27T15:17:41.9000817Z 
2026-07-27T15:17:41.9001156Z ======== Computing dependency graph ========
2026-07-27T15:17:41.9089209Z cmake/4.4.0: Not found in local cache, looking in remotes...
2026-07-27T15:17:41.9089559Z cmake/4.4.0: Checking remote: conancenter
2026-07-27T15:17:41.9092058Z Connecting to remote 'conancenter' anonymously
2026-07-27T15:17:42.2134424Z cmake/4.4.0: Downloaded recipe revision a5dd5d73bd9fc56b0fc3163a04573dc8
2026-07-27T15:17:42.2346795Z Graph root
2026-07-27T15:17:42.2347159Z     conanfile.py (logcraft_core/1.8.4): /home/runner/work/logcraft/logcraft/core/conanfile.py
2026-07-27T15:17:42.2347529Z Requirements
2026-07-27T15:17:42.2347736Z     asio/1.36.0#baa8f04f3c2486ca00851c092ab6afb7 - Cache
2026-07-27T15:17:42.2348004Z     coderoast_ipc_core/1.8.4#12f3720a8e91235724270d7e3c457af3 - Cache
2026-07-27T15:17:42.2348290Z     coderoast_ipc_producer/1.8.4#886d10bbc05af2f48ae7bc70e11b8f67 - Cache
2026-07-27T15:17:42.2348824Z     fmt/12.1.0#50abab23274d56bb8f42c94b3b9a40c7 - Cache
2026-07-27T15:17:42.2349059Z     insight_canon/1.8.4#0da1b3be286600c91e9ced800394d36b - Cache
2026-07-27T15:17:42.2349347Z     insight_semantic_github/1.8.4#abab2e1a77ebfc173b7bd465cf196619 - Cache
2026-07-27T15:17:42.2349621Z     picosha2/1.0.0#61923b65ad21c4bccdc00d2be5709b58 - Cache
2026-07-27T15:17:42.2349856Z     simdjson/4.6.3#57b63b0965065041e5cd871f7973a026 - Cache
2026-07-27T15:17:42.2350085Z     spdlog/1.17.0#bcbaaf7147bda6ad24ffbd1ac3d7142c - Cache
2026-07-27T15:17:42.2350318Z     yaml-cpp/0.9.0#237a808ce73af0e5f32ba2834ae2baf0 - Cache
2026-07-27T15:17:42.2350516Z Test requirements
2026-07-27T15:17:42.2350723Z     benchmark/1.9.5#b885dc73ad67b40a55d45684d1c88ad1 - Cache
2026-07-27T15:17:42.2351069Z     coderoast_ipc_consumer/1.8.4#4cbc2c5fa7a83837a99dda2b262a2c05 - Cache
2026-07-27T15:17:42.2351338Z     gtest/1.17.0#5224b3b3ff3b4ce1133cbdd27d53ee7d - Cache
2026-07-27T15:17:42.2351538Z Build requirements
2026-07-27T15:17:42.2351756Z     cmake/4.4.0#a5dd5d73bd9fc56b0fc3163a04573dc8 - Downloaded (conancenter)
2026-07-27T15:17:42.2351939Z 
2026-07-27T15:17:42.2352020Z ======== Computing necessary packages ========
2026-07-27T15:17:42.2768950Z Requirements
2026-07-27T15:17:42.2769363Z     asio/1.36.0#baa8f04f3c2486ca00851c092ab6afb7:da39a3ee5e6b4b0d3255bfef95601890afd80709#c02fdd2b35b8e2b48197b1749056e852 - Cache
2026-07-27T15:17:42.2769955Z     coderoast_ipc_core/1.8.4#12f3720a8e91235724270d7e3c457af3:976572dde09ae4802a96a09ed547708e031572ad#49b2f75b69fd6f823369b8548f7cced8 - Cache
2026-07-27T15:17:42.2770570Z     coderoast_ipc_producer/1.8.4#886d10bbc05af2f48ae7bc70e11b8f67:6ace73e26b8b2f52d30b212418da05663bfbc664#7bc005aeda370098b9845f63f6babf1b - Cache
2026-07-27T15:17:42.2771180Z     fmt/12.1.0#50abab23274d56bb8f42c94b3b9a40c7:ad913eb4f99fc875fffba787e4d80fce29a7f765#39be80cf5ecb8caac2c37f8baa122a79 - Cache
2026-07-27T15:17:42.2771809Z     insight_canon/1.8.4#0da1b3be286600c91e9ced800394d36b:b78615a5f087d90c3deb764e78f1e3407b351ad5#a2ae516ceae922196ec93e5d1cff6218 - Cache
2026-07-27T15:17:42.2772405Z     insight_semantic_github/1.8.4#abab2e1a77ebfc173b7bd465cf196619:f1e532c5052271dbc671c8576c5d2ac5c1635456#8bff92298fc4128dc3f55f9cd43f327d - Cache
2026-07-27T15:17:42.2772982Z     picosha2/1.0.0#61923b65ad21c4bccdc00d2be5709b58:da39a3ee5e6b4b0d3255bfef95601890afd80709#1e86527276bd819290d3531c62615e33 - Cache
2026-07-27T15:17:42.2773514Z     simdjson/4.6.3#57b63b0965065041e5cd871f7973a026:5d1991fbda5f8e42ea0b1fc45dc1f0e08c876862#aaf343449055f180a80e0c56dcf203ea - Cache
2026-07-27T15:17:42.2774050Z     spdlog/1.17.0#bcbaaf7147bda6ad24ffbd1ac3d7142c:dc97e1c73da307d48b15663ff835c7139057ef19#e7174d4ea12a233dcd7fd45c2d9f83d0 - Cache
2026-07-27T15:17:42.2774862Z     yaml-cpp/0.9.0#237a808ce73af0e5f32ba2834ae2baf0:5bcc2325ae24c87a0dbda9fe98b25099fcbadab3#6a44f4e7c342438a031fda01b4b1f46c - Cache
2026-07-27T15:17:42.2775219Z Test requirements
2026-07-27T15:17:42.2775554Z     benchmark/1.9.5#b885dc73ad67b40a55d45684d1c88ad1:450ef64ba4e985ecaa322e7110fecc37f5ba874b#1c54c10c0928d8cc7bd3bdf8b505041a - Cache
2026-07-27T15:17:42.2776139Z     coderoast_ipc_consumer/1.8.4#4cbc2c5fa7a83837a99dda2b262a2c05:6ace73e26b8b2f52d30b212418da05663bfbc664#0d73192167de29e90ddf7be13ae774f7 - Cache
2026-07-27T15:17:42.2776718Z     gtest/1.17.0#5224b3b3ff3b4ce1133cbdd27d53ee7d:2408b5402882dc2df22863610623b66506a4870c#e19edae35da6f5681ecfc11e8f6ed87a - Cache
2026-07-27T15:17:42.2777145Z Build requirements
2026-07-27T15:17:42.2777285Z Skipped binaries
2026-07-27T15:17:42.2777417Z     cmake/4.4.0
2026-07-27T15:17:42.2777497Z 
2026-07-27T15:17:42.2777573Z ======== Installing packages ========
2026-07-27T15:17:42.2777796Z asio/1.36.0: Already installed! (1 of 13)
2026-07-27T15:17:42.2778606Z fmt/12.1.0: Already installed! (2 of 13)
2026-07-27T15:17:42.2782265Z picosha2/1.0.0: Already installed! (3 of 13)
2026-07-27T15:17:42.2784499Z simdjson/4.6.3: Already installed! (4 of 13)
2026-07-27T15:17:42.2787192Z yaml-cpp/0.9.0: Already installed! (5 of 13)
2026-07-27T15:17:42.2790585Z benchmark/1.9.5: Already installed! (6 of 13)
2026-07-27T15:17:42.2793033Z gtest/1.17.0: Already installed! (7 of 13)
2026-07-27T15:17:42.2795705Z coderoast_ipc_core/1.8.4: Already installed! (8 of 13)
2026-07-27T15:17:42.2798113Z spdlog/1.17.0: Already installed! (9 of 13)
2026-07-27T15:17:42.2800722Z coderoast_ipc_consumer/1.8.4: Already installed! (10 of 13)
2026-07-27T15:17:42.2803164Z coderoast_ipc_producer/1.8.4: Already installed! (11 of 13)
2026-07-27T15:17:42.2806221Z insight_canon/1.8.4: Already installed! (12 of 13)
2026-07-27T15:17:42.2808008Z insight_semantic_github/1.8.4: Already installed! (13 of 13)
2026-07-27T15:17:42.2808471Z 
2026-07-27T15:17:42.2808898Z ======== Finalizing install (deploy, generators) ========
2026-07-27T15:17:42.2809746Z conanfile.py (logcraft_core/1.8.4): Calling generate()
2026-07-27T15:17:42.2810140Z conanfile.py (logcraft_core/1.8.4): Generators folder: /home/runner/work/logcraft/logcraft/build/core
2026-07-27T15:17:42.3045225Z conanfile.py (logcraft_core/1.8.4): CMakeToolchain generated: conan_toolchain.cmake
2026-07-27T15:17:42.3048056Z conanfile.py (logcraft_core/1.8.4): CMakeToolchain: Preset 'conan-release' added to CMakePresets.json.
2026-07-27T15:17:42.3048479Z     (cmake>=3.23) cmake --preset conan-release
2026-07-27T15:17:42.3048998Z     (cmake<3.23) cmake <path> -G Ninja -DCMAKE_TOOLCHAIN_FILE=<output_folder>/conan_toolchain.cmake  -DCMAKE_POLICY_DEFAULT_CMP0091=NEW -DCMAKE_BUILD_TYPE=Release
2026-07-27T15:17:42.3049786Z conanfile.py (logcraft_core/1.8.4): CMakeToolchain generated: /home/runner/work/logcraft/logcraft/build/core/CMakePresets.json
2026-07-27T15:17:42.3050747Z conanfile.py (logcraft_core/1.8.4): CMakeToolchain generated: /home/runner/work/logcraft/logcraft/core/CMakeUserPresets.json
2026-07-27T15:17:42.3052364Z conanfile.py (logcraft_core/1.8.4): WARN: On the fly replacement of CMakeDeps by CMakeConfigDeps generator, because 'tools.cmake.cmakedeps:new' incubating conf activated. This conf is incubating and will break in next releases. CMakeConfigDeps is now experimental and can be used as such in recipes.
2026-07-27T15:17:42.3053567Z conanfile.py (logcraft_core/1.8.4): WARN: experimental: CMakeConfigDeps is experimental, and might get breaking changes in future releases
2026-07-27T15:17:42.4043434Z logcraft_core/1.8.4: WARN: deprecated: CMakeConfigDeps does not support module find mode in gtest/1.17.0.
2026-07-27T15:17:42.4043805Z Config mode will be used regardless.
2026-07-27T15:17:42.4393506Z conanfile.py (logcraft_core/1.8.4): CMakeDeps necessary find_package() and targets for your CMakeLists.txt
2026-07-27T15:17:42.4393877Z     find_package(yaml-cpp)
2026-07-27T15:17:42.4394041Z     find_package(spdlog)
2026-07-27T15:17:42.4394467Z     find_package(fmt)
2026-07-27T15:17:42.4394613Z     find_package(asio)
2026-07-27T15:17:42.4394754Z     find_package(GTest)
2026-07-27T15:17:42.4394915Z     find_package(benchmark)
2026-07-27T15:17:42.4401621Z     target_link_libraries(... yaml-cpp::yaml-cpp spdlog::spdlog fmt::fmt asio::asio gtest::gtest benchmark::benchmark_main)
2026-07-27T15:17:42.4465667Z conanfile.py (logcraft_core/1.8.4): Generating aggregated env files
2026-07-27T15:17:42.4466052Z conanfile.py (logcraft_core/1.8.4): Generated aggregated env files: ['conanbuild.sh', 'conanrun.sh']
2026-07-27T15:17:42.4466357Z Install finished successfully
2026-07-27T15:17:42.6055012Z -- Using Conan toolchain: /home/runner/work/logcraft/logcraft/build/core/conan_toolchain.cmake
2026-07-27T15:17:42.6055672Z -- Conan toolchain: Setting CMAKE_POSITION_INDEPENDENT_CODE=ON (options.fPIC)
2026-07-27T15:17:42.6056074Z -- Conan toolchain: Defining architecture flag: -m64
2026-07-27T15:17:42.6056435Z -- Conan toolchain: C++ Standard 23 with extensions ON
2026-07-27T15:17:42.6056843Z -- Conan toolchain: Including CMakeConfigDeps generated conan_cmakedeps_paths.cmake
2026-07-27T15:17:42.6057266Z -- Conan toolchain: Setting BUILD_SHARED_LIBS = OFF
2026-07-27T15:17:42.8433315Z -- The CXX compiler identification is GNU 15.3.0
2026-07-27T15:17:43.0058715Z -- Detecting CXX compiler ABI info
2026-07-27T15:17:43.1312692Z -- Detecting CXX compiler ABI info - done
2026-07-27T15:17:43.1412137Z -- Check for working CXX compiler: /opt/gcc-15.3/bin/g++ - skipped
2026-07-27T15:17:43.1425763Z -- Detecting CXX compile features
2026-07-27T15:17:43.1435515Z CMake Warning (dev) at /home/runner/venvs/common/lib/python3.12/site-packages/cmake/data/share/cmake-4.3/Modules/Compiler/CMakeCommonCompilerMacros.cmake:226 (cmake_language):
2026-07-27T15:17:43.1436129Z   CMake's support for `import std;` in C++23 and newer is experimental.  It
2026-07-27T15:17:43.1436457Z   is meant only for experimentation and feedback to CMake developers.
2026-07-27T15:17:43.1436736Z Call Stack (most recent call first):
2026-07-27T15:17:43.1437460Z   /home/runner/venvs/common/lib/python3.12/site-packages/cmake/data/share/cmake-4.3/Modules/CMakeDetermineCompilerSupport.cmake:110 (cmake_cxx_find_modules_json)
2026-07-27T15:17:43.1438280Z   /home/runner/venvs/common/lib/python3.12/site-packages/cmake/data/share/cmake-4.3/Modules/CMakeTestCXXCompiler.cmake:83 (CMAKE_DETERMINE_COMPILER_SUPPORT)
2026-07-27T15:17:43.1438759Z   CMakeLists.txt:13 (project)
2026-07-27T15:17:43.1439011Z This warning is for project developers.  Use -Wno-dev to suppress it.
2026-07-27T15:17:43.1439208Z 
2026-07-27T15:17:43.1456447Z -- Detecting CXX compile features - done
2026-07-27T15:17:43.1586197Z -- Conan: Configuring Targets for fmt/12.1.0
2026-07-27T15:17:43.1591293Z -- Conan: Target declared imported STATIC library 'fmt::fmt'
2026-07-27T15:17:43.1594654Z -- Conan: Configuring Targets for spdlog/1.17.0
2026-07-27T15:17:43.1596932Z -- Conan: Target declared imported STATIC library 'spdlog::spdlog'
2026-07-27T15:17:43.1600804Z -- Conan: Configuring Targets for yaml-cpp/0.9.0
2026-07-27T15:17:43.1602948Z -- Conan: Target declared imported STATIC library 'yaml-cpp::yaml-cpp'
2026-07-27T15:17:43.1603290Z -- Conan: Target declared alias 'yaml-cpp' for 'yaml-cpp::yaml-cpp'
2026-07-27T15:17:43.1605789Z -- Conan: Configuring Targets for asio/1.36.0
2026-07-27T15:17:43.1608140Z -- Conan: Target declared imported INTERFACE library 'asio::asio'
2026-07-27T15:17:43.1624756Z -- Conan: Configuring Targets for simdjson/4.6.3
2026-07-27T15:17:43.1627266Z -- Conan: Target declared imported STATIC library 'simdjson::simdjson'
2026-07-27T15:17:43.1630300Z -- Conan: Configuring Targets for picosha2/1.0.0
2026-07-27T15:17:43.1632392Z -- Conan: Target declared imported INTERFACE library 'picosha2::picosha2'
2026-07-27T15:17:44.1657164Z -- Found Python3: /home/runner/venvs/common/bin/python3.12 (found version "3.12.3") found components: Interpreter
2026-07-27T15:17:44.2128872Z -- Conan: Configuring Targets for gtest/1.17.0
2026-07-27T15:17:44.2131571Z -- Conan: Target declared imported STATIC library 'GTest::gtest'
2026-07-27T15:17:44.2131890Z -- Conan: Target declared alias 'GTest::GTest' for 'GTest::gtest'
2026-07-27T15:17:44.2132479Z -- Conan: Target declared imported STATIC library 'GTest::gtest_main'
2026-07-27T15:17:44.2132810Z -- Conan: Target declared alias 'GTest::Main' for 'GTest::gtest_main'
2026-07-27T15:17:44.2133085Z -- Conan: Target declared imported STATIC library 'GTest::gmock'
2026-07-27T15:17:44.2133370Z -- Conan: Target declared imported STATIC library 'GTest::gmock_main'
2026-07-27T15:17:44.2134446Z -- Conan: Target declared imported INTERFACE library 'gtest::gtest'
2026-07-27T15:17:44.2160577Z -- Conan: Configuring Targets for benchmark/1.9.5
2026-07-27T15:17:44.2163343Z -- Conan: Target declared imported STATIC library 'benchmark::benchmark'
2026-07-27T15:17:44.2163829Z -- Conan: Target declared imported STATIC library 'benchmark::benchmark_main'
2026-07-27T15:17:44.2173074Z -- Configuring done (1.6s)
2026-07-27T15:17:44.2373366Z CMake Warning (dev) in CMakeLists.txt:
2026-07-27T15:17:44.2373630Z   Target "logcraft_core" has source file
2026-07-27T15:17:44.2373787Z 
2026-07-27T15:17:44.2373959Z     /home/runner/work/logcraft/logcraft/core/api/core.cppm
2026-07-27T15:17:44.2374490Z 
2026-07-27T15:17:44.2374596Z   in a "FILE_SET TYPE CXX_MODULES" multiple times.
2026-07-27T15:17:44.2374903Z This warning is for project developers.  Use -Wno-dev to suppress it.
2026-07-27T15:17:44.2375109Z 
2026-07-27T15:17:44.2577323Z CMake Warning (dev) in CMakeLists.txt:
2026-07-27T15:17:44.2578871Z   Target "logcraft_core_tests" has source file
2026-07-27T15:17:44.2579044Z 
2026-07-27T15:17:44.2579218Z     /home/runner/work/logcraft/logcraft/core/api/core.cppm
2026-07-27T15:17:44.2579468Z 
2026-07-27T15:17:44.2579571Z   in a "FILE_SET TYPE CXX_MODULES" multiple times.
2026-07-27T15:17:44.2579880Z This warning is for project developers.  Use -Wno-dev to suppress it.
2026-07-27T15:17:44.2580106Z 
2026-07-27T15:17:44.2721260Z CMake Warning (dev) in CMakeLists.txt:
2026-07-27T15:17:44.2721541Z   Target "logcraft_core_bench" has source file
2026-07-27T15:17:44.2721710Z 
2026-07-27T15:17:44.2721885Z     /home/runner/work/logcraft/logcraft/core/api/core.cppm
2026-07-27T15:17:44.2722142Z 
2026-07-27T15:17:44.2722243Z   in a "FILE_SET TYPE CXX_MODULES" multiple times.
2026-07-27T15:17:44.2722549Z This warning is for project developers.  Use -Wno-dev to suppress it.
2026-07-27T15:17:44.2722759Z 
2026-07-27T15:17:44.2875404Z -- Generating done (0.1s)
2026-07-27T15:17:44.2880555Z -- Build files have been written to: /home/runner/work/logcraft/logcraft/build/core
2026-07-27T15:17:44.4006540Z [0/2] Re-checking globbed directories...
2026-07-27T15:17:44.4253291Z [1/694] Scanning /home/runner/work/logcraft/logcraft/.conan2/p/coder5604b3e55c296/p/include/coderoast_ipc_core_modules/core.cppm for CXX dependencies
2026-07-27T15:17:44.4261203Z [2/694] Scanning /home/runner/work/logcraft/logcraft/.conan2/p/insig82842a8b34a5d/p/include/insight_canon_modules/canon.spi.cppm for CXX dependencies
2026-07-27T15:17:44.4262684Z [3/694] Scanning /home/runner/work/logcraft/logcraft/.conan2/p/insig82842a8b34a5d/p/include/insight_canon_modules/canon.compose.cppm for CXX dependencies
2026-07-27T15:17:44.4283836Z [4/694] Scanning /home/runner/work/logcraft/logcraft/.conan2/p/insig82842a8b34a5d/p/include/insight_canon_modules/canon.internal.cppm for CXX dependencies
2026-07-27T15:17:44.4285402Z [5/694] Scanning /home/runner/work/logcraft/logcraft/.conan2/p/insig82842a8b34a5d/p/include/insight_canon_modules/canon.transport.cppm for CXX dependencies
2026-07-27T15:17:44.4315730Z [6/694] Scanning /opt/gcc-15.3/include/c++/15.3.0/bits/std.compat.cc for CXX dependencies
2026-07-27T15:17:44.4322033Z [7/694] Scanning /home/runner/work/logcraft/logcraft/.conan2/p/insig82842a8b34a5d/p/include/insight_canon_modules/canon.cppm for CXX dependencies
2026-07-27T15:17:44.4330139Z [8/694] Scanning /home/runner/work/logcraft/logcraft/.conan2/p/insig82842a8b34a5d/p/include/insight_canon_modules/conformance/canon.conformance.cppm for CXX dependencies
2026-07-27T15:17:44.5081665Z [9/694] intent_library_codegen: --selftest, then generate intent_library.generated.inc
2026-07-27T15:17:44.5082607Z selftest OK — the fence holds: teeth 1-4 rejections fire, the hash is canonical (reformat-stable, edit-sensitive), the manifest partitions edit-vs-stale, emission is byte-deterministic ASCII
2026-07-27T15:17:44.6064495Z [10/694] Scanning /home/runner/work/logcraft/logcraft/.conan2/p/insig82842a8b34a5d/p/include/insight_canon_modules/canon.api.cppm for CXX dependencies
2026-07-27T15:17:44.6903638Z [11/694] Scanning /opt/gcc-15.3/include/c++/15.3.0/bits/std.cc for CXX dependencies
2026-07-27T15:17:44.6952220Z [12/694] Generating CXX dyndep file CMakeFiles/__cmake_cxx_std_23.dir/CXX.dd
2026-07-27T15:17:44.6998000Z [13/694] Generating CXX dyndep file 'CMakeFiles/coderoast__ipc__core@synth_bb333fe43d17.dir/CXX.dd'
2026-07-27T15:17:44.7013647Z [14/694] Generating CXX dyndep file 'CMakeFiles/insight__canon@synth_bb333fe43d17.dir/CXX.dd'
2026-07-27T15:17:44.7097053Z [15/694] Scanning /home/runner/work/logcraft/logcraft/.conan2/p/coder81e7ceb433d0f/p/include/coderoast_ipc_producer_modules/producer.cppm for CXX dependencies
2026-07-27T15:17:44.7105215Z [16/694] Scanning /home/runner/work/logcraft/logcraft/.conan2/p/codere384ea890daac/p/include/coderoast_ipc_consumer_modules/consumer.cppm for CXX dependencies
2026-07-27T15:17:44.7119841Z [17/694] Scanning /home/runner/work/logcraft/logcraft/.conan2/p/insig5c59307a54f55/p/include/insight_semantic_github_modules/github.cppm for CXX dependencies
2026-07-27T15:17:44.7147334Z [18/694] Generating CXX dyndep file 'CMakeFiles/coderoast__ipc__producer@synth_bb333fe43d17.dir/CXX.dd'
2026-07-27T15:17:44.7155314Z [19/694] Generating CXX dyndep file 'CMakeFiles/coderoast__ipc__consumer@synth_bb333fe43d17.dir/CXX.dd'
2026-07-27T15:17:44.7163712Z [20/694] Generating CXX dyndep file 'CMakeFiles/insight__semantic_github@synth_bb333fe43d17.dir/CXX.dd'
2026-07-27T15:17:44.7320362Z [21/694] Scanning /home/runner/work/logcraft/logcraft/core/src/agent/field_generator.cpp for CXX dependencies
2026-07-27T15:17:44.7353141Z [22/694] Scanning /home/runner/work/logcraft/logcraft/core/src/engine/engine_api.cpp for CXX dependencies
2026-07-27T15:17:44.9691956Z [23/694] Scanning /home/runner/work/logcraft/logcraft/core/src/agent/agent_registry.cpp for CXX dependencies
2026-07-27T15:17:44.9805563Z [24/694] Scanning /home/runner/work/logcraft/logcraft/core/src/engine/command_facade.cpp for CXX dependencies
2026-07-27T15:17:45.0446085Z [25/694] Scanning /home/runner/work/logcraft/logcraft/core/src/agent/agent_scheduling.cpp for CXX dependencies
2026-07-27T15:17:45.1046584Z [26/694] Scanning /home/runner/work/logcraft/logcraft/core/src/engine/engine.cpp for CXX dependencies
2026-07-27T15:17:45.1137257Z [27/694] Scanning /home/runner/work/logcraft/logcraft/core/src/agent/agent_enrichment.cpp for CXX dependencies
2026-07-27T15:17:45.1157982Z [28/694] Scanning /home/runner/work/logcraft/logcraft/core/src/agent/agent_generation.cpp for CXX dependencies
2026-07-27T15:17:45.1163594Z [29/694] Scanning /home/runner/work/logcraft/logcraft/core/src/engine/engine_lifecycle.cpp for CXX dependencies
2026-07-27T15:17:45.1203882Z [30/694] Scanning /home/runner/work/logcraft/logcraft/core/src/engine/engine_command_surface.cpp for CXX dependencies
2026-07-27T15:17:45.1311796Z [31/694] Scanning /home/runner/work/logcraft/logcraft/core/src/agent/agent.cpp for CXX dependencies
2026-07-27T15:17:45.1317964Z [32/694] Scanning /home/runner/work/logcraft/logcraft/core/src/engine/runtime_monitor.cpp for CXX dependencies
2026-07-27T15:17:45.1320837Z [33/694] Scanning /home/runner/work/logcraft/logcraft/core/src/foundation/sha256.cpp for CXX dependencies
2026-07-27T15:17:45.1363465Z [34/694] Scanning /home/runner/work/logcraft/logcraft/core/src/foundation/simulation_clock.cpp for CXX dependencies
2026-07-27T15:17:45.1486417Z [35/694] Scanning /home/runner/work/logcraft/logcraft/core/src/foundation/time_context.cpp for CXX dependencies
2026-07-27T15:17:45.1700553Z [36/694] Scanning /home/runner/work/logcraft/logcraft/core/src/output/gha_intent_medium.cpp for CXX dependencies
2026-07-27T15:17:45.2290190Z [37/694] Scanning /home/runner/work/logcraft/logcraft/core/src/engine/engine_manager.cpp for CXX dependencies
2026-07-27T15:17:45.2478527Z [38/694] Scanning /home/runner/work/logcraft/logcraft/core/src/output/log_formatter.cpp for CXX dependencies
2026-07-27T15:17:45.2609569Z [39/694] Scanning /home/runner/work/logcraft/logcraft/core/src/output/log_formatter_cloud.cpp for CXX dependencies
2026-07-27T15:17:45.2869683Z [40/694] Scanning /home/runner/work/logcraft/logcraft/core/src/output/log_formatter_github_actions.cpp for CXX dependencies
2026-07-27T15:17:45.3112611Z [41/694] Scanning /home/runner/work/logcraft/logcraft/core/src/engine/replay_source.cpp for CXX dependencies
2026-07-27T15:17:45.3166913Z [42/694] Scanning /home/runner/work/logcraft/logcraft/core/src/output/log_formatter_mobile.cpp for CXX dependencies
2026-07-27T15:17:45.3225527Z [43/694] Scanning /home/runner/work/logcraft/logcraft/core/src/output/log_formatter_syslog.cpp for CXX dependencies
2026-07-27T15:17:45.3343103Z [44/694] Scanning /home/runner/work/logcraft/logcraft/core/src/output/log_formatter_text.cpp for CXX dependencies
2026-07-27T15:17:45.3547452Z [45/694] Scanning /home/runner/work/logcraft/logcraft/core/src/flow/flow_engine.cpp for CXX dependencies
2026-07-27T15:17:45.3760323Z [46/694] Scanning /home/runner/work/logcraft/logcraft/core/src/logging/logger.cpp for CXX dependencies
2026-07-27T15:17:45.3838782Z [47/694] Scanning /home/runner/work/logcraft/logcraft/core/src/logging/logging_config.cpp for CXX dependencies
2026-07-27T15:17:45.4294121Z [48/694] Scanning /home/runner/work/logcraft/logcraft/core/src/engine/engine_replay.cpp for CXX dependencies
2026-07-27T15:17:45.4518324Z [49/694] Scanning /home/runner/work/logcraft/logcraft/core/src/output/shared_memory_sink.cpp for CXX dependencies
2026-07-27T15:17:45.4831453Z [50/694] Scanning /home/runner/work/logcraft/logcraft/core/src/scenario/intent_library.cpp for CXX dependencies
2026-07-27T15:17:45.4990935Z [51/694] Scanning /home/runner/work/logcraft/logcraft/core/src/output/console_sink.cpp for CXX dependencies
2026-07-27T15:17:45.5047436Z [52/694] Scanning /home/runner/work/logcraft/logcraft/core/src/output/file_sink.cpp for CXX dependencies
2026-07-27T15:17:45.5206009Z [53/694] Scanning /home/runner/work/logcraft/logcraft/core/src/scenario/scenario_axis.cpp for CXX dependencies
2026-07-27T15:17:45.5230290Z [54/694] Scanning /home/runner/work/logcraft/logcraft/core/src/scenario/scenario_capabilities.cpp for CXX dependencies
2026-07-27T15:17:45.5942770Z [55/694] Scanning /home/runner/work/logcraft/logcraft/core/src/output/http_sink.cpp for CXX dependencies
2026-07-27T15:17:45.7093228Z [56/694] Scanning /home/runner/work/logcraft/logcraft/core/src/scenario/scenario_component_parsing.cpp for CXX dependencies
2026-07-27T15:17:45.7170286Z [57/694] Scanning /home/runner/work/logcraft/logcraft/core/src/output/metrics_sink.cpp for CXX dependencies
2026-07-27T15:17:45.7667616Z [58/694] Scanning /home/runner/work/logcraft/logcraft/core/src/output/recording_sink.cpp for CXX dependencies
2026-07-27T15:17:45.7725014Z [59/694] Scanning /home/runner/work/logcraft/logcraft/core/src/scenario/scenario_agent_parsing.cpp for CXX dependencies
2026-07-27T15:17:45.7973893Z [60/694] Scanning /home/runner/work/logcraft/logcraft/core/src/output/output_manager.cpp for CXX dependencies
2026-07-27T15:17:45.8301643Z [61/694] Scanning /home/runner/work/logcraft/logcraft/core/src/smf/smf_manifest.cpp for CXX dependencies
2026-07-27T15:17:45.8545525Z [62/694] Scanning /home/runner/work/logcraft/logcraft/core/src/smf/smf_reader.cpp for CXX dependencies
2026-07-27T15:17:45.8557605Z [63/694] Scanning /home/runner/work/logcraft/logcraft/core/src/output/smf_recording_sink.cpp for CXX dependencies
2026-07-27T15:17:45.8644373Z [64/694] Scanning /home/runner/work/logcraft/logcraft/core/src/output/sharded_pipeline.cpp for CXX dependencies
2026-07-27T15:17:45.8718223Z [65/694] Scanning /home/runner/work/logcraft/logcraft/core/src/smf/smf_writer.cpp for CXX dependencies
2026-07-27T15:17:45.8782780Z [66/694] Scanning /home/runner/work/logcraft/logcraft/core/src/scenario/scenario_flow_parsing.cpp for CXX dependencies
2026-07-27T15:17:45.8841407Z [67/694] Scanning /home/runner/work/logcraft/logcraft/core/src/timeline/timeline_cursor.cpp for CXX dependencies
2026-07-27T15:17:45.8953167Z [68/694] Scanning /home/runner/work/logcraft/logcraft/core/src/timeline/timeline_engine.cpp for CXX dependencies
2026-07-27T15:17:45.9165094Z [69/694] Scanning /home/runner/work/logcraft/logcraft/core/src/scenario/scenario_loader.cpp for CXX dependencies
2026-07-27T15:17:45.9304443Z [70/694] Scanning /home/runner/work/logcraft/logcraft/core/src/core.internal.cppm for CXX dependencies
2026-07-27T15:17:45.9363096Z [71/694] Scanning /home/runner/work/logcraft/logcraft/core/api/core.api-agent.cppm for CXX dependencies
2026-07-27T15:17:45.9517667Z [72/694] Scanning /home/runner/work/logcraft/logcraft/core/api/core.api-engine.cppm for CXX dependencies
2026-07-27T15:17:45.9559938Z [73/694] Scanning /home/runner/work/logcraft/logcraft/core/api/core.api-intent_library.cppm for CXX dependencies
2026-07-27T15:17:45.9725580Z [74/694] Scanning /home/runner/work/logcraft/logcraft/core/src/scenario/scenario_registry_resolution.cpp for CXX dependencies
2026-07-27T15:17:45.9728717Z [75/694] Scanning /home/runner/work/logcraft/logcraft/core/api/core.api-output.cppm for CXX dependencies
2026-07-27T15:17:45.9817279Z [76/694] Scanning /home/runner/work/logcraft/logcraft/core/api/core.api-scenario.cppm for CXX dependencies
2026-07-27T15:17:45.9886037Z [77/694] Scanning /home/runner/work/logcraft/logcraft/core/api/core.api-value.cppm for CXX dependencies
2026-07-27T15:17:45.9971203Z [78/694] Scanning /home/runner/work/logcraft/logcraft/core/api/core.api-timeline.cppm for CXX dependencies
2026-07-27T15:17:46.0000082Z [79/694] Scanning /home/runner/work/logcraft/logcraft/core/api/core.api.cppm for CXX dependencies
2026-07-27T15:17:46.0058551Z [80/694] Scanning /home/runner/work/logcraft/logcraft/core/api/core.cppm for CXX dependencies
2026-07-27T15:17:46.0311434Z [81/694] Scanning /home/runner/work/logcraft/logcraft/core/src/agent/core.detail.agent.cppm for CXX dependencies
2026-07-27T15:17:46.0320743Z [82/694] Scanning /home/runner/work/logcraft/logcraft/core/src/scenario/scenario_section_dispatch.cpp for CXX dependencies
2026-07-27T15:17:46.0366651Z [83/694] Scanning /home/runner/work/logcraft/logcraft/core/src/flow/core.detail.flow.cppm for CXX dependencies
2026-07-27T15:17:46.0455825Z [84/694] Scanning /home/runner/work/logcraft/logcraft/core/src/foundation/core.detail.foundation-hash.cppm for CXX dependencies
2026-07-27T15:17:46.0502512Z [85/694] Scanning /home/runner/work/logcraft/logcraft/core/src/foundation/core.detail.foundation-pipeline.cppm for CXX dependencies
2026-07-27T15:17:46.0583409Z [86/694] Scanning /home/runner/work/logcraft/logcraft/core/src/foundation/core.detail.foundation.cppm for CXX dependencies
2026-07-27T15:17:46.0594974Z [87/694] Scanning /home/runner/work/logcraft/logcraft/core/src/foundation/core.detail.foundation-random.cppm for CXX dependencies
2026-07-27T15:17:46.0678478Z [88/694] Scanning /home/runner/work/logcraft/logcraft/core/src/scenario/scenario_loader_detail.cpp for CXX dependencies
2026-07-27T15:17:46.0680766Z [89/694] Scanning /home/runner/work/logcraft/logcraft/core/src/scenario/scenario_validation.cpp for CXX dependencies
2026-07-27T15:17:46.0867083Z [90/694] Scanning /home/runner/work/logcraft/logcraft/core/src/output/core.detail.output-formatter.cppm for CXX dependencies
2026-07-27T15:17:46.0869699Z [91/694] Scanning /home/runner/work/logcraft/logcraft/core/src/output/core.detail.output.cppm for CXX dependencies
2026-07-27T15:17:46.1149751Z [92/694] Scanning /home/runner/work/logcraft/logcraft/core/src/smf/core.detail.smf.cppm for CXX dependencies
2026-07-27T15:17:46.1152894Z [93/694] Scanning /home/runner/work/logcraft/logcraft/core/src/output/core.detail.output-sink.cppm for CXX dependencies
2026-07-27T15:17:46.1254722Z [94/694] Scanning /home/runner/work/logcraft/logcraft/core/src/timeline/core.detail.timeline.cppm for CXX dependencies
2026-07-27T15:17:46.1521060Z [95/694] Scanning /home/runner/work/logcraft/logcraft/core/src/timeline/shm_timeline_view.cpp for CXX dependencies
2026-07-27T15:17:46.1528837Z [96/694] Scanning /home/runner/work/logcraft/logcraft/core/src/timeline/flow_unfolder.cpp for CXX dependencies
2026-07-27T15:17:46.1974797Z [97/694] Scanning /home/runner/work/logcraft/logcraft/core/src/timeline/timeline_unfolder.cpp for CXX dependencies
2026-07-27T15:17:46.2555243Z [98/694] Scanning /home/runner/work/logcraft/logcraft/core/src/engine/core.detail.engine.cppm for CXX dependencies
2026-07-27T15:17:46.3253101Z [99/694] Scanning /home/runner/work/logcraft/logcraft/core/src/logging/core.detail.logging.cppm for CXX dependencies
2026-07-27T15:17:46.3376706Z [100/694] Scanning /home/runner/work/logcraft/logcraft/core/src/scenario/core.detail.scenario.cppm for CXX dependencies
2026-07-27T15:17:46.3770792Z [101/694] Generating CXX dyndep file CMakeFiles/logcraft_core.dir/CXX.dd
2026-07-27T15:17:46.4815384Z [102/700] Scanning /home/runner/work/logcraft/logcraft/core/tests/agent/test_football_whatif.cpp for CXX dependencies
2026-07-27T15:17:46.4854194Z [103/700] Scanning /home/runner/work/logcraft/logcraft/core/tests/agent/test_error_cascading.cpp for CXX dependencies
2026-07-27T15:17:46.4961098Z [104/700] Scanning /home/runner/work/logcraft/logcraft/core/tests/agent/test_generate_record_kernel.cpp for CXX dependencies
2026-07-27T15:17:46.4968541Z [105/700] Scanning /home/runner/work/logcraft/logcraft/core/tests/agent/test_emit_false_template_input.cpp for CXX dependencies
2026-07-27T15:17:46.6122880Z [106/700] Scanning /home/runner/work/logcraft/logcraft/core/tests/determinism/test_branch_weight_ramp.cpp for CXX dependencies
2026-07-27T15:17:46.6136926Z [107/700] Scanning /home/runner/work/logcraft/logcraft/core/tests/agent/test_agent_behaviors.cpp for CXX dependencies
2026-07-27T15:17:46.6182495Z [108/700] Scanning /home/runner/work/logcraft/logcraft/core/tests/determinism/test_counter_rng_phi_golden.cpp for CXX dependencies
2026-07-27T15:17:46.6720728Z [109/700] Scanning /home/runner/work/logcraft/logcraft/core/tests/determinism/test_degenerate_flux_gate.cpp for CXX dependencies
2026-07-27T15:17:46.7440171Z [110/700] Scanning /home/runner/work/logcraft/logcraft/core/tests/determinism/test_determinism_build_axis.cpp for CXX dependencies
2026-07-27T15:17:46.7849739Z [111/700] Scanning /home/runner/work/logcraft/logcraft/core/tests/determinism/test_determinism_do_operator.cpp for CXX dependencies
2026-07-27T15:17:46.8185266Z [112/700] Scanning /home/runner/work/logcraft/logcraft/core/tests/determinism/test_determinism_comprehensive.cpp for CXX dependencies
2026-07-27T15:17:46.8241698Z [113/700] Scanning /home/runner/work/logcraft/logcraft/core/tests/determinism/test_determinism_causal_axis.cpp for CXX dependencies
2026-07-27T15:17:46.8504821Z [114/700] Scanning /home/runner/work/logcraft/logcraft/core/tests/determinism/test_determinism_bit_identical.cpp for CXX dependencies
2026-07-27T15:17:46.8961352Z [115/700] Scanning /home/runner/work/logcraft/logcraft/core/tests/determinism/test_determinism_e2e.cpp for CXX dependencies
2026-07-27T15:17:46.9670396Z [116/700] Scanning /home/runner/work/logcraft/logcraft/core/tests/determinism/test_determinism_shm_gate.cpp for CXX dependencies
2026-07-27T15:17:46.9873923Z [117/700] Scanning /home/runner/work/logcraft/logcraft/core/tests/determinism/test_determinism_terminal_sink.cpp for CXX dependencies
2026-07-27T15:17:47.0220064Z [118/700] Scanning /home/runner/work/logcraft/logcraft/core/tests/determinism/test_determinism_flow.cpp for CXX dependencies
2026-07-27T15:17:47.0820990Z [119/700] Scanning /home/runner/work/logcraft/logcraft/core/tests/determinism/test_field_weight_ramp.cpp for CXX dependencies
2026-07-27T15:17:47.1158757Z [120/700] Scanning /home/runner/work/logcraft/logcraft/core/tests/determinism/test_flow_field_ramp.cpp for CXX dependencies
2026-07-27T15:17:47.1427553Z [121/700] Scanning /home/runner/work/logcraft/logcraft/core/tests/determinism/test_noise_duplication_replay.cpp for CXX dependencies
2026-07-27T15:17:47.1610888Z [122/700] Scanning /home/runner/work/logcraft/logcraft/core/tests/determinism/test_locale_independence_gate.cpp for CXX dependencies
2026-07-27T15:17:47.1856616Z [123/700] Scanning /home/runner/work/logcraft/logcraft/core/tests/determinism/test_level_weight_ramp.cpp for CXX dependencies
2026-07-27T15:17:47.2524562Z [124/700] Scanning /home/runner/work/logcraft/logcraft/core/tests/determinism/test_phase_rate_zero.cpp for CXX dependencies
2026-07-27T15:17:47.2669496Z [125/700] Scanning /home/runner/work/logcraft/logcraft/core/tests/determinism/test_runtime_timer_determinism.cpp for CXX dependencies
2026-07-27T15:17:47.3267602Z [126/700] Scanning /home/runner/work/logcraft/logcraft/core/tests/determinism/test_span_trace_diff.cpp for CXX dependencies
2026-07-27T15:17:47.4543805Z [127/700] Scanning /home/runner/work/logcraft/logcraft/core/tests/determinism/test_span_fanout.cpp for CXX dependencies
2026-07-27T15:17:47.4653545Z [128/700] Scanning /home/runner/work/logcraft/logcraft/core/tests/determinism/test_virtual_clock_progression.cpp for CXX dependencies
2026-07-27T15:17:47.4669395Z [129/700] Scanning /home/runner/work/logcraft/logcraft/core/tests/determinism/test_time_source_lint.cpp for CXX dependencies
2026-07-27T15:17:47.4744641Z [130/700] Scanning /home/runner/work/logcraft/logcraft/core/tests/engine/test_engine_lifecycle.cpp for CXX dependencies
2026-07-27T15:17:47.4919520Z [131/700] Scanning /home/runner/work/logcraft/logcraft/core/tests/engine/test_engine_integration.cpp for CXX dependencies
2026-07-27T15:17:47.5112744Z [132/700] Scanning /home/runner/work/logcraft/logcraft/core/tests/engine/test_engine_manager.cpp for CXX dependencies
2026-07-27T15:17:47.5332227Z [133/700] Scanning /home/runner/work/logcraft/logcraft/core/tests/engine/test_engine_commands.cpp for CXX dependencies
2026-07-27T15:17:47.5600984Z [134/700] Scanning /home/runner/work/logcraft/logcraft/core/tests/engine/test_runtime_monitor.cpp for CXX dependencies
2026-07-27T15:17:47.6860341Z [135/700] Scanning /home/runner/work/logcraft/logcraft/core/tests/foundation/test_sha256.cpp for CXX dependencies
2026-07-27T15:17:47.7490196Z [136/700] Scanning /home/runner/work/logcraft/logcraft/core/tests/foundation/test_spsc_ring.cpp for CXX dependencies
2026-07-27T15:17:47.7522391Z [137/700] Scanning /home/runner/work/logcraft/logcraft/core/tests/output/test_engine_snapshot.cpp for CXX dependencies
2026-07-27T15:17:47.7778487Z [138/700] Scanning /home/runner/work/logcraft/logcraft/core/tests/foundation/test_simulation_clock.cpp for CXX dependencies
2026-07-27T15:17:47.8086008Z [139/700] Scanning /home/runner/work/logcraft/logcraft/core/tests/output/test_gha_document_use_intent.cpp for CXX dependencies
2026-07-27T15:17:47.8238904Z [140/700] Scanning /home/runner/work/logcraft/logcraft/core/tests/output/test_gha_document_g2.cpp for CXX dependencies
2026-07-27T15:17:47.8641270Z [141/700] Scanning /home/runner/work/logcraft/logcraft/core/tests/output/test_gha_intent_medium.cpp for CXX dependencies
2026-07-27T15:17:47.9163603Z [142/700] Scanning /home/runner/work/logcraft/logcraft/core/tests/output/test_json_serializer.cpp for CXX dependencies
2026-07-27T15:17:47.9890886Z [143/700] Scanning /home/runner/work/logcraft/logcraft/core/tests/output/test_metric_emission.cpp for CXX dependencies
2026-07-27T15:17:48.0282765Z [144/700] Scanning /home/runner/work/logcraft/logcraft/core/tests/output/test_http_sink.cpp for CXX dependencies
2026-07-27T15:17:48.0880739Z [145/700] Scanning /home/runner/work/logcraft/logcraft/core/tests/output/test_multi_format_output.cpp for CXX dependencies
2026-07-27T15:17:48.0925320Z [146/700] Scanning /home/runner/work/logcraft/logcraft/core/tests/output/test_per_agent_routing.cpp for CXX dependencies
2026-07-27T15:17:48.0966554Z [147/700] Scanning /home/runner/work/logcraft/logcraft/core/tests/output/test_output_formats.cpp for CXX dependencies
2026-07-27T15:17:48.1122218Z [148/700] Scanning /home/runner/work/logcraft/logcraft/core/tests/output/test_replay_mode.cpp for CXX dependencies
2026-07-27T15:17:48.1656533Z [149/700] Scanning /home/runner/work/logcraft/logcraft/core/tests/output/test_sharded_pipeline.cpp for CXX dependencies
2026-07-27T15:17:48.2192307Z [150/700] Scanning /home/runner/work/logcraft/logcraft/core/tests/output/test_shared_memory_sink.cpp for CXX dependencies
2026-07-27T15:17:48.3318675Z [151/700] Scanning /home/runner/work/logcraft/logcraft/core/tests/scenario/test_dsl_advanced.cpp for CXX dependencies
2026-07-27T15:17:48.3335384Z [152/700] Scanning /home/runner/work/logcraft/logcraft/core/tests/output/test_structured_schemas.cpp for CXX dependencies
2026-07-27T15:17:48.3481285Z [153/700] Scanning /home/runner/work/logcraft/logcraft/core/tests/output/test_window_seal_cursor.cpp for CXX dependencies
2026-07-27T15:17:48.3852523Z [154/700] Scanning /home/runner/work/logcraft/logcraft/core/tests/scenario/test_dsl_auto_determinism.cpp for CXX dependencies
2026-07-27T15:17:48.4008457Z [155/700] Scanning /home/runner/work/logcraft/logcraft/core/tests/scenario/test_dsl_archetypes.cpp for CXX dependencies
2026-07-27T15:17:48.4088776Z [156/700] Scanning /home/runner/work/logcraft/logcraft/core/tests/scenario/test_dsl_build_axis.cpp for CXX dependencies
2026-07-27T15:17:48.4524606Z [157/700] Scanning /home/runner/work/logcraft/logcraft/core/tests/scenario/test_dsl_capabilities.cpp for CXX dependencies
2026-07-27T15:17:48.5268247Z [158/700] Scanning /home/runner/work/logcraft/logcraft/core/tests/scenario/test_dsl_causal_axis.cpp for CXX dependencies
2026-07-27T15:17:48.5639557Z [159/700] Scanning /home/runner/work/logcraft/logcraft/core/tests/scenario/test_dsl_fields.cpp for CXX dependencies
2026-07-27T15:17:48.6513408Z [160/700] Scanning /home/runner/work/logcraft/logcraft/core/tests/scenario/test_dsl_flows.cpp for CXX dependencies
2026-07-27T15:17:48.7028193Z [161/700] Scanning /home/runner/work/logcraft/logcraft/core/tests/scenario/test_dsl_intent_library.cpp for CXX dependencies
2026-07-27T15:17:48.7047083Z [162/700] Scanning /home/runner/work/logcraft/logcraft/core/tests/scenario/test_dsl_incidents.cpp for CXX dependencies
2026-07-27T15:17:48.7164465Z [163/700] Scanning /home/runner/work/logcraft/logcraft/core/tests/scenario/test_dsl_intent_axis.cpp for CXX dependencies
2026-07-27T15:17:48.7310538Z [164/700] Scanning /home/runner/work/logcraft/logcraft/core/tests/scenario/test_dsl_knob_axis.cpp for CXX dependencies
2026-07-27T15:17:48.7593682Z [165/700] Scanning /home/runner/work/logcraft/logcraft/core/tests/scenario/test_dsl_outputs.cpp for CXX dependencies
2026-07-27T15:17:48.7729676Z [166/700] Scanning /home/runner/work/logcraft/logcraft/core/tests/scenario/test_dsl_scenario.cpp for CXX dependencies
2026-07-27T15:17:48.8407132Z [167/700] Scanning /home/runner/work/logcraft/logcraft/core/tests/scenario/test_dsl_tower.cpp for CXX dependencies
2026-07-27T15:17:48.8495803Z [168/700] Scanning /home/runner/work/logcraft/logcraft/core/tests/scenario/test_dsl_phases.cpp for CXX dependencies
2026-07-27T15:17:48.9283921Z [169/700] Scanning /home/runner/work/logcraft/logcraft/core/tests/scenario/test_dsl_validation.cpp for CXX dependencies
2026-07-27T15:17:48.9702173Z [170/700] Scanning /home/runner/work/logcraft/logcraft/core/tests/scenario/test_loader_limits.cpp for CXX dependencies
2026-07-27T15:17:48.9761446Z [171/700] Scanning /home/runner/work/logcraft/logcraft/core/tests/smf/test_smf_recording.cpp for CXX dependencies
2026-07-27T15:17:49.0480351Z [172/700] Scanning /home/runner/work/logcraft/logcraft/core/tests/scenario/test_field_value_type_derivation.cpp for CXX dependencies
2026-07-27T15:17:49.1058559Z [173/700] Scanning /home/runner/work/logcraft/logcraft/core/tests/smf/test_smf_v0.cpp for CXX dependencies
2026-07-27T15:17:49.1139220Z [174/700] Scanning /home/runner/work/logcraft/logcraft/core/tests/timeline/test_timeline_checkpoint.cpp for CXX dependencies
2026-07-27T15:17:49.1358649Z [175/700] Scanning /home/runner/work/logcraft/logcraft/core/tests/timeline/test_timeline_metadata.cpp for CXX dependencies
2026-07-27T15:17:49.1444369Z [176/700] Scanning /home/runner/work/logcraft/logcraft/core/src/agent/field_generator.cpp for CXX dependencies
2026-07-27T15:17:49.1499829Z [177/700] Scanning /home/runner/work/logcraft/logcraft/core/tests/timeline/test_timeline_cursor.cpp for CXX dependencies
2026-07-27T15:17:49.1881234Z [178/700] Scanning /home/runner/work/logcraft/logcraft/core/tests/timeline/test_shm_timeline_view.cpp for CXX dependencies
2026-07-27T15:17:49.2064957Z [179/700] Scanning /home/runner/work/logcraft/logcraft/core/tests/timeline/test_timeline_unfolder.cpp for CXX dependencies
2026-07-27T15:17:49.2077341Z [180/700] Scanning /home/runner/work/logcraft/logcraft/core/src/engine/engine_api.cpp for CXX dependencies
2026-07-27T15:17:49.3893572Z [181/700] Scanning /home/runner/work/logcraft/logcraft/core/src/agent/agent.cpp for CXX dependencies
2026-07-27T15:17:49.3998026Z [182/700] Scanning /home/runner/work/logcraft/logcraft/core/src/agent/agent_registry.cpp for CXX dependencies
2026-07-27T15:17:49.4117344Z [183/700] Scanning /home/runner/work/logcraft/logcraft/core/src/agent/agent_enrichment.cpp for CXX dependencies
2026-07-27T15:17:49.4158831Z [184/700] Scanning /home/runner/work/logcraft/logcraft/core/src/engine/command_facade.cpp for CXX dependencies
2026-07-27T15:17:49.4382168Z [185/700] Scanning /home/runner/work/logcraft/logcraft/core/src/engine/runtime_monitor.cpp for CXX dependencies
2026-07-27T15:17:49.4824183Z [186/700] Scanning /home/runner/work/logcraft/logcraft/core/src/agent/agent_scheduling.cpp for CXX dependencies
2026-07-27T15:17:49.5048387Z [187/700] Scanning /home/runner/work/logcraft/logcraft/core/src/foundation/sha256.cpp for CXX dependencies
2026-07-27T15:17:49.5319787Z [188/700] Scanning /home/runner/work/logcraft/logcraft/core/src/foundation/simulation_clock.cpp for CXX dependencies
2026-07-27T15:17:49.5803527Z [189/700] Scanning /home/runner/work/logcraft/logcraft/core/src/foundation/time_context.cpp for CXX dependencies
2026-07-27T15:17:49.6003652Z [190/700] Building CXX object CMakeFiles/__cmake_cxx_std_23.dir/opt/gcc-15.3/include/c++/15.3.0/bits/std.cc.o
2026-07-27T15:17:49.6323719Z [191/700] Scanning /home/runner/work/logcraft/logcraft/core/src/agent/agent_generation.cpp for CXX dependencies
2026-07-27T15:17:49.6452978Z [192/700] Scanning /home/runner/work/logcraft/logcraft/core/src/engine/engine_replay.cpp for CXX dependencies
2026-07-27T15:17:49.6839731Z [193/700] Scanning /home/runner/work/logcraft/logcraft/core/src/engine/replay_source.cpp for CXX dependencies
2026-07-27T15:17:49.6931022Z [194/700] Scanning /home/runner/work/logcraft/logcraft/core/src/engine/engine_lifecycle.cpp for CXX dependencies
2026-07-27T15:17:49.6988116Z [195/700] Scanning /home/runner/work/logcraft/logcraft/core/src/flow/flow_engine.cpp for CXX dependencies
2026-07-27T15:17:49.6994308Z [196/700] Scanning /home/runner/work/logcraft/logcraft/core/src/output/gha_intent_medium.cpp for CXX dependencies
2026-07-27T15:17:49.7019932Z [197/700] Scanning /home/runner/work/logcraft/logcraft/core/src/engine/engine.cpp for CXX dependencies
2026-07-27T15:17:49.7121102Z [198/700] Scanning /home/runner/work/logcraft/logcraft/core/src/engine/engine_command_surface.cpp for CXX dependencies
2026-07-27T15:17:49.7127895Z [199/700] Scanning /home/runner/work/logcraft/logcraft/core/src/output/log_formatter.cpp for CXX dependencies
2026-07-27T15:17:49.7155605Z [200/700] Scanning /home/runner/work/logcraft/logcraft/core/src/output/log_formatter_cloud.cpp for CXX dependencies
2026-07-27T15:17:49.7215826Z [201/700] Scanning /home/runner/work/logcraft/logcraft/core/src/output/log_formatter_github_actions.cpp for CXX dependencies
2026-07-27T15:17:49.7225916Z [202/700] Scanning /home/runner/work/logcraft/logcraft/core/src/output/log_formatter_mobile.cpp for CXX dependencies
2026-07-27T15:17:49.7292551Z [203/700] Scanning /home/runner/work/logcraft/logcraft/core/src/output/log_formatter_syslog.cpp for CXX dependencies
2026-07-27T15:17:49.7446911Z [204/700] Scanning /home/runner/work/logcraft/logcraft/core/src/output/log_formatter_text.cpp for CXX dependencies
2026-07-27T15:17:49.7594833Z [205/700] Scanning /home/runner/work/logcraft/logcraft/core/src/engine/engine_manager.cpp for CXX dependencies
2026-07-27T15:17:49.8023184Z [206/700] Scanning /home/runner/work/logcraft/logcraft/core/src/output/shared_memory_sink.cpp for CXX dependencies
2026-07-27T15:17:49.8826557Z [207/700] Scanning /home/runner/work/logcraft/logcraft/core/src/output/file_sink.cpp for CXX dependencies
2026-07-27T15:17:49.8918370Z [208/700] Scanning /home/runner/work/logcraft/logcraft/core/src/scenario/intent_library.cpp for CXX dependencies
2026-07-27T15:17:49.9043725Z [209/700] Scanning /home/runner/work/logcraft/logcraft/core/src/output/console_sink.cpp for CXX dependencies
2026-07-27T15:17:49.9152817Z [210/700] Scanning /home/runner/work/logcraft/logcraft/core/src/scenario/scenario_axis.cpp for CXX dependencies
2026-07-27T15:17:49.9250986Z [211/700] Scanning /home/runner/work/logcraft/logcraft/core/src/scenario/scenario_capabilities.cpp for CXX dependencies
2026-07-27T15:17:49.9322668Z [212/700] Scanning /home/runner/work/logcraft/logcraft/core/src/logging/logging_config.cpp for CXX dependencies
2026-07-27T15:17:49.9700880Z [213/700] Scanning /home/runner/work/logcraft/logcraft/core/src/output/recording_sink.cpp for CXX dependencies
2026-07-27T15:17:50.0115149Z [214/700] Scanning /home/runner/work/logcraft/logcraft/core/src/logging/logger.cpp for CXX dependencies
2026-07-27T15:17:50.0870397Z [215/700] Scanning /home/runner/work/logcraft/logcraft/core/src/scenario/scenario_flow_parsing.cpp for CXX dependencies
2026-07-27T15:17:50.1063797Z [216/700] Scanning /home/runner/work/logcraft/logcraft/core/src/scenario/scenario_component_parsing.cpp for CXX dependencies
2026-07-27T15:17:50.1395798Z [217/700] Scanning /home/runner/work/logcraft/logcraft/core/src/scenario/scenario_agent_parsing.cpp for CXX dependencies
2026-07-27T15:17:50.1483147Z [218/700] Scanning /home/runner/work/logcraft/logcraft/core/src/output/metrics_sink.cpp for CXX dependencies
2026-07-27T15:17:50.1665550Z [219/700] Scanning /home/runner/work/logcraft/logcraft/core/src/smf/smf_manifest.cpp for CXX dependencies
2026-07-27T15:17:50.1818345Z [220/700] Scanning /home/runner/work/logcraft/logcraft/core/src/output/smf_recording_sink.cpp for CXX dependencies
2026-07-27T15:17:50.1861567Z [221/700] Scanning /home/runner/work/logcraft/logcraft/core/src/output/sharded_pipeline.cpp for CXX dependencies
2026-07-27T15:17:50.1880337Z [222/700] Scanning /home/runner/work/logcraft/logcraft/core/src/output/http_sink.cpp for CXX dependencies
2026-07-27T15:17:50.1924629Z [223/700] Scanning /home/runner/work/logcraft/logcraft/core/src/smf/smf_reader.cpp for CXX dependencies
2026-07-27T15:17:50.1999103Z [224/700] Scanning /home/runner/work/logcraft/logcraft/core/src/output/output_manager.cpp for CXX dependencies
2026-07-27T15:17:50.2040376Z [225/700] Scanning /home/runner/work/logcraft/logcraft/core/src/smf/smf_writer.cpp for CXX dependencies
2026-07-27T15:17:50.2045447Z [226/700] Scanning /home/runner/work/logcraft/logcraft/core/src/timeline/timeline_cursor.cpp for CXX dependencies
2026-07-27T15:17:50.2127631Z [227/700] Scanning /home/runner/work/logcraft/logcraft/core/src/timeline/timeline_engine.cpp for CXX dependencies
2026-07-27T15:17:50.2223646Z [228/700] Scanning /home/runner/work/logcraft/logcraft/core/api/core.cppm for CXX dependencies
2026-07-27T15:17:50.2371291Z [229/700] Scanning /home/runner/work/logcraft/logcraft/core/api/core.api-agent.cppm for CXX dependencies
2026-07-27T15:17:50.2401106Z [230/700] Scanning /home/runner/work/logcraft/logcraft/core/api/core.api-engine.cppm for CXX dependencies
2026-07-27T15:17:50.2548582Z [231/700] Scanning /home/runner/work/logcraft/logcraft/core/api/core.api-intent_library.cppm for CXX dependencies
2026-07-27T15:17:50.2689972Z [232/700] Scanning /home/runner/work/logcraft/logcraft/core/src/scenario/scenario_registry_resolution.cpp for CXX dependencies
2026-07-27T15:17:50.2719969Z [233/700] Scanning /home/runner/work/logcraft/logcraft/core/src/scenario/scenario_loader.cpp for CXX dependencies
2026-07-27T15:17:50.2743460Z [234/700] Scanning /home/runner/work/logcraft/logcraft/core/api/core.api-scenario.cppm for CXX dependencies
2026-07-27T15:17:50.2764712Z [235/700] Scanning /home/runner/work/logcraft/logcraft/core/api/core.api-output.cppm for CXX dependencies
2026-07-27T15:17:50.2800861Z [236/700] Scanning /home/runner/work/logcraft/logcraft/core/src/scenario/scenario_section_dispatch.cpp for CXX dependencies
2026-07-27T15:17:50.2825245Z [237/700] Scanning /home/runner/work/logcraft/logcraft/core/api/core.api-value.cppm for CXX dependencies
2026-07-27T15:17:50.2827206Z [238/700] Scanning /home/runner/work/logcraft/logcraft/core/api/core.api-timeline.cppm for CXX dependencies
2026-07-27T15:17:50.2902212Z [239/700] Scanning /home/runner/work/logcraft/logcraft/core/src/agent/core.detail.agent.cppm for CXX dependencies
2026-07-27T15:17:50.2978493Z [240/700] Scanning /home/runner/work/logcraft/logcraft/core/src/core.internal.cppm for CXX dependencies
2026-07-27T15:17:50.3103139Z [241/700] Scanning /home/runner/work/logcraft/logcraft/core/api/core.api.cppm for CXX dependencies
2026-07-27T15:17:50.3106565Z [242/700] Scanning /home/runner/work/logcraft/logcraft/core/src/flow/core.detail.flow.cppm for CXX dependencies
2026-07-27T15:17:50.3108158Z [243/700] Scanning /home/runner/work/logcraft/logcraft/core/src/foundation/core.detail.foundation-pipeline.cppm for CXX dependencies
2026-07-27T15:17:50.3113036Z [244/700] Scanning /home/runner/work/logcraft/logcraft/core/src/foundation/core.detail.foundation-hash.cppm for CXX dependencies
2026-07-27T15:17:50.3181024Z [245/700] Scanning /home/runner/work/logcraft/logcraft/core/src/foundation/core.detail.foundation-random.cppm for CXX dependencies
2026-07-27T15:17:50.3309134Z [246/700] Scanning /home/runner/work/logcraft/logcraft/core/src/foundation/core.detail.foundation.cppm for CXX dependencies
2026-07-27T15:17:50.3509121Z [247/700] Scanning /home/runner/work/logcraft/logcraft/core/src/output/core.detail.output.cppm for CXX dependencies
2026-07-27T15:17:50.3510656Z [248/700] Scanning /home/runner/work/logcraft/logcraft/core/src/output/core.detail.output-formatter.cppm for CXX dependencies
2026-07-27T15:17:50.3692275Z [249/700] Scanning /home/runner/work/logcraft/logcraft/core/src/smf/core.detail.smf.cppm for CXX dependencies
2026-07-27T15:17:50.3729934Z [250/700] Scanning /home/runner/work/logcraft/logcraft/core/src/output/core.detail.output-sink.cppm for CXX dependencies
2026-07-27T15:17:50.3843143Z [251/700] Scanning /home/runner/work/logcraft/logcraft/core/src/scenario/scenario_loader_detail.cpp for CXX dependencies
2026-07-27T15:17:50.3881356Z [252/700] Scanning /home/runner/work/logcraft/logcraft/core/src/timeline/core.detail.timeline.cppm for CXX dependencies
2026-07-27T15:17:50.3891110Z [253/700] Scanning /home/runner/work/logcraft/logcraft/core/tests/core.test.cppm for CXX dependencies
2026-07-27T15:17:50.4169543Z [254/700] Scanning /home/runner/work/logcraft/logcraft/core/src/scenario/scenario_validation.cpp for CXX dependencies
2026-07-27T15:17:50.4531955Z [255/700] Scanning /home/runner/work/logcraft/logcraft/core/src/timeline/shm_timeline_view.cpp for CXX dependencies
2026-07-27T15:17:50.4846667Z [256/700] Scanning /home/runner/work/logcraft/logcraft/core/src/timeline/timeline_unfolder.cpp for CXX dependencies
2026-07-27T15:17:50.5464885Z [257/700] Scanning /home/runner/work/logcraft/logcraft/core/src/engine/core.detail.engine.cppm for CXX dependencies
2026-07-27T15:17:50.5687326Z [258/700] Scanning /home/runner/work/logcraft/logcraft/core/src/timeline/flow_unfolder.cpp for CXX dependencies
2026-07-27T15:17:50.5921459Z [259/700] Scanning /home/runner/work/logcraft/logcraft/core/src/logging/core.detail.logging.cppm for CXX dependencies
2026-07-27T15:17:50.6101114Z [260/700] Scanning /home/runner/work/logcraft/logcraft/core/tests/module/test_logcraft_core_module_import.cpp for CXX dependencies
2026-07-27T15:17:50.6301520Z [261/700] Scanning /home/runner/work/logcraft/logcraft/core/src/scenario/core.detail.scenario.cppm for CXX dependencies
2026-07-27T15:17:50.6449050Z [262/700] Scanning /home/runner/work/logcraft/logcraft/core/benchmarks/bench_deterministic_replay.cpp for CXX dependencies
2026-07-27T15:17:50.6721061Z [263/700] Scanning /home/runner/work/logcraft/logcraft/core/benchmarks/bench_engine_throughput.cpp for CXX dependencies
2026-07-27T15:17:50.6926078Z [264/700] Scanning /home/runner/work/logcraft/logcraft/core/benchmarks/bench_log_formatter.cpp for CXX dependencies
2026-07-27T15:17:50.7041339Z [265/700] Scanning /home/runner/work/logcraft/logcraft/core/benchmarks/bench_field_generators.cpp for CXX dependencies
2026-07-27T15:17:50.8115091Z [266/700] Scanning /home/runner/work/logcraft/logcraft/core/benchmarks/bench_ring_throughput.cpp for CXX dependencies
2026-07-27T15:17:50.8249553Z [267/700] Scanning /home/runner/work/logcraft/logcraft/core/benchmarks/bench_sharded_pipeline.cpp for CXX dependencies
2026-07-27T15:17:50.8313877Z [268/700] Scanning /home/runner/work/logcraft/logcraft/core/benchmarks/bench_timeline_seek.cpp for CXX dependencies
2026-07-27T15:17:50.8426422Z [269/700] Scanning /home/runner/work/logcraft/logcraft/core/src/agent/field_generator.cpp for CXX dependencies
2026-07-27T15:17:50.8453384Z [270/700] Scanning /home/runner/work/logcraft/logcraft/core/benchmarks/bench_phase_split.cpp for CXX dependencies
2026-07-27T15:17:50.8637915Z [271/700] Scanning /home/runner/work/logcraft/logcraft/core/src/engine/engine_api.cpp for CXX dependencies
2026-07-27T15:17:50.8841597Z [272/700] Scanning /home/runner/work/logcraft/logcraft/core/benchmarks/bench_main.cpp for CXX dependencies
2026-07-27T15:17:50.9844810Z [273/700] Scanning /home/runner/work/logcraft/logcraft/core/src/agent/agent.cpp for CXX dependencies
2026-07-27T15:17:51.0528169Z [274/700] Scanning /home/runner/work/logcraft/logcraft/core/src/agent/agent_registry.cpp for CXX dependencies
2026-07-27T15:17:51.1039000Z [275/700] Scanning /home/runner/work/logcraft/logcraft/core/src/engine/command_facade.cpp for CXX dependencies
2026-07-27T15:17:51.1150034Z [276/700] Scanning /home/runner/work/logcraft/logcraft/core/src/agent/agent_generation.cpp for CXX dependencies
2026-07-27T15:17:51.1297649Z [277/700] Scanning /home/runner/work/logcraft/logcraft/core/src/engine/runtime_monitor.cpp for CXX dependencies
2026-07-27T15:17:51.1383911Z [278/700] Scanning /home/runner/work/logcraft/logcraft/core/src/foundation/sha256.cpp for CXX dependencies
2026-07-27T15:17:51.1494136Z [279/700] Scanning /home/runner/work/logcraft/logcraft/core/src/foundation/simulation_clock.cpp for CXX dependencies
2026-07-27T15:17:51.1634976Z [280/700] Scanning /home/runner/work/logcraft/logcraft/core/src/agent/agent_enrichment.cpp for CXX dependencies
2026-07-27T15:17:51.1790708Z [281/700] Scanning /home/runner/work/logcraft/logcraft/core/src/foundation/time_context.cpp for CXX dependencies
2026-07-27T15:17:51.1992726Z [282/700] Scanning /home/runner/work/logcraft/logcraft/core/src/engine/engine_command_surface.cpp for CXX dependencies
2026-07-27T15:17:51.2529313Z [283/700] Scanning /home/runner/work/logcraft/logcraft/core/src/engine/engine_manager.cpp for CXX dependencies
2026-07-27T15:17:51.3062640Z [284/700] Scanning /home/runner/work/logcraft/logcraft/core/src/engine/engine_replay.cpp for CXX dependencies
2026-07-27T15:17:51.3115559Z [285/700] Scanning /home/runner/work/logcraft/logcraft/core/src/engine/engine.cpp for CXX dependencies
2026-07-27T15:17:51.3357844Z [286/700] Scanning /home/runner/work/logcraft/logcraft/core/src/agent/agent_scheduling.cpp for CXX dependencies
2026-07-27T15:17:51.3455703Z [287/700] Scanning /home/runner/work/logcraft/logcraft/core/src/output/gha_intent_medium.cpp for CXX dependencies
2026-07-27T15:17:51.3493264Z [288/700] Scanning /home/runner/work/logcraft/logcraft/core/src/engine/engine_lifecycle.cpp for CXX dependencies
2026-07-27T15:17:51.3622913Z [289/700] Scanning /home/runner/work/logcraft/logcraft/core/src/output/log_formatter.cpp for CXX dependencies
2026-07-27T15:17:51.3680114Z [290/700] Scanning /home/runner/work/logcraft/logcraft/core/src/output/log_formatter_github_actions.cpp for CXX dependencies
2026-07-27T15:17:51.3722772Z [291/700] Scanning /home/runner/work/logcraft/logcraft/core/src/output/log_formatter_cloud.cpp for CXX dependencies
2026-07-27T15:17:51.3728604Z [292/700] Scanning /home/runner/work/logcraft/logcraft/core/src/output/log_formatter_mobile.cpp for CXX dependencies
2026-07-27T15:17:51.3921987Z [293/700] Scanning /home/runner/work/logcraft/logcraft/core/src/output/log_formatter_syslog.cpp for CXX dependencies
2026-07-27T15:17:51.3956531Z [294/700] Scanning /home/runner/work/logcraft/logcraft/core/src/output/log_formatter_text.cpp for CXX dependencies
2026-07-27T15:17:51.4000690Z [295/700] Scanning /home/runner/work/logcraft/logcraft/core/src/logging/logger.cpp for CXX dependencies
2026-07-27T15:17:51.4057861Z [296/700] Scanning /home/runner/work/logcraft/logcraft/core/src/engine/replay_source.cpp for CXX dependencies
2026-07-27T15:17:51.4451208Z [297/700] Scanning /home/runner/work/logcraft/logcraft/core/src/output/console_sink.cpp for CXX dependencies
2026-07-27T15:17:51.4567488Z [298/700] Scanning /home/runner/work/logcraft/logcraft/core/src/logging/logging_config.cpp for CXX dependencies
2026-07-27T15:17:51.4581404Z [299/700] Scanning /home/runner/work/logcraft/logcraft/core/src/output/shared_memory_sink.cpp for CXX dependencies
2026-07-27T15:17:51.4807980Z [300/700] Scanning /home/runner/work/logcraft/logcraft/core/src/flow/flow_engine.cpp for CXX dependencies
2026-07-27T15:17:51.4808586Z [301/700] Scanning /home/runner/work/logcraft/logcraft/core/src/scenario/intent_library.cpp for CXX dependencies
2026-07-27T15:17:51.4976426Z [302/700] Scanning /home/runner/work/logcraft/logcraft/core/src/scenario/scenario_axis.cpp for CXX dependencies
2026-07-27T15:17:51.5130833Z [303/700] Scanning /home/runner/work/logcraft/logcraft/core/src/scenario/scenario_capabilities.cpp for CXX dependencies
2026-07-27T15:17:51.5646223Z [304/700] Scanning /home/runner/work/logcraft/logcraft/core/src/output/file_sink.cpp for CXX dependencies
2026-07-27T15:17:51.6871152Z [305/700] Scanning /home/runner/work/logcraft/logcraft/core/src/output/smf_recording_sink.cpp for CXX dependencies
2026-07-27T15:17:51.6878894Z [306/700] Scanning /home/runner/work/logcraft/logcraft/core/src/output/output_manager.cpp for CXX dependencies
2026-07-27T15:17:51.6955514Z [307/700] Scanning /home/runner/work/logcraft/logcraft/core/src/scenario/scenario_flow_parsing.cpp for CXX dependencies
2026-07-27T15:17:51.7040187Z [308/700] Scanning /home/runner/work/logcraft/logcraft/core/src/output/recording_sink.cpp for CXX dependencies
2026-07-27T15:17:51.7503397Z [309/700] Scanning /home/runner/work/logcraft/logcraft/core/src/output/http_sink.cpp for CXX dependencies
2026-07-27T15:17:51.7547995Z [310/700] Scanning /home/runner/work/logcraft/logcraft/core/src/scenario/scenario_component_parsing.cpp for CXX dependencies
2026-07-27T15:17:51.7686214Z [311/700] Scanning /home/runner/work/logcraft/logcraft/core/src/smf/smf_manifest.cpp for CXX dependencies
2026-07-27T15:17:51.7752818Z [312/700] Scanning /home/runner/work/logcraft/logcraft/core/src/smf/smf_reader.cpp for CXX dependencies
2026-07-27T15:17:51.7825026Z [313/700] Scanning /home/runner/work/logcraft/logcraft/core/src/scenario/scenario_agent_parsing.cpp for CXX dependencies
2026-07-27T15:17:51.7846786Z [314/700] Scanning /home/runner/work/logcraft/logcraft/core/src/output/sharded_pipeline.cpp for CXX dependencies
2026-07-27T15:17:51.7955430Z [315/700] Scanning /home/runner/work/logcraft/logcraft/core/src/smf/smf_writer.cpp for CXX dependencies
2026-07-27T15:17:51.8118436Z [316/700] Scanning /home/runner/work/logcraft/logcraft/core/src/timeline/timeline_cursor.cpp for CXX dependencies
2026-07-27T15:17:51.8273073Z [317/700] Scanning /home/runner/work/logcraft/logcraft/core/src/timeline/timeline_engine.cpp for CXX dependencies
2026-07-27T15:17:51.8519541Z [318/700] Scanning /home/runner/work/logcraft/logcraft/core/api/core.cppm for CXX dependencies
2026-07-27T15:17:51.8767332Z [319/700] Scanning /home/runner/work/logcraft/logcraft/core/api/core.api-agent.cppm for CXX dependencies
2026-07-27T15:17:51.8846128Z [320/700] Scanning /home/runner/work/logcraft/logcraft/core/src/scenario/scenario_registry_resolution.cpp for CXX dependencies
2026-07-27T15:17:51.8874904Z [321/700] Scanning /home/runner/work/logcraft/logcraft/core/src/scenario/scenario_loader.cpp for CXX dependencies
2026-07-27T15:17:51.8940423Z [322/700] Scanning /home/runner/work/logcraft/logcraft/core/src/output/metrics_sink.cpp for CXX dependencies
2026-07-27T15:17:51.8999232Z [323/700] Scanning /home/runner/work/logcraft/logcraft/core/api/core.api-engine.cppm for CXX dependencies
2026-07-27T15:17:51.9002852Z [324/700] Scanning /home/runner/work/logcraft/logcraft/core/api/core.api-intent_library.cppm for CXX dependencies
2026-07-27T15:17:51.9043068Z [325/700] Scanning /home/runner/work/logcraft/logcraft/core/api/core.api-output.cppm for CXX dependencies
2026-07-27T15:17:51.9146027Z [326/700] Scanning /home/runner/work/logcraft/logcraft/core/api/core.api-scenario.cppm for CXX dependencies
2026-07-27T15:17:51.9211621Z [327/700] Scanning /home/runner/work/logcraft/logcraft/core/api/core.api-timeline.cppm for CXX dependencies
2026-07-27T15:17:51.9216127Z [328/700] Scanning /home/runner/work/logcraft/logcraft/core/api/core.api.cppm for CXX dependencies
2026-07-27T15:17:51.9250484Z [329/700] Scanning /home/runner/work/logcraft/logcraft/core/api/core.api-value.cppm for CXX dependencies
2026-07-27T15:17:51.9370241Z [330/700] Scanning /home/runner/work/logcraft/logcraft/core/src/scenario/scenario_section_dispatch.cpp for CXX dependencies
2026-07-27T15:17:51.9413218Z [331/700] Scanning /home/runner/work/logcraft/logcraft/core/src/agent/core.detail.agent.cppm for CXX dependencies
2026-07-27T15:17:51.9480447Z [332/700] Scanning /home/runner/work/logcraft/logcraft/core/src/core.internal.cppm for CXX dependencies
2026-07-27T15:17:51.9520492Z [333/700] Scanning /home/runner/work/logcraft/logcraft/core/src/flow/core.detail.flow.cppm for CXX dependencies
2026-07-27T15:17:51.9529589Z [334/700] Scanning /home/runner/work/logcraft/logcraft/core/src/foundation/core.detail.foundation-hash.cppm for CXX dependencies
2026-07-27T15:17:51.9562518Z [335/700] Scanning /home/runner/work/logcraft/logcraft/core/src/foundation/core.detail.foundation-pipeline.cppm for CXX dependencies
2026-07-27T15:17:51.9719739Z [336/700] Scanning /home/runner/work/logcraft/logcraft/core/src/foundation/core.detail.foundation-random.cppm for CXX dependencies
2026-07-27T15:17:51.9770346Z [337/700] Scanning /home/runner/work/logcraft/logcraft/core/src/foundation/core.detail.foundation.cppm for CXX dependencies
2026-07-27T15:17:51.9920118Z [338/700] Scanning /home/runner/work/logcraft/logcraft/core/src/output/core.detail.output-formatter.cppm for CXX dependencies
2026-07-27T15:17:52.0014351Z [339/700] Scanning /home/runner/work/logcraft/logcraft/core/src/output/core.detail.output.cppm for CXX dependencies
2026-07-27T15:17:52.0120103Z [340/700] Scanning /home/runner/work/logcraft/logcraft/core/src/scenario/scenario_loader_detail.cpp for CXX dependencies
2026-07-27T15:17:52.0144009Z [341/700] Scanning /home/runner/work/logcraft/logcraft/core/src/scenario/scenario_validation.cpp for CXX dependencies
2026-07-27T15:17:52.0277869Z [342/700] Scanning /home/runner/work/logcraft/logcraft/core/src/smf/core.detail.smf.cppm for CXX dependencies
2026-07-27T15:17:52.0295339Z [343/700] Scanning /home/runner/work/logcraft/logcraft/core/src/timeline/core.detail.timeline.cppm for CXX dependencies
2026-07-27T15:17:52.0308657Z [344/700] Scanning /home/runner/work/logcraft/logcraft/core/benchmarks/core.bench.cppm for CXX dependencies
2026-07-27T15:17:52.0350265Z [345/700] Scanning /home/runner/work/logcraft/logcraft/core/src/output/core.detail.output-sink.cppm for CXX dependencies
2026-07-27T15:17:52.0403862Z [346/700] Scanning /home/runner/work/logcraft/logcraft/core/cli/logcraft_validate.cpp for CXX dependencies
2026-07-27T15:17:52.0487981Z [347/700] Scanning /home/runner/work/logcraft/logcraft/core/src/timeline/shm_timeline_view.cpp for CXX dependencies
2026-07-27T15:17:52.0539945Z [348/700] Generating CXX dyndep file CMakeFiles/logcraft_core_module_test.dir/CXX.dd
2026-07-27T15:17:52.0600358Z [349/700] Generating CXX dyndep file CMakeFiles/logcraft_validate.dir/CXX.dd
2026-07-27T15:17:52.0718518Z [350/700] Scanning /home/runner/work/logcraft/logcraft/core/src/timeline/flow_unfolder.cpp for CXX dependencies
2026-07-27T15:17:52.0766060Z [351/700] Building CXX object CMakeFiles/logcraft_core.dir/src/core.internal.cppm.o
2026-07-27T15:17:52.0858036Z [352/700] Generating CXX dyndep file CMakeFiles/logcraft_core_tests.dir/CXX.dd
2026-07-27T15:17:52.1016927Z [353/704] Building CXX object 'CMakeFiles/insight__canon@synth_bb333fe43d17.dir/cb9ae607ab72.bmi'
2026-07-27T15:17:52.1254404Z [354/704] Scanning /home/runner/work/logcraft/logcraft/core/src/timeline/timeline_unfolder.cpp for CXX dependencies
2026-07-27T15:17:52.1455065Z [355/704] Building CXX object CMakeFiles/logcraft_core.dir/api/core.api-timeline.cppm.o
2026-07-27T15:17:52.2000800Z [356/704] Scanning /home/runner/work/logcraft/logcraft/core/src/engine/core.detail.engine.cppm for CXX dependencies
2026-07-27T15:17:52.2868473Z [357/704] Building CXX object CMakeFiles/logcraft_core_tests.dir/src/core.internal.cppm.o
2026-07-27T15:17:52.2972832Z [358/704] Scanning /home/runner/work/logcraft/logcraft/core/src/scenario/core.detail.scenario.cppm for CXX dependencies
2026-07-27T15:17:52.3056310Z [359/704] Scanning /home/runner/work/logcraft/logcraft/core/src/logging/core.detail.logging.cppm for CXX dependencies
2026-07-27T15:17:52.3440644Z [360/704] Generating CXX dyndep file CMakeFiles/logcraft_core_bench.dir/CXX.dd
2026-07-27T15:17:52.3714924Z [361/704] Building CXX object CMakeFiles/logcraft_core_tests.dir/api/core.api-timeline.cppm.o
2026-07-27T15:17:52.3965725Z [362/704] Building CXX object CMakeFiles/__cmake_cxx_std_23.dir/opt/gcc-15.3/include/c++/15.3.0/bits/std.compat.cc.o
2026-07-27T15:17:52.4927084Z [363/704] Building CXX object CMakeFiles/logcraft_core.dir/src/foundation/core.detail.foundation-hash.cppm.o
2026-07-27T15:17:52.6045066Z [364/704] Building CXX object CMakeFiles/logcraft_core.dir/src/foundation/core.detail.foundation-random.cppm.o
2026-07-27T15:17:52.7232125Z [365/704] Building CXX object CMakeFiles/logcraft_core.dir/api/core.api-value.cppm.o
2026-07-27T15:17:52.7528299Z [366/704] Building CXX object 'CMakeFiles/coderoast__ipc__core@synth_bb333fe43d17.dir/9f05fa3a05f7.bmi'
2026-07-27T15:17:52.7725387Z [367/704] Building CXX object CMakeFiles/logcraft_core_tests.dir/src/foundation/core.detail.foundation-hash.cppm.o
2026-07-27T15:17:52.7803023Z [368/704] Building CXX object CMakeFiles/logcraft_core.dir/api/core.api-output.cppm.o
2026-07-27T15:17:52.7847730Z [369/704] Linking CXX static library lib__cmake_cxx_std_23.a
2026-07-27T15:17:52.8294614Z [370/704] Building CXX object CMakeFiles/logcraft_core_bench.dir/src/core.internal.cppm.o
2026-07-27T15:17:52.9369157Z [371/704] Building CXX object CMakeFiles/logcraft_core_tests.dir/src/foundation/core.detail.foundation-random.cppm.o
2026-07-27T15:17:52.9510242Z [372/704] Building CXX object CMakeFiles/logcraft_core_tests.dir/api/core.api-value.cppm.o
2026-07-27T15:17:52.9564554Z [373/704] Building CXX object CMakeFiles/logcraft_core_tests.dir/api/core.api-output.cppm.o
2026-07-27T15:17:53.0145914Z [374/704] Building CXX object CMakeFiles/logcraft_core_bench.dir/api/core.api-timeline.cppm.o
2026-07-27T15:17:53.2043034Z [375/704] Building CXX object 'CMakeFiles/coderoast__ipc__producer@synth_bb333fe43d17.dir/4e322359ad3a.bmi'
2026-07-27T15:17:53.3510506Z [376/704] Building CXX object CMakeFiles/logcraft_core.dir/api/core.api-intent_library.cppm.o
2026-07-27T15:17:53.5157184Z [377/704] Building CXX object CMakeFiles/logcraft_core_bench.dir/api/core.api-output.cppm.o
2026-07-27T15:17:53.6840322Z [378/704] Building CXX object CMakeFiles/logcraft_core_tests.dir/api/core.api-intent_library.cppm.o
2026-07-27T15:17:53.7158141Z [379/704] Building CXX object CMakeFiles/logcraft_core_bench.dir/api/core.api-value.cppm.o
2026-07-27T15:17:53.7659069Z [380/704] Building CXX object CMakeFiles/logcraft_core_bench.dir/src/foundation/core.detail.foundation-hash.cppm.o
2026-07-27T15:17:53.7725467Z [381/704] Building CXX object CMakeFiles/logcraft_core.dir/api/core.api-agent.cppm.o
2026-07-27T15:17:53.9120697Z [382/704] Building CXX object CMakeFiles/logcraft_core_bench.dir/src/foundation/core.detail.foundation-random.cppm.o
2026-07-27T15:17:54.3687812Z [383/704] Building CXX object CMakeFiles/logcraft_core_bench.dir/api/core.api-intent_library.cppm.o
2026-07-27T15:17:54.3719761Z [384/704] Building CXX object CMakeFiles/logcraft_core_tests.dir/api/core.api-agent.cppm.o
2026-07-27T15:17:54.6358760Z [385/704] Building CXX object CMakeFiles/logcraft_core.dir/api/core.api-scenario.cppm.o
2026-07-27T15:17:54.6870428Z [386/704] Building CXX object 'CMakeFiles/coderoast__ipc__consumer@synth_bb333fe43d17.dir/921df7e75901.bmi'
2026-07-27T15:17:54.9039584Z [387/704] Building CXX object CMakeFiles/logcraft_core.dir/src/logging/core.detail.logging.cppm.o
2026-07-27T15:17:54.9702572Z [388/704] Building CXX object CMakeFiles/logcraft_core_bench.dir/api/core.api-agent.cppm.o
2026-07-27T15:17:54.9943499Z [389/704] Building CXX object CMakeFiles/logcraft_core_bench.dir/benchmarks/bench_main.cpp.o
2026-07-27T15:17:55.1785804Z [390/704] Building CXX object CMakeFiles/logcraft_core_tests.dir/api/core.api-scenario.cppm.o
2026-07-27T15:17:55.1994203Z [391/704] Building CXX object CMakeFiles/logcraft_core.dir/api/core.api-engine.cppm.o
2026-07-27T15:17:55.2002976Z [392/704] Building CXX object CMakeFiles/logcraft_core_tests.dir/src/logging/core.detail.logging.cppm.o
2026-07-27T15:17:55.6494276Z [393/704] Building CXX object CMakeFiles/logcraft_core_tests.dir/api/core.api-engine.cppm.o
2026-07-27T15:17:55.6679170Z [394/704] Building CXX object CMakeFiles/logcraft_core_bench.dir/api/core.api-scenario.cppm.o
2026-07-27T15:17:55.9329148Z [395/704] Building CXX object CMakeFiles/logcraft_core.dir/api/core.api.cppm.o
2026-07-27T15:17:56.1003432Z [396/704] Building CXX object CMakeFiles/logcraft_core_bench.dir/src/logging/core.detail.logging.cppm.o
2026-07-27T15:17:56.2522304Z [397/704] Building CXX object CMakeFiles/logcraft_core_bench.dir/api/core.api-engine.cppm.o
2026-07-27T15:17:56.3011112Z [398/704] Building CXX object 'CMakeFiles/insight__canon@synth_bb333fe43d17.dir/fe00d9613785.bmi'
2026-07-27T15:17:56.6045131Z [399/704] Building CXX object CMakeFiles/logcraft_core.dir/api/core.cppm.o
2026-07-27T15:17:56.6083315Z [400/704] Building CXX object CMakeFiles/logcraft_core_tests.dir/api/core.api.cppm.o
2026-07-27T15:17:56.6280725Z [401/704] Building CXX object CMakeFiles/logcraft_core.dir/src/foundation/time_context.cpp.o
2026-07-27T15:17:57.0162315Z [402/704] Building CXX object CMakeFiles/logcraft_core.dir/src/scenario/scenario_axis.cpp.o
2026-07-27T15:17:57.0871759Z [403/704] Building CXX object CMakeFiles/logcraft_core.dir/src/scenario/scenario_capabilities.cpp.o
2026-07-27T15:17:57.2577042Z [404/704] Building CXX object CMakeFiles/logcraft_core_tests.dir/src/foundation/time_context.cpp.o
2026-07-27T15:17:57.3356798Z [405/704] Building CXX object CMakeFiles/logcraft_core.dir/src/foundation/core.detail.foundation-pipeline.cppm.o
2026-07-27T15:17:57.6056320Z [406/704] Building CXX object CMakeFiles/logcraft_core_tests.dir/src/scenario/scenario_axis.cpp.o
2026-07-27T15:17:57.7263955Z [407/704] Building CXX object CMakeFiles/logcraft_core_tests.dir/api/core.cppm.o
2026-07-27T15:17:57.8058598Z [408/704] Building CXX object CMakeFiles/logcraft_core_tests.dir/src/logging/logger.cpp.o
2026-07-27T15:17:58.0714781Z [409/704] Building CXX object CMakeFiles/logcraft_core.dir/src/foundation/core.detail.foundation.cppm.o
2026-07-27T15:17:58.1442125Z [410/704] Building CXX object CMakeFiles/logcraft_core.dir/src/logging/logger.cpp.o
2026-07-27T15:17:58.4044003Z [411/704] Building CXX object CMakeFiles/logcraft_core_tests.dir/src/foundation/core.detail.foundation-pipeline.cppm.o
2026-07-27T15:17:58.5563834Z [412/704] Building CXX object CMakeFiles/logcraft_core_tests.dir/src/scenario/scenario_capabilities.cpp.o
2026-07-27T15:17:59.0121836Z [413/704] Building CXX object CMakeFiles/logcraft_core.dir/src/foundation/sha256.cpp.o
2026-07-27T15:17:59.0488565Z [414/704] Building CXX object CMakeFiles/logcraft_core.dir/src/logging/logging_config.cpp.o
2026-07-27T15:17:59.1390202Z [415/704] Building CXX object CMakeFiles/logcraft_core.dir/src/foundation/simulation_clock.cpp.o
2026-07-27T15:17:59.5189137Z [416/704] Building CXX object CMakeFiles/logcraft_core.dir/src/agent/core.detail.agent.cppm.o
2026-07-27T15:17:59.5348657Z [417/704] Building CXX object CMakeFiles/logcraft_core.dir/src/smf/core.detail.smf.cppm.o
2026-07-27T15:17:59.6032978Z [418/704] Building CXX object CMakeFiles/logcraft_core.dir/src/output/core.detail.output-formatter.cppm.o
2026-07-27T15:17:59.6195811Z [419/704] Building CXX object CMakeFiles/logcraft_core_bench.dir/src/logging/logger.cpp.o
2026-07-27T15:17:59.8181317Z [420/704] Building CXX object CMakeFiles/logcraft_core_tests.dir/src/foundation/core.detail.foundation.cppm.o
2026-07-27T15:17:59.9361918Z [421/704] Building CXX object CMakeFiles/logcraft_core.dir/src/scenario/core.detail.scenario.cppm.o
2026-07-27T15:18:00.1748689Z [422/704] Building CXX object CMakeFiles/logcraft_core_bench.dir/api/core.api.cppm.o
2026-07-27T15:18:00.5008745Z [423/704] Building CXX object CMakeFiles/logcraft_core_tests.dir/src/logging/logging_config.cpp.o
2026-07-27T15:18:00.6332188Z [424/704] Building CXX object CMakeFiles/logcraft_core_module_test.dir/tests/module/test_logcraft_core_module_import.cpp.o
2026-07-27T15:18:01.9056952Z [425/704] Building CXX object CMakeFiles/logcraft_core_tests.dir/src/scenario/core.detail.scenario.cppm.o
2026-07-27T15:18:02.2311179Z [426/704] Building CXX object CMakeFiles/logcraft_core.dir/src/agent/agent_registry.cpp.o
2026-07-27T15:18:03.5722314Z [427/704] Building CXX object CMakeFiles/logcraft_core.dir/src/agent/agent_generation.cpp.o
2026-07-27T15:18:04.0810737Z [428/704] Building CXX object CMakeFiles/logcraft_core.dir/src/scenario/scenario_component_parsing.cpp.o
2026-07-27T15:18:04.1792213Z [429/704] Building CXX object CMakeFiles/logcraft_core.dir/src/agent/agent_enrichment.cpp.o
2026-07-27T15:18:04.2290474Z [430/704] Building CXX object CMakeFiles/logcraft_core.dir/src/agent/field_generator.cpp.o
2026-07-27T15:18:04.7043200Z [431/704] Building CXX object CMakeFiles/logcraft_core.dir/src/scenario/scenario_loader.cpp.o
2026-07-27T15:18:05.8114459Z [432/704] Building CXX object CMakeFiles/logcraft_core.dir/src/smf/smf_reader.cpp.o
2026-07-27T15:18:05.9049922Z [433/704] Building CXX object CMakeFiles/logcraft_core.dir/src/agent/agent.cpp.o
2026-07-27T15:18:06.2862967Z [434/704] Building CXX object CMakeFiles/logcraft_core.dir/src/agent/agent_scheduling.cpp.o
2026-07-27T15:18:06.3278757Z [435/704] Building CXX object CMakeFiles/logcraft_core.dir/src/scenario/scenario_flow_parsing.cpp.o
2026-07-27T15:18:06.3734230Z [436/704] Building CXX object CMakeFiles/logcraft_core.dir/src/smf/smf_writer.cpp.o
2026-07-27T15:18:06.6372453Z [437/704] Building CXX object CMakeFiles/logcraft_core.dir/src/flow/core.detail.flow.cppm.o
2026-07-27T15:18:06.8066614Z [438/704] Building CXX object CMakeFiles/logcraft_core.dir/src/smf/smf_manifest.cpp.o
2026-07-27T15:18:07.0094101Z [439/704] Building CXX object CMakeFiles/logcraft_core_tests.dir/src/foundation/sha256.cpp.o
2026-07-27T15:18:07.1717459Z [440/704] Building CXX object CMakeFiles/logcraft_core_tests.dir/src/foundation/simulation_clock.cpp.o
2026-07-27T15:18:07.5998570Z [441/704] Building CXX object CMakeFiles/logcraft_core.dir/src/output/core.detail.output-sink.cppm.o
2026-07-27T15:18:07.8518712Z [442/704] Building CXX object CMakeFiles/logcraft_core.dir/src/timeline/core.detail.timeline.cppm.o
2026-07-27T15:18:08.6501637Z [443/704] Building CXX object CMakeFiles/logcraft_core.dir/src/output/core.detail.output.cppm.o
2026-07-27T15:18:09.2938578Z [444/704] Building CXX object CMakeFiles/logcraft_core.dir/src/scenario/scenario_section_dispatch.cpp.o
2026-07-27T15:18:10.2071634Z [445/704] Building CXX object CMakeFiles/logcraft_core.dir/src/scenario/scenario_registry_resolution.cpp.o
2026-07-27T15:18:10.7046926Z [446/704] Building CXX object CMakeFiles/logcraft_core_tests.dir/src/scenario/scenario_loader.cpp.o
2026-07-27T15:18:10.9388761Z [447/704] Building CXX object CMakeFiles/logcraft_core_tests.dir/src/scenario/scenario_component_parsing.cpp.o
2026-07-27T15:18:11.0394555Z [448/704] Building CXX object CMakeFiles/logcraft_core.dir/src/output/console_sink.cpp.o
2026-07-27T15:18:11.8473278Z [449/704] Building CXX object CMakeFiles/logcraft_core.dir/src/output/log_formatter.cpp.o
2026-07-27T15:18:12.1655187Z [450/704] Building CXX object CMakeFiles/logcraft_core.dir/src/output/log_formatter_github_actions.cpp.o
2026-07-27T15:18:12.2102675Z [451/704] Building CXX object CMakeFiles/logcraft_core.dir/src/timeline/flow_unfolder.cpp.o
2026-07-27T15:18:12.3346149Z [452/704] Building CXX object CMakeFiles/logcraft_core.dir/src/output/file_sink.cpp.o
2026-07-27T15:18:12.3446121Z [453/704] Building CXX object CMakeFiles/logcraft_core_tests.dir/src/scenario/scenario_flow_parsing.cpp.o
2026-07-27T15:18:12.8513407Z [454/704] Building CXX object CMakeFiles/logcraft_core.dir/src/flow/flow_engine.cpp.o
2026-07-27T15:18:13.7386080Z [455/704] Building CXX object CMakeFiles/logcraft_core.dir/src/scenario/scenario_validation.cpp.o
2026-07-27T15:18:13.8038912Z [456/704] Building CXX object CMakeFiles/logcraft_core.dir/src/output/log_formatter_cloud.cpp.o
2026-07-27T15:18:14.7132651Z [457/704] Building CXX object CMakeFiles/logcraft_core.dir/src/output/log_formatter_syslog.cpp.o
2026-07-27T15:18:14.7685114Z [458/704] Building CXX object CMakeFiles/logcraft_core.dir/src/output/log_formatter_text.cpp.o
2026-07-27T15:18:15.0423022Z [459/704] Building CXX object CMakeFiles/logcraft_core.dir/src/output/log_formatter_mobile.cpp.o
2026-07-27T15:18:15.5978173Z [460/704] Building CXX object CMakeFiles/logcraft_core.dir/src/output/output_manager.cpp.o
2026-07-27T15:18:15.6491172Z [461/704] Building CXX object CMakeFiles/logcraft_core.dir/src/output/shared_memory_sink.cpp.o
2026-07-27T15:18:16.0798694Z [462/704] Building CXX object CMakeFiles/logcraft_core.dir/src/output/recording_sink.cpp.o
2026-07-27T15:18:16.5974069Z [463/704] Building CXX object CMakeFiles/logcraft_core.dir/src/output/sharded_pipeline.cpp.o
2026-07-27T15:18:16.7586816Z [464/704] Building CXX object CMakeFiles/logcraft_core.dir/src/output/http_sink.cpp.o
2026-07-27T15:18:17.1879546Z [465/704] Building CXX object CMakeFiles/logcraft_core.dir/src/scenario/scenario_loader_detail.cpp.o
2026-07-27T15:18:17.9760827Z [466/704] Building CXX object CMakeFiles/logcraft_core.dir/src/timeline/timeline_cursor.cpp.o
2026-07-27T15:18:18.5853937Z [467/704] Building CXX object CMakeFiles/logcraft_core.dir/src/output/metrics_sink.cpp.o
2026-07-27T15:18:20.8384022Z [468/704] Building CXX object CMakeFiles/logcraft_core.dir/src/output/smf_recording_sink.cpp.o
2026-07-27T15:18:21.0133002Z [469/704] Building CXX object CMakeFiles/logcraft_core.dir/src/timeline/timeline_engine.cpp.o
2026-07-27T15:18:21.7064270Z [470/704] Building CXX object CMakeFiles/logcraft_core.dir/src/engine/core.detail.engine.cppm.o
2026-07-27T15:18:21.9895433Z [471/704] Building CXX object CMakeFiles/logcraft_core_tests.dir/src/output/core.detail.output-formatter.cppm.o
2026-07-27T15:18:22.7919425Z [472/704] Building CXX object CMakeFiles/logcraft_core.dir/src/timeline/shm_timeline_view.cpp.o
2026-07-27T15:18:22.8072890Z [473/704] Building CXX object CMakeFiles/logcraft_core_tests.dir/src/agent/core.detail.agent.cppm.o
2026-07-27T15:18:23.1022384Z [474/704] Building CXX object CMakeFiles/logcraft_core_tests.dir/src/scenario/scenario_registry_resolution.cpp.o
2026-07-27T15:18:23.1206813Z [475/704] Building CXX object CMakeFiles/logcraft_core_tests.dir/src/scenario/scenario_section_dispatch.cpp.o
2026-07-27T15:18:23.2538879Z [476/704] Building CXX object CMakeFiles/logcraft_core.dir/src/timeline/timeline_unfolder.cpp.o
2026-07-27T15:18:24.4094256Z [477/704] Building CXX object CMakeFiles/logcraft_core.dir/src/engine/engine_api.cpp.o
2026-07-27T15:18:25.6042941Z [478/704] Building CXX object CMakeFiles/logcraft_core.dir/src/engine/command_facade.cpp.o
2026-07-27T15:18:27.3557677Z [479/704] Building CXX object CMakeFiles/logcraft_core.dir/src/engine/engine_replay.cpp.o
2026-07-27T15:18:27.4351072Z [480/704] Building CXX object CMakeFiles/logcraft_core.dir/src/scenario/scenario_agent_parsing.cpp.o
2026-07-27T15:18:27.5796701Z [481/704] Building CXX object CMakeFiles/logcraft_core.dir/src/engine/engine_command_surface.cpp.o
2026-07-27T15:18:27.8310981Z [482/704] Building CXX object CMakeFiles/logcraft_core_tests.dir/src/scenario/scenario_validation.cpp.o
2026-07-27T15:18:29.3564625Z [483/704] Building CXX object CMakeFiles/logcraft_core.dir/src/engine/replay_source.cpp.o
2026-07-27T15:18:31.0818969Z [484/704] Building CXX object CMakeFiles/logcraft_core_tests.dir/src/agent/agent_registry.cpp.o
2026-07-27T15:18:31.1176395Z [485/704] Building CXX object CMakeFiles/logcraft_core_tests.dir/src/agent/agent_generation.cpp.o
2026-07-27T15:18:32.0764518Z [486/704] Building CXX object CMakeFiles/logcraft_core_tests.dir/src/agent/agent_enrichment.cpp.o
2026-07-27T15:18:32.1158075Z [487/704] Building CXX object CMakeFiles/logcraft_core_tests.dir/src/flow/core.detail.flow.cppm.o
2026-07-27T15:18:32.4808180Z [488/704] Building CXX object CMakeFiles/logcraft_core.dir/src/engine/engine_lifecycle.cpp.o
2026-07-27T15:18:32.6158559Z [489/704] Building CXX object CMakeFiles/logcraft_core_tests.dir/src/smf/core.detail.smf.cppm.o
2026-07-27T15:18:33.0586264Z [490/704] Building CXX object CMakeFiles/logcraft_core.dir/src/engine/engine.cpp.o
2026-07-27T15:18:33.2553466Z [491/704] Building CXX object CMakeFiles/logcraft_core.dir/src/engine/engine_manager.cpp.o
2026-07-27T15:18:33.2796918Z [492/704] Building CXX object CMakeFiles/logcraft_core_tests.dir/src/scenario/scenario_loader_detail.cpp.o
2026-07-27T15:18:33.6905542Z [493/704] Building CXX object CMakeFiles/logcraft_core.dir/src/engine/runtime_monitor.cpp.o
2026-07-27T15:18:33.8507167Z [494/704] Building CXX object CMakeFiles/logcraft_core_tests.dir/src/smf/smf_manifest.cpp.o
2026-07-27T15:18:34.1052345Z [495/704] Building CXX object CMakeFiles/logcraft_core_tests.dir/src/agent/agent.cpp.o
2026-07-27T15:18:34.1514781Z [496/704] Building CXX object CMakeFiles/logcraft_core_tests.dir/src/timeline/core.detail.timeline.cppm.o
2026-07-27T15:18:34.1642512Z [497/704] Building CXX object CMakeFiles/logcraft_core_tests.dir/src/agent/field_generator.cpp.o
2026-07-27T15:18:34.5551437Z [498/704] Building CXX object CMakeFiles/logcraft_core_tests.dir/src/smf/smf_writer.cpp.o
2026-07-27T15:18:34.6043208Z [499/704] Building CXX object CMakeFiles/logcraft_core_tests.dir/src/smf/smf_reader.cpp.o
2026-07-27T15:18:34.6368052Z [500/704] Building CXX object CMakeFiles/logcraft_core_bench.dir/src/foundation/time_context.cpp.o
2026-07-27T15:18:34.8558283Z [501/704] Building CXX object CMakeFiles/logcraft_core_bench.dir/src/scenario/scenario_axis.cpp.o
2026-07-27T15:18:35.1712492Z [502/704] Building CXX object CMakeFiles/logcraft_core_tests.dir/src/output/core.detail.output-sink.cppm.o
2026-07-27T15:18:35.4858186Z [503/704] Building CXX object CMakeFiles/logcraft_core_bench.dir/api/core.cppm.o
2026-07-27T15:18:36.1505577Z [504/704] Building CXX object CMakeFiles/logcraft_core_bench.dir/src/scenario/scenario_capabilities.cpp.o
2026-07-27T15:18:36.1623078Z [505/704] Building CXX object CMakeFiles/logcraft_core_bench.dir/src/foundation/core.detail.foundation-pipeline.cppm.o
2026-07-27T15:18:36.5057618Z [506/704] Building CXX object CMakeFiles/logcraft_core_tests.dir/src/output/core.detail.output.cppm.o
2026-07-27T15:18:36.5491052Z [507/704] Building CXX object CMakeFiles/logcraft_core_tests.dir/src/agent/agent_scheduling.cpp.o
2026-07-27T15:18:36.7832373Z [508/704] Building CXX object CMakeFiles/logcraft_core_tests.dir/src/timeline/timeline_cursor.cpp.o
2026-07-27T15:18:36.8494976Z [509/704] Building CXX object CMakeFiles/logcraft_core_bench.dir/src/foundation/core.detail.foundation.cppm.o
2026-07-27T15:18:38.1922355Z [510/704] Building CXX object CMakeFiles/logcraft_core_tests.dir/src/timeline/flow_unfolder.cpp.o
2026-07-27T15:18:38.3474759Z [511/704] Building CXX object CMakeFiles/logcraft_core_tests.dir/src/flow/flow_engine.cpp.o
2026-07-27T15:18:38.5016501Z [512/704] Building CXX object CMakeFiles/logcraft_core_tests.dir/src/output/log_formatter.cpp.o
2026-07-27T15:18:38.6493817Z [513/704] Building CXX object CMakeFiles/logcraft_core_bench.dir/src/logging/logging_config.cpp.o
2026-07-27T15:18:39.4217763Z [514/704] Building CXX object CMakeFiles/logcraft_core_tests.dir/src/output/console_sink.cpp.o
2026-07-27T15:18:39.7757318Z [515/704] Building CXX object CMakeFiles/logcraft_core_tests.dir/src/output/file_sink.cpp.o
2026-07-27T15:18:39.9552234Z [516/704] Building CXX object CMakeFiles/logcraft_core_bench.dir/src/scenario/core.detail.scenario.cppm.o
2026-07-27T15:18:40.1360956Z [517/704] Building CXX object CMakeFiles/logcraft_core_tests.dir/src/output/log_formatter_github_actions.cpp.o
2026-07-27T15:18:40.9356826Z [518/704] Building CXX object CMakeFiles/logcraft_core_tests.dir/src/output/log_formatter_syslog.cpp.o
2026-07-27T15:18:41.1641152Z [519/704] Building CXX object CMakeFiles/logcraft_core_tests.dir/src/timeline/timeline_engine.cpp.o
2026-07-27T15:18:41.3469091Z [520/704] Building CXX object CMakeFiles/logcraft_core_tests.dir/src/timeline/timeline_unfolder.cpp.o
2026-07-27T15:18:41.3781157Z [521/704] Building CXX object CMakeFiles/logcraft_core_tests.dir/src/output/log_formatter_mobile.cpp.o
2026-07-27T15:18:41.7446050Z [522/704] Building CXX object CMakeFiles/logcraft_core_tests.dir/src/output/log_formatter_cloud.cpp.o
2026-07-27T15:18:42.1921178Z [523/704] Building CXX object CMakeFiles/logcraft_core_tests.dir/src/output/log_formatter_text.cpp.o
2026-07-27T15:18:43.0523648Z [524/704] Building CXX object CMakeFiles/logcraft_core_tests.dir/src/output/output_manager.cpp.o
2026-07-27T15:18:43.2954322Z [525/704] Building CXX object CMakeFiles/logcraft_core_tests.dir/src/output/shared_memory_sink.cpp.o
2026-07-27T15:18:43.5144718Z [526/704] Building CXX object CMakeFiles/logcraft_core_tests.dir/src/output/recording_sink.cpp.o
2026-07-27T15:18:43.7019939Z [527/704] Building CXX object CMakeFiles/logcraft_core_bench.dir/src/foundation/sha256.cpp.o
2026-07-27T15:18:44.0232186Z [528/704] Building CXX object CMakeFiles/logcraft_core_bench.dir/src/foundation/simulation_clock.cpp.o
2026-07-27T15:18:44.1244910Z [529/704] Building CXX object CMakeFiles/logcraft_core_tests.dir/src/output/http_sink.cpp.o
2026-07-27T15:18:46.0139673Z [530/704] Building CXX object CMakeFiles/logcraft_core_tests.dir/src/output/sharded_pipeline.cpp.o
2026-07-27T15:18:47.0075872Z [531/704] Building CXX object CMakeFiles/logcraft_core_tests.dir/src/output/metrics_sink.cpp.o
2026-07-27T15:18:47.0529009Z [532/704] Building CXX object CMakeFiles/logcraft_core_tests.dir/src/output/smf_recording_sink.cpp.o
2026-07-27T15:18:47.1461150Z [533/704] Building CXX object CMakeFiles/logcraft_core_bench.dir/src/scenario/scenario_loader.cpp.o
2026-07-27T15:18:47.1566107Z [534/704] Building CXX object CMakeFiles/logcraft_core_bench.dir/src/scenario/scenario_component_parsing.cpp.o
2026-07-27T15:18:47.2134871Z [535/704] Building CXX object CMakeFiles/logcraft_core_tests.dir/src/timeline/shm_timeline_view.cpp.o
2026-07-27T15:18:48.0231705Z [536/704] Building CXX object CMakeFiles/logcraft_core_bench.dir/src/output/core.detail.output-formatter.cppm.o
2026-07-27T15:18:48.0424816Z [537/704] Building CXX object CMakeFiles/logcraft_core_bench.dir/src/agent/core.detail.agent.cppm.o
2026-07-27T15:18:48.2346760Z [538/704] Building CXX object CMakeFiles/logcraft_core_bench.dir/src/smf/core.detail.smf.cppm.o
2026-07-27T15:18:48.5215580Z [539/704] Building CXX object CMakeFiles/logcraft_core_bench.dir/src/scenario/scenario_flow_parsing.cpp.o
2026-07-27T15:18:49.1000849Z [540/704] Building CXX object CMakeFiles/logcraft_core_tests.dir/src/engine/core.detail.engine.cppm.o
2026-07-27T15:18:49.8203379Z [541/704] Building CXX object CMakeFiles/logcraft_validate.dir/cli/logcraft_validate.cpp.o
2026-07-27T15:18:52.2637093Z [542/704] Building CXX object CMakeFiles/logcraft_core_bench.dir/src/agent/agent_enrichment.cpp.o
2026-07-27T15:18:52.7444135Z [543/704] Building CXX object CMakeFiles/logcraft_core_bench.dir/src/agent/agent_generation.cpp.o
2026-07-27T15:18:52.8357335Z [544/704] Building CXX object CMakeFiles/logcraft_core_bench.dir/src/scenario/scenario_section_dispatch.cpp.o
2026-07-27T15:18:53.3887597Z [545/704] Building CXX object CMakeFiles/logcraft_core_bench.dir/src/scenario/scenario_registry_resolution.cpp.o
2026-07-27T15:18:53.5809051Z [546/704] Building CXX object CMakeFiles/logcraft_core_tests.dir/src/engine/command_facade.cpp.o
2026-07-27T15:18:53.8787236Z [547/704] Building CXX object CMakeFiles/logcraft_core_tests.dir/src/engine/engine_api.cpp.o
2026-07-27T15:18:54.7982680Z [548/704] Building CXX object CMakeFiles/logcraft_core_tests.dir/src/scenario/scenario_agent_parsing.cpp.o
2026-07-27T15:18:55.1701438Z [549/704] Building CXX object CMakeFiles/logcraft_core_bench.dir/src/agent/agent.cpp.o
2026-07-27T15:18:56.9499326Z [550/704] Building CXX object CMakeFiles/logcraft_core_tests.dir/src/engine/engine_replay.cpp.o
2026-07-27T15:18:57.1195604Z [551/704] Building CXX object CMakeFiles/logcraft_core_tests.dir/tests/core.test.cppm.o
2026-07-27T15:18:57.9205025Z [552/704] Building CXX object CMakeFiles/logcraft_core_bench.dir/src/scenario/scenario_validation.cpp.o
2026-07-27T15:18:58.7104541Z [553/704] Building CXX object CMakeFiles/logcraft_core_tests.dir/src/engine/engine_command_surface.cpp.o
2026-07-27T15:18:58.8986548Z [554/704] Building CXX object CMakeFiles/logcraft_core_bench.dir/src/scenario/scenario_loader_detail.cpp.o
2026-07-27T15:18:59.0837251Z [555/704] Building CXX object CMakeFiles/logcraft_core_tests.dir/src/engine/replay_source.cpp.o
2026-07-27T15:19:00.2563051Z [556/704] Building CXX object CMakeFiles/logcraft_core_bench.dir/src/agent/agent_registry.cpp.o
2026-07-27T15:19:00.3096970Z [557/704] Building CXX object CMakeFiles/logcraft_core_tests.dir/src/engine/engine.cpp.o
2026-07-27T15:19:00.4299024Z [558/704] Building CXX object CMakeFiles/logcraft_core_tests.dir/src/engine/runtime_monitor.cpp.o
2026-07-27T15:19:02.4508351Z [559/704] Building CXX object CMakeFiles/logcraft_core_tests.dir/src/engine/engine_lifecycle.cpp.o
2026-07-27T15:19:03.8876786Z [560/704] Building CXX object CMakeFiles/logcraft_core_tests.dir/tests/agent/test_emit_false_template_input.cpp.o
2026-07-27T15:19:03.9038336Z [561/704] Building CXX object CMakeFiles/logcraft_core_tests.dir/tests/determinism/test_counter_rng_phi_golden.cpp.o
2026-07-27T15:19:04.1296917Z [562/704] Building CXX object CMakeFiles/logcraft_core_tests.dir/src/engine/engine_manager.cpp.o
2026-07-27T15:19:04.5372713Z [563/704] Building CXX object CMakeFiles/logcraft_core_tests.dir/tests/agent/test_football_whatif.cpp.o
2026-07-27T15:19:05.8036064Z [564/704] Building CXX object CMakeFiles/logcraft_core_tests.dir/tests/agent/test_error_cascading.cpp.o
2026-07-27T15:19:07.6343097Z [565/704] Building CXX object CMakeFiles/logcraft_core_tests.dir/tests/determinism/test_degenerate_flux_gate.cpp.o
2026-07-27T15:19:07.8367493Z [566/704] Building CXX object CMakeFiles/logcraft_core_tests.dir/tests/determinism/test_branch_weight_ramp.cpp.o
2026-07-27T15:19:10.1540350Z [567/704] Building CXX object CMakeFiles/logcraft_core_tests.dir/tests/agent/test_generate_record_kernel.cpp.o
2026-07-27T15:19:10.9334428Z [568/704] Building CXX object CMakeFiles/logcraft_core_tests.dir/tests/determinism/test_determinism_build_axis.cpp.o
2026-07-27T15:19:11.1320434Z [569/704] Building CXX object CMakeFiles/logcraft_core_tests.dir/tests/determinism/test_determinism_comprehensive.cpp.o
2026-07-27T15:19:12.0085969Z [570/704] Building CXX object CMakeFiles/logcraft_core_tests.dir/tests/determinism/test_determinism_causal_axis.cpp.o
2026-07-27T15:19:12.1668787Z [571/704] Building CXX object CMakeFiles/logcraft_core_tests.dir/tests/determinism/test_determinism_do_operator.cpp.o
2026-07-27T15:19:13.7937283Z [572/704] Building CXX object CMakeFiles/logcraft_core_tests.dir/tests/determinism/test_determinism_e2e.cpp.o
2026-07-27T15:19:14.0807743Z [573/704] Building CXX object CMakeFiles/logcraft_core_tests.dir/tests/agent/test_agent_behaviors.cpp.o
2026-07-27T15:19:14.7392606Z [574/704] Building CXX object CMakeFiles/logcraft_core_tests.dir/tests/determinism/test_determinism_bit_identical.cpp.o
2026-07-27T15:19:16.4568964Z [575/704] Building CXX object CMakeFiles/logcraft_core_tests.dir/tests/determinism/test_determinism_flow.cpp.o
2026-07-27T15:19:16.5723446Z [576/704] Building CXX object CMakeFiles/logcraft_core_tests.dir/tests/determinism/test_determinism_shm_gate.cpp.o
2026-07-27T15:19:17.3846781Z [577/704] Building CXX object CMakeFiles/logcraft_core_tests.dir/tests/determinism/test_locale_independence_gate.cpp.o
2026-07-27T15:19:17.9877564Z [578/704] Building CXX object CMakeFiles/logcraft_core_tests.dir/tests/determinism/test_determinism_terminal_sink.cpp.o
2026-07-27T15:19:18.3613025Z [579/704] Building CXX object CMakeFiles/logcraft_core_tests.dir/tests/determinism/test_field_weight_ramp.cpp.o
2026-07-27T15:19:18.3907539Z [580/704] Building CXX object CMakeFiles/logcraft_core_tests.dir/tests/determinism/test_level_weight_ramp.cpp.o
2026-07-27T15:19:19.1477973Z [581/704] Building CXX object CMakeFiles/logcraft_core_tests.dir/tests/determinism/test_flow_field_ramp.cpp.o
2026-07-27T15:19:20.7613666Z [582/704] Building CXX object CMakeFiles/logcraft_core_tests.dir/tests/determinism/test_phase_rate_zero.cpp.o
2026-07-27T15:19:21.9003625Z [583/704] Building CXX object CMakeFiles/logcraft_core_tests.dir/tests/determinism/test_noise_duplication_replay.cpp.o
2026-07-27T15:19:23.5719326Z [584/704] Building CXX object CMakeFiles/logcraft_core_tests.dir/tests/determinism/test_runtime_timer_determinism.cpp.o
2026-07-27T15:19:23.5979518Z [585/704] Building CXX object CMakeFiles/logcraft_core_tests.dir/tests/engine/test_engine_integration.cpp.o
2026-07-27T15:19:24.1004872Z [586/704] Building CXX object CMakeFiles/logcraft_core_tests.dir/tests/determinism/test_span_trace_diff.cpp.o
2026-07-27T15:19:24.2152754Z [587/704] Building CXX object CMakeFiles/logcraft_core_tests.dir/tests/determinism/test_time_source_lint.cpp.o
2026-07-27T15:19:24.5695730Z [588/704] Building CXX object CMakeFiles/logcraft_core_tests.dir/tests/determinism/test_virtual_clock_progression.cpp.o
2026-07-27T15:19:25.6620899Z [589/704] Building CXX object CMakeFiles/logcraft_core_tests.dir/tests/engine/test_engine_commands.cpp.o
2026-07-27T15:19:27.1572930Z [590/704] Building CXX object CMakeFiles/logcraft_core_tests.dir/tests/determinism/test_span_fanout.cpp.o
2026-07-27T15:19:27.2198222Z [591/704] Building CXX object CMakeFiles/logcraft_core_tests.dir/tests/foundation/test_sha256.cpp.o
2026-07-27T15:19:28.1855018Z [592/704] Building CXX object CMakeFiles/logcraft_core_tests.dir/tests/engine/test_engine_manager.cpp.o
2026-07-27T15:19:28.8074379Z [593/704] Building CXX object CMakeFiles/logcraft_core_tests.dir/tests/foundation/test_spsc_ring.cpp.o
2026-07-27T15:19:28.8756417Z [594/704] Building CXX object CMakeFiles/logcraft_core_tests.dir/tests/engine/test_runtime_monitor.cpp.o
2026-07-27T15:19:29.1231772Z [595/704] Building CXX object CMakeFiles/logcraft_core_tests.dir/tests/output/test_gha_intent_medium.cpp.o
2026-07-27T15:19:29.5841453Z [596/704] Building CXX object CMakeFiles/logcraft_core_tests.dir/tests/engine/test_engine_lifecycle.cpp.o
2026-07-27T15:19:30.5178041Z [597/704] Building CXX object CMakeFiles/logcraft_core_tests.dir/tests/output/test_engine_snapshot.cpp.o
2026-07-27T15:19:31.1949903Z [598/704] Building CXX object CMakeFiles/logcraft_core_tests.dir/tests/foundation/test_simulation_clock.cpp.o
2026-07-27T15:19:31.5528180Z [599/704] Building CXX object CMakeFiles/logcraft_core_tests.dir/tests/output/test_json_serializer.cpp.o
2026-07-27T15:19:34.3191739Z [600/704] Building CXX object CMakeFiles/logcraft_core_tests.dir/tests/output/test_http_sink.cpp.o
2026-07-27T15:19:34.6544207Z [601/704] Building CXX object CMakeFiles/logcraft_core_tests.dir/tests/output/test_sharded_pipeline.cpp.o
2026-07-27T15:19:34.6718996Z [602/704] Building CXX object CMakeFiles/logcraft_core_tests.dir/tests/output/test_metric_emission.cpp.o
2026-07-27T15:19:35.0669704Z [603/704] Building CXX object CMakeFiles/logcraft_core_tests.dir/tests/output/test_shared_memory_sink.cpp.o
2026-07-27T15:19:35.5194575Z [604/704] Building CXX object CMakeFiles/logcraft_core_tests.dir/tests/output/test_window_seal_cursor.cpp.o
2026-07-27T15:19:35.6694768Z [605/704] Building CXX object CMakeFiles/logcraft_core_tests.dir/tests/output/test_multi_format_output.cpp.o
2026-07-27T15:19:36.2897322Z [606/704] Building CXX object CMakeFiles/logcraft_core_tests.dir/tests/output/test_structured_schemas.cpp.o
2026-07-27T15:19:36.8872923Z [607/704] Building CXX object CMakeFiles/logcraft_core_tests.dir/tests/output/test_per_agent_routing.cpp.o
2026-07-27T15:19:37.9262296Z [608/704] Building CXX object CMakeFiles/logcraft_core_tests.dir/tests/output/test_output_formats.cpp.o
2026-07-27T15:19:39.0568777Z [609/704] Building CXX object CMakeFiles/logcraft_core_tests.dir/tests/scenario/test_dsl_auto_determinism.cpp.o
2026-07-27T15:19:39.8618243Z [610/704] Building CXX object CMakeFiles/logcraft_core_tests.dir/tests/scenario/test_dsl_archetypes.cpp.o
2026-07-27T15:19:40.1872366Z [611/704] Building CXX object CMakeFiles/logcraft_core_tests.dir/tests/output/test_replay_mode.cpp.o
2026-07-27T15:19:41.1532950Z [612/704] Building CXX object CMakeFiles/logcraft_core_tests.dir/tests/scenario/test_dsl_flows.cpp.o
2026-07-27T15:19:41.4648906Z [613/704] Building CXX object CMakeFiles/logcraft_core_tests.dir/tests/scenario/test_dsl_fields.cpp.o
2026-07-27T15:19:41.5078939Z [614/704] Building CXX object CMakeFiles/logcraft_core_tests.dir/tests/scenario/test_dsl_capabilities.cpp.o
2026-07-27T15:19:41.7882696Z [615/704] Building CXX object CMakeFiles/logcraft_core_tests.dir/tests/scenario/test_dsl_causal_axis.cpp.o
2026-07-27T15:19:41.8847100Z [616/704] Building CXX object CMakeFiles/logcraft_core_tests.dir/tests/scenario/test_dsl_build_axis.cpp.o
2026-07-27T15:19:43.1550766Z [617/704] Building CXX object CMakeFiles/logcraft_core_tests.dir/tests/scenario/test_dsl_incidents.cpp.o
2026-07-27T15:19:44.8768952Z [618/704] Building CXX object CMakeFiles/logcraft_core_tests.dir/tests/scenario/test_dsl_intent_axis.cpp.o
2026-07-27T15:19:46.0102275Z [619/704] Building CXX object CMakeFiles/logcraft_core_tests.dir/tests/scenario/test_dsl_intent_library.cpp.o
2026-07-27T15:19:46.0682798Z [620/704] Building CXX object CMakeFiles/logcraft_core_tests.dir/tests/scenario/test_dsl_advanced.cpp.o
2026-07-27T15:19:46.4886734Z [621/704] Building CXX object CMakeFiles/logcraft_core_tests.dir/tests/scenario/test_dsl_phases.cpp.o
2026-07-27T15:19:46.8153493Z [622/704] Building CXX object CMakeFiles/logcraft_core_tests.dir/tests/scenario/test_dsl_outputs.cpp.o
2026-07-27T15:19:48.0938156Z [623/704] Building CXX object CMakeFiles/logcraft_core_tests.dir/tests/scenario/test_dsl_tower.cpp.o
2026-07-27T15:19:48.2415276Z [624/704] Building CXX object CMakeFiles/logcraft_core_tests.dir/tests/scenario/test_dsl_knob_axis.cpp.o
2026-07-27T15:19:48.8086359Z [625/704] Building CXX object CMakeFiles/logcraft_core_tests.dir/tests/scenario/test_field_value_type_derivation.cpp.o
2026-07-27T15:19:49.0723639Z [626/704] Building CXX object CMakeFiles/logcraft_core_tests.dir/tests/scenario/test_loader_limits.cpp.o
2026-07-27T15:19:49.3201509Z [627/704] Building CXX object CMakeFiles/logcraft_core_tests.dir/tests/scenario/test_dsl_validation.cpp.o
2026-07-27T15:19:50.8591950Z [628/704] Building CXX object CMakeFiles/logcraft_core_tests.dir/tests/scenario/test_dsl_scenario.cpp.o
2026-07-27T15:19:51.5877323Z [629/704] Building CXX object CMakeFiles/logcraft_core_tests.dir/tests/smf/test_smf_v0.cpp.o
2026-07-27T15:19:51.9497496Z [630/704] Building CXX object CMakeFiles/logcraft_core_bench.dir/src/agent/field_generator.cpp.o
2026-07-27T15:19:52.5450691Z [631/704] Building CXX object CMakeFiles/logcraft_core_bench.dir/src/smf/smf_manifest.cpp.o
2026-07-27T15:19:53.4324619Z [632/704] Building CXX object CMakeFiles/logcraft_core_bench.dir/src/smf/smf_writer.cpp.o
2026-07-27T15:19:53.4878527Z [633/704] Building CXX object CMakeFiles/logcraft_core_bench.dir/src/flow/core.detail.flow.cppm.o
2026-07-27T15:19:53.6859464Z [634/704] Building CXX object CMakeFiles/logcraft_core_bench.dir/src/smf/smf_reader.cpp.o
2026-07-27T15:19:54.7179022Z [635/704] Building CXX object CMakeFiles/logcraft_core_tests.dir/tests/timeline/test_timeline_cursor.cpp.o
2026-07-27T15:19:55.0595691Z [636/704] Building CXX object CMakeFiles/logcraft_core_bench.dir/src/agent/agent_scheduling.cpp.o
2026-07-27T15:19:55.2081238Z [637/704] Building CXX object CMakeFiles/logcraft_core_bench.dir/src/timeline/core.detail.timeline.cppm.o
2026-07-27T15:19:55.5090796Z [638/704] Building CXX object CMakeFiles/logcraft_core_tests.dir/tests/timeline/test_timeline_unfolder.cpp.o
2026-07-27T15:19:55.7112748Z [639/704] Building CXX object CMakeFiles/logcraft_core_bench.dir/src/output/core.detail.output-sink.cppm.o
2026-07-27T15:19:55.8736094Z [640/704] Building CXX object 'CMakeFiles/insight__canon@synth_bb333fe43d17.dir/088a2b55631a.bmi'
2026-07-27T15:19:55.9569888Z [641/704] Building CXX object CMakeFiles/logcraft_core_tests.dir/tests/timeline/test_shm_timeline_view.cpp.o
2026-07-27T15:19:55.9693340Z [642/704] Building CXX object 'CMakeFiles/insight__canon@synth_bb333fe43d17.dir/a927cb432d79.bmi'
2026-07-27T15:19:56.3071049Z [643/704] Building CXX object CMakeFiles/logcraft_core_tests.dir/tests/smf/test_smf_recording.cpp.o
2026-07-27T15:19:56.8740779Z [644/704] Building CXX object 'CMakeFiles/insight__semantic_github@synth_bb333fe43d17.dir/1bc354a1b097.bmi'
2026-07-27T15:19:56.9382251Z [645/704] Building CXX object CMakeFiles/logcraft_core_tests.dir/tests/timeline/test_timeline_metadata.cpp.o
2026-07-27T15:19:56.9685001Z [646/704] Building CXX object CMakeFiles/logcraft_core_bench.dir/src/output/core.detail.output.cppm.o
2026-07-27T15:19:57.2241736Z [647/704] Building CXX object 'CMakeFiles/insight__canon@synth_bb333fe43d17.dir/139281ed3b82.bmi'
2026-07-27T15:19:57.8540615Z [648/704] Building CXX object CMakeFiles/logcraft_core_bench.dir/src/timeline/timeline_cursor.cpp.o
2026-07-27T15:19:58.0438628Z [649/704] Building CXX object CMakeFiles/logcraft_core_tests.dir/src/scenario/intent_library.cpp.o
2026-07-27T15:19:58.0504756Z [650/704] Building CXX object CMakeFiles/logcraft_core.dir/src/output/gha_intent_medium.cpp.o
2026-07-27T15:19:58.3754620Z [651/704] Building CXX object CMakeFiles/logcraft_core.dir/src/scenario/intent_library.cpp.o
2026-07-27T15:19:58.5298649Z [652/704] Building CXX object CMakeFiles/logcraft_core_tests.dir/src/output/gha_intent_medium.cpp.o
2026-07-27T15:19:58.7066982Z [653/704] Linking CXX static library liblogcraft_core.a
2026-07-27T15:19:59.5019487Z [654/704] Building CXX object CMakeFiles/logcraft_core_tests.dir/tests/timeline/test_timeline_checkpoint.cpp.o
2026-07-27T15:19:59.5409811Z [655/704] Building CXX object CMakeFiles/logcraft_core_bench.dir/src/timeline/flow_unfolder.cpp.o
2026-07-27T15:19:59.5835933Z [656/704] Building CXX object CMakeFiles/logcraft_core_bench.dir/src/flow/flow_engine.cpp.o
2026-07-27T15:19:59.6315895Z [657/704] Building CXX object CMakeFiles/logcraft_core_bench.dir/src/output/gha_intent_medium.cpp.o
2026-07-27T15:19:59.6316484Z [658/704] Building CXX object CMakeFiles/logcraft_core_bench.dir/src/output/log_formatter.cpp.o
2026-07-27T15:20:00.7979628Z [659/704] Building CXX object CMakeFiles/logcraft_core_bench.dir/src/output/log_formatter_github_actions.cpp.o
2026-07-27T15:20:01.0080175Z [660/704] Building CXX object CMakeFiles/logcraft_core_bench.dir/src/output/console_sink.cpp.o
2026-07-27T15:20:02.0682008Z [661/704] Building CXX object CMakeFiles/logcraft_core_bench.dir/src/output/log_formatter_mobile.cpp.o
2026-07-27T15:20:02.1083753Z [662/704] Building CXX object CMakeFiles/logcraft_core_bench.dir/src/output/file_sink.cpp.o
2026-07-27T15:20:02.2552341Z [663/704] Building CXX object CMakeFiles/logcraft_core_bench.dir/src/output/log_formatter_text.cpp.o
2026-07-27T15:20:02.5304423Z [664/704] Building CXX object CMakeFiles/logcraft_core_bench.dir/src/timeline/timeline_engine.cpp.o
2026-07-27T15:20:02.5881355Z [665/704] Building CXX object CMakeFiles/logcraft_core_bench.dir/src/output/log_formatter_cloud.cpp.o
2026-07-27T15:20:03.1911483Z [666/704] Building CXX object CMakeFiles/logcraft_core_bench.dir/src/output/log_formatter_syslog.cpp.o
2026-07-27T15:20:03.4278477Z [667/704] Building CXX object CMakeFiles/logcraft_core_bench.dir/src/scenario/intent_library.cpp.o
2026-07-27T15:20:03.7002730Z [668/704] Building CXX object CMakeFiles/logcraft_core_bench.dir/src/timeline/timeline_unfolder.cpp.o
2026-07-27T15:20:04.8326739Z [669/704] Building CXX object CMakeFiles/logcraft_core_bench.dir/src/output/output_manager.cpp.o
2026-07-27T15:20:05.1019953Z [670/704] Linking CXX executable logcraft_core_module_test
2026-07-27T15:20:05.1820712Z [671/704] Building CXX object CMakeFiles/logcraft_core_bench.dir/src/output/shared_memory_sink.cpp.o
2026-07-27T15:20:05.1915807Z [672/704] Building CXX object CMakeFiles/logcraft_core_bench.dir/src/output/sharded_pipeline.cpp.o
2026-07-27T15:20:05.3390417Z [673/704] Linking CXX executable logcraft-validate
2026-07-27T15:20:05.3694553Z [674/704] Building CXX object CMakeFiles/logcraft_core_bench.dir/src/output/http_sink.cpp.o
2026-07-27T15:20:05.4530625Z [675/704] Building CXX object CMakeFiles/logcraft_core_bench.dir/src/output/recording_sink.cpp.o
2026-07-27T15:20:05.7244618Z [676/704] Building CXX object CMakeFiles/logcraft_core_bench.dir/src/output/smf_recording_sink.cpp.o
2026-07-27T15:20:05.8210078Z [677/704] Building CXX object 'CMakeFiles/insight__canon@synth_bb333fe43d17.dir/bc70fcd8fa56.bmi'
2026-07-27T15:20:06.4508282Z [678/704] Building CXX object CMakeFiles/logcraft_core_bench.dir/src/output/metrics_sink.cpp.o
2026-07-27T15:20:08.0947475Z [679/704] Building CXX object CMakeFiles/logcraft_core_bench.dir/src/engine/core.detail.engine.cppm.o
2026-07-27T15:20:08.1200742Z [680/704] Building CXX object CMakeFiles/logcraft_core_bench.dir/src/timeline/shm_timeline_view.cpp.o
2026-07-27T15:20:09.6468256Z [681/704] Building CXX object CMakeFiles/logcraft_core_bench.dir/src/engine/engine_api.cpp.o
2026-07-27T15:20:11.0396491Z [682/704] Building CXX object CMakeFiles/logcraft_core_bench.dir/src/engine/engine_replay.cpp.o
2026-07-27T15:20:11.4430265Z [683/704] Building CXX object CMakeFiles/logcraft_core_tests.dir/tests/output/test_gha_document_g2.cpp.o
2026-07-27T15:20:12.1734976Z [684/704] Building CXX object CMakeFiles/logcraft_core_bench.dir/src/engine/engine_command_surface.cpp.o
2026-07-27T15:20:13.1084562Z [685/704] Building CXX object CMakeFiles/logcraft_core_tests.dir/tests/output/test_gha_document_use_intent.cpp.o
2026-07-27T15:20:13.4083145Z [686/704] Building CXX object CMakeFiles/logcraft_core_bench.dir/src/engine/replay_source.cpp.o
2026-07-27T15:20:13.4299568Z [687/704] Building CXX object CMakeFiles/logcraft_core_bench.dir/src/engine/command_facade.cpp.o
2026-07-27T15:20:13.6886313Z [688/704] Building CXX object CMakeFiles/logcraft_core_bench.dir/benchmarks/core.bench.cppm.o
2026-07-27T15:20:13.9783943Z [689/704] Linking CXX executable logcraft_core_tests
2026-07-27T15:20:14.7199504Z [690/704] Building CXX object CMakeFiles/logcraft_core_bench.dir/src/scenario/scenario_agent_parsing.cpp.o
2026-07-27T15:20:15.8715663Z [691/704] Building CXX object CMakeFiles/logcraft_core_bench.dir/src/engine/engine_lifecycle.cpp.o
2026-07-27T15:20:16.0580129Z [692/704] Building CXX object CMakeFiles/logcraft_core_bench.dir/src/engine/runtime_monitor.cpp.o
2026-07-27T15:20:16.2815282Z [693/704] Building CXX object CMakeFiles/logcraft_core_bench.dir/src/engine/engine_manager.cpp.o
2026-07-27T15:20:17.2050247Z [694/704] Building CXX object CMakeFiles/logcraft_core_bench.dir/src/engine/engine.cpp.o
2026-07-27T15:20:17.2647820Z [695/704] Building CXX object CMakeFiles/logcraft_core_bench.dir/benchmarks/bench_log_formatter.cpp.o
2026-07-27T15:20:18.5908979Z [696/704] Building CXX object CMakeFiles/logcraft_core_bench.dir/benchmarks/bench_ring_throughput.cpp.o
2026-07-27T15:20:18.6282766Z [697/704] Building CXX object CMakeFiles/logcraft_core_bench.dir/benchmarks/bench_field_generators.cpp.o
2026-07-27T15:20:18.7185691Z [698/704] Building CXX object CMakeFiles/logcraft_core_bench.dir/benchmarks/bench_deterministic_replay.cpp.o
2026-07-27T15:20:19.5203070Z [699/704] Building CXX object CMakeFiles/logcraft_core_bench.dir/benchmarks/bench_sharded_pipeline.cpp.o
2026-07-27T15:20:19.5604578Z [700/704] Building CXX object CMakeFiles/logcraft_core_bench.dir/benchmarks/bench_phase_split.cpp.o
2026-07-27T15:20:19.9171194Z [701/704] Building CXX object CMakeFiles/logcraft_core_bench.dir/benchmarks/bench_timeline_seek.cpp.o
2026-07-27T15:20:20.7328850Z [702/704] Building CXX object CMakeFiles/logcraft_core_bench.dir/benchmarks/bench_engine_throughput.cpp.o
2026-07-27T15:20:20.9006095Z [703/704] Linking CXX executable logcraft_core_bench
2026-07-27T15:20:21.0302787Z Test project /home/runner/work/logcraft/logcraft/build/core
2026-07-27T15:20:21.0431409Z         Start   1: FieldGeneratorTest.WeightedChoiceProducesValidValues
2026-07-27T15:20:21.0472926Z   1/771 Test   #1: FieldGeneratorTest.WeightedChoiceProducesValidValues .....................................   Passed    0.00 sec
2026-07-27T15:20:21.0477712Z         Start   2: FieldGeneratorTest.RangeProducesInBounds
2026-07-27T15:20:21.0512615Z   2/771 Test   #2: FieldGeneratorTest.RangeProducesInBounds .................................................   Passed    0.00 sec
2026-07-27T15:20:21.0515983Z         Start   3: FieldGeneratorTest.ChoiceSelectsFromValues
2026-07-27T15:20:21.0548876Z   3/771 Test   #3: FieldGeneratorTest.ChoiceSelectsFromValues ...............................................   Passed    0.00 sec
2026-07-27T15:20:21.0552830Z         Start   4: FieldGeneratorTest.SequenceIncrements
2026-07-27T15:20:21.0585044Z   4/771 Test   #4: FieldGeneratorTest.SequenceIncrements ....................................................   Passed    0.00 sec
2026-07-27T15:20:21.0591939Z         Start   5: FieldGeneratorTest.StaticAlwaysReturnsValue
2026-07-27T15:20:21.0622582Z   5/771 Test   #5: FieldGeneratorTest.StaticAlwaysReturnsValue ..............................................   Passed    0.00 sec
2026-07-27T15:20:21.0626025Z         Start   6: FieldGeneratorTest.ConditionalGeneratorSelectsBranch
2026-07-27T15:20:21.0658619Z   6/771 Test   #6: FieldGeneratorTest.ConditionalGeneratorSelectsBranch .....................................   Passed    0.00 sec
2026-07-27T15:20:21.0662126Z         Start   7: FieldGeneratorTest.NormalDistributionProducesValues
2026-07-27T15:20:21.0703484Z   7/771 Test   #7: FieldGeneratorTest.NormalDistributionProducesValues ......................................   Passed    0.00 sec
2026-07-27T15:20:21.0706563Z         Start   8: FieldGeneratorTest.PercentileDistributionProducesValues
2026-07-27T15:20:21.0738511Z   8/771 Test   #8: FieldGeneratorTest.PercentileDistributionProducesValues ..................................   Passed    0.00 sec
2026-07-27T15:20:21.0742343Z         Start   9: AgentTest.GeneratesPushesRecords
2026-07-27T15:20:21.2790637Z   9/771 Test   #9: AgentTest.GeneratesPushesRecords .........................................................   Passed    0.20 sec
2026-07-27T15:20:21.2794483Z         Start  10: AgentTest.ErrorInjectionChangesLevel
2026-07-27T15:20:21.3849353Z  10/771 Test  #10: AgentTest.ErrorInjectionChangesLevel .....................................................   Passed    0.11 sec
2026-07-27T15:20:21.3853887Z         Start  11: AgentTest.AgentWithLatencyDistribution
2026-07-27T15:20:21.5909815Z  11/771 Test  #11: AgentTest.AgentWithLatencyDistribution ...................................................   Passed    0.21 sec
2026-07-27T15:20:21.5912988Z         Start  12: AgentTest.AgentWithPhases
2026-07-27T15:20:21.7960693Z  12/771 Test  #12: AgentTest.AgentWithPhases ................................................................   Passed    0.20 sec
2026-07-27T15:20:21.7964574Z         Start  13: AgentTest.StateVariableGrowthAndEffects
2026-07-27T15:20:22.0014572Z  13/771 Test  #13: AgentTest.StateVariableGrowthAndEffects ..................................................   Passed    0.20 sec
2026-07-27T15:20:22.0018159Z         Start  14: AgentTest.IncidentEffectIncreasesErrors
2026-07-27T15:20:22.1068942Z  14/771 Test  #14: AgentTest.IncidentEffectIncreasesErrors ..................................................   Passed    0.10 sec
2026-07-27T15:20:22.1073443Z         Start  15: AgentTest.EpochEffectsValueRoundTripsComposesAndIsChannelIndependent
2026-07-27T15:20:22.1120039Z  15/771 Test  #15: AgentTest.EpochEffectsValueRoundTripsComposesAndIsChannelIndependent .....................   Passed    0.00 sec
2026-07-27T15:20:22.1124497Z         Start  16: AgentTest.IdenticalEffectSequencesProduceEqualEpochEffectsAtEveryStep
2026-07-27T15:20:22.1158160Z  16/771 Test  #16: AgentTest.IdenticalEffectSequencesProduceEqualEpochEffectsAtEveryStep ....................   Passed    0.00 sec
2026-07-27T15:20:22.1161319Z         Start  17: AgentTest.ErrorFieldCorrelation
2026-07-27T15:20:22.2198197Z  17/771 Test  #17: AgentTest.ErrorFieldCorrelation ..........................................................   Passed    0.10 sec
2026-07-27T15:20:22.2202638Z         Start  18: AgentTest.EnvironmentMetadataInjection
2026-07-27T15:20:22.3248206Z  18/771 Test  #18: AgentTest.EnvironmentMetadataInjection ...................................................   Passed    0.10 sec
2026-07-27T15:20:22.3252074Z         Start  19: AgentTest.AvailabilityInjectsErrors
2026-07-27T15:20:22.4309456Z  19/771 Test  #19: AgentTest.AvailabilityInjectsErrors ......................................................   Passed    0.11 sec
2026-07-27T15:20:22.4313727Z         Start  20: AgentTest.ContentionAddsQueueLatency
2026-07-27T15:20:22.5362113Z  20/771 Test  #20: AgentTest.ContentionAddsQueueLatency .....................................................   Passed    0.10 sec
2026-07-27T15:20:22.5365790Z         Start  21: AgentTest.SlowQueryInjection
2026-07-27T15:20:22.6415988Z  21/771 Test  #21: AgentTest.SlowQueryInjection .............................................................   Passed    0.10 sec
2026-07-27T15:20:22.6419775Z         Start  22: AgentTest.LatencyDedupSkipsIfFieldExists
2026-07-27T15:20:22.7468376Z  22/771 Test  #22: AgentTest.LatencyDedupSkipsIfFieldExists .................................................   Passed    0.10 sec
2026-07-27T15:20:22.7472452Z         Start  23: AgentTest.ClearIncidentEffectResetsState
2026-07-27T15:20:22.8523764Z  23/771 Test  #23: AgentTest.ClearIncidentEffectResetsState .................................................   Passed    0.10 sec
2026-07-27T15:20:22.8527804Z         Start  24: AgentTest.SessionLifecycleInjectsUserIdAndSessionId
2026-07-27T15:20:22.9578770Z  24/771 Test  #24: AgentTest.SessionLifecycleInjectsUserIdAndSessionId ......................................   Passed    0.10 sec
2026-07-27T15:20:22.9582333Z         Start  25: AgentTest.EntityPoolReplacesSequenceIds
2026-07-27T15:20:23.0633525Z  25/771 Test  #25: AgentTest.EntityPoolReplacesSequenceIds ..................................................   Passed    0.10 sec
2026-07-27T15:20:23.0637257Z         Start  26: AgentTest.PersonaTrafficShapingInjectsPersonaField
2026-07-27T15:20:23.1688878Z  26/771 Test  #26: AgentTest.PersonaTrafficShapingInjectsPersonaField .......................................   Passed    0.10 sec
2026-07-27T15:20:23.1692285Z         Start  27: AgentTest.HealthStateMachineTransitions
2026-07-27T15:20:23.3747111Z  27/771 Test  #27: AgentTest.HealthStateMachineTransitions ..................................................   Passed    0.21 sec
2026-07-27T15:20:23.3750804Z         Start  28: AgentTest.FieldVariationJitterModifiesNumericFields
2026-07-27T15:20:23.4801989Z  28/771 Test  #28: AgentTest.FieldVariationJitterModifiesNumericFields ......................................   Passed    0.10 sec
2026-07-27T15:20:23.4805297Z         Start  29: AgentTest.GenerateBurstEnqueuesAtLeastBurstCount
2026-07-27T15:20:23.5849013Z  29/771 Test  #29: AgentTest.GenerateBurstEnqueuesAtLeastBurstCount .........................................   Passed    0.10 sec
2026-07-27T15:20:23.5852648Z         Start  30: AgentTest.GenerateBurstStopMidBurstHaltsGeneration
2026-07-27T15:20:23.5902610Z  30/771 Test  #30: AgentTest.GenerateBurstStopMidBurstHaltsGeneration .......................................   Passed    0.00 sec
2026-07-27T15:20:23.5907071Z         Start  31: AgentTest.GenerateBurstAcrossChunksDeliversAllWhenNotStopped
2026-07-27T15:20:23.6956324Z  31/771 Test  #31: AgentTest.GenerateBurstAcrossChunksDeliversAllWhenNotStopped .............................   Passed    0.10 sec
2026-07-27T15:20:23.6959957Z         Start  32: AgentTest.SetErrorRateToMaxProducesAllErrors
2026-07-27T15:20:23.8211762Z  32/771 Test  #32: AgentTest.SetErrorRateToMaxProducesAllErrors .............................................   Passed    0.12 sec
2026-07-27T15:20:23.8215173Z         Start  33: AgentTest.SetRateNearZeroStopsOutput
2026-07-27T15:20:23.9363352Z  33/771 Test  #33: AgentTest.SetRateNearZeroStopsOutput .....................................................   Passed    0.11 sec
2026-07-27T15:20:23.9366717Z         Start  34: AgentTest.SinusoidalModulationProducesRecords
2026-07-27T15:20:24.1418042Z  34/771 Test  #34: AgentTest.SinusoidalModulationProducesRecords ............................................   Passed    0.20 sec
2026-07-27T15:20:24.1424615Z         Start  35: AgentTest.BusinessHoursModulationProducesRecords
2026-07-27T15:20:24.2477587Z  35/771 Test  #35: AgentTest.BusinessHoursModulationProducesRecords .........................................   Passed    0.11 sec
2026-07-27T15:20:24.2481453Z         Start  36: AgentTest.CascadeEffectRaisesErrorRate
2026-07-27T15:20:24.3531859Z  36/771 Test  #36: AgentTest.CascadeEffectRaisesErrorRate ...................................................   Passed    0.10 sec
2026-07-27T15:20:24.3540498Z         Start  37: AgentTest.ClearCascadeEffectResetsToNormal
2026-07-27T15:20:24.4599501Z  37/771 Test  #37: AgentTest.ClearCascadeEffectResetsToNormal ...............................................   Passed    0.11 sec
2026-07-27T15:20:24.4603711Z         Start  38: AgentTest.LevelOverrideAppliedForMatchingValue
2026-07-27T15:20:24.5660104Z  38/771 Test  #38: AgentTest.LevelOverrideAppliedForMatchingValue ...........................................   Passed    0.11 sec
2026-07-27T15:20:24.5664026Z         Start  39: AgentTest.LevelOverrideHighestSeverityWins
2026-07-27T15:20:24.6721688Z  39/771 Test  #39: AgentTest.LevelOverrideHighestSeverityWins ...............................................   Passed    0.11 sec
2026-07-27T15:20:24.6725286Z         Start  40: AgentTest.LevelOverrideNoMatchFallsBackToLevelWeights
2026-07-27T15:20:24.7777074Z  40/771 Test  #40: AgentTest.LevelOverrideNoMatchFallsBackToLevelWeights ....................................   Passed    0.10 sec
2026-07-27T15:20:24.7781701Z         Start  41: AgentTest.LevelOverrideIsDeterministic
2026-07-27T15:20:24.9835827Z  41/771 Test  #41: AgentTest.LevelOverrideIsDeterministic ...................................................   Passed    0.21 sec
2026-07-27T15:20:24.9839325Z         Start  42: AgentTest.LevelOverrideCannotDowngradeErrorInjectedRecord
2026-07-27T15:20:25.0890478Z  42/771 Test  #42: AgentTest.LevelOverrideCannotDowngradeErrorInjectedRecord ................................   Passed    0.10 sec
2026-07-27T15:20:25.0894262Z         Start  43: AgentTest.LevelWeightsDistribution
2026-07-27T15:20:25.1944803Z  43/771 Test  #43: AgentTest.LevelWeightsDistribution .......................................................   Passed    0.10 sec
2026-07-27T15:20:25.1949464Z         Start  44: AgentTest.SetRateExactZeroSilencesAgent
2026-07-27T15:20:25.5299302Z  44/771 Test  #44: AgentTest.SetRateExactZeroSilencesAgent ..................................................   Passed    0.33 sec
2026-07-27T15:20:25.5302755Z         Start  45: AgentTest.SetRateZeroThenResumeProducesRecords
2026-07-27T15:20:25.9157958Z  45/771 Test  #45: AgentTest.SetRateZeroThenResumeProducesRecords ...........................................   Passed    0.39 sec
2026-07-27T15:20:25.9162155Z         Start  46: EmitFalseTemplateInput.TemplateStillInterpolatesAFieldMarkedEmitFalse
2026-07-27T15:20:25.9198512Z  46/771 Test  #46: EmitFalseTemplateInput.TemplateStillInterpolatesAFieldMarkedEmitFalse ....................   Passed    0.00 sec
2026-07-27T15:20:25.9202881Z         Start  47: EmitFalseTemplateInput.EmitFalseRemovesTheDuplicateTailItem
2026-07-27T15:20:25.9237639Z  47/771 Test  #47: EmitFalseTemplateInput.EmitFalseRemovesTheDuplicateTailItem ..............................   Passed    0.00 sec
2026-07-27T15:20:25.9241617Z         Start  48: EmitFalseTemplateInput.DefaultEmitTrueStillEmitsTheTailAndReproducesTheDuplicate
2026-07-27T15:20:25.9273303Z  48/771 Test  #48: EmitFalseTemplateInput.DefaultEmitTrueStillEmitsTheTailAndReproducesTheDuplicate .........   Passed    0.00 sec
2026-07-27T15:20:25.9276364Z         Start  49: ErrorCascadingFeature.YamlParsingOfAutoCascade
2026-07-27T15:20:25.9408313Z  49/771 Test  #49: ErrorCascadingFeature.YamlParsingOfAutoCascade ...........................................   Passed    0.01 sec
2026-07-27T15:20:25.9411248Z         Start  50: ErrorCascadingFeature.DampeningReducesEffectPerHop
2026-07-27T15:20:26.9616144Z  50/771 Test  #50: ErrorCascadingFeature.DampeningReducesEffectPerHop .......................................   Passed    1.02 sec
2026-07-27T15:20:26.9620292Z         Start  51: ErrorCascadingFeature.BlastRadiusLimitsHopCount
2026-07-27T15:20:27.6830168Z  51/771 Test  #51: ErrorCascadingFeature.BlastRadiusLimitsHopCount ..........................................   Passed    0.72 sec
2026-07-27T15:20:27.6833991Z         Start  52: ErrorCascadingFeature.CascadeClearOnSourceRecovery
2026-07-27T15:20:28.7042561Z  52/771 Test  #52: ErrorCascadingFeature.CascadeClearOnSourceRecovery .......................................   Passed    1.02 sec
2026-07-27T15:20:28.7046312Z         Start  53: FootballMatchWhatIf.DeterministicReplayWithSameSeed
2026-07-27T15:20:28.7162806Z  53/771 Test  #53: FootballMatchWhatIf.DeterministicReplayWithSameSeed ......................................   Passed    0.01 sec
2026-07-27T15:20:28.7166606Z         Start  54: FootballMatchWhatIf.WhatIfRemovingInjuryChangesCausallyTheScore
2026-07-27T15:20:28.7291271Z  54/771 Test  #54: FootballMatchWhatIf.WhatIfRemovingInjuryChangesCausallyTheScore ..........................   Passed    0.01 sec
2026-07-27T15:20:28.7294716Z         Start  55: GenerateRecordKernel.IdenticalInputsProduceByteIdenticalRecord
2026-07-27T15:20:28.7327514Z  55/771 Test  #55: GenerateRecordKernel.IdenticalInputsProduceByteIdenticalRecord ...........................   Passed    0.00 sec
2026-07-27T15:20:28.7331183Z         Start  56: GenerateRecordKernel.RepeatedCallSameOrdinalReproduces
2026-07-27T15:20:28.7364643Z  56/771 Test  #56: GenerateRecordKernel.RepeatedCallSameOrdinalReproduces ...................................   Passed    0.00 sec
2026-07-27T15:20:28.7367767Z         Start  57: GenerateRecordKernel.SnapshotRestoreRoundTripsOwnedBoundaryState
2026-07-27T15:20:28.7400512Z  57/771 Test  #57: GenerateRecordKernel.SnapshotRestoreRoundTripsOwnedBoundaryState .........................   Passed    0.00 sec
2026-07-27T15:20:28.7403359Z         Start  58: BranchWeightRamp.ScheduleShiftsSuccessorEntropyPastThreshold
2026-07-27T15:20:28.8092392Z  58/771 Test  #58: BranchWeightRamp.ScheduleShiftsSuccessorEntropyPastThreshold .............................   Passed    0.07 sec
2026-07-27T15:20:28.8096236Z         Start  59: BranchWeightRamp.FlatScheduleStaysConcentrated
2026-07-27T15:20:28.8737169Z  59/771 Test  #59: BranchWeightRamp.FlatScheduleStaysConcentrated ...........................................   Passed    0.06 sec
2026-07-27T15:20:28.8739669Z         Start  60: BranchWeightRamp.ReplaysBitIdentically
2026-07-27T15:20:29.0154641Z  60/771 Test  #60: BranchWeightRamp.ReplaysBitIdentically ...................................................   Passed    0.14 sec
2026-07-27T15:20:29.0157371Z         Start  61: CounterRngPhi.ReferenceVectorIsBitExact
2026-07-27T15:20:29.0193110Z  61/771 Test  #61: CounterRngPhi.ReferenceVectorIsBitExact ..................................................   Passed    0.00 sec
2026-07-27T15:20:29.0196006Z         Start  62: CounterRngPhi.SeekResetsLocalSoBlockIsReproducible
2026-07-27T15:20:29.0231457Z  62/771 Test  #62: CounterRngPhi.SeekResetsLocalSoBlockIsReproducible .......................................   Passed    0.00 sec
2026-07-27T15:20:29.0234956Z         Start  63: CounterRngPhi.PositionAddressableNotConsumptionOrdered
2026-07-27T15:20:29.0276832Z  63/771 Test  #63: CounterRngPhi.PositionAddressableNotConsumptionOrdered ...................................   Passed    0.00 sec
2026-07-27T15:20:29.0279880Z         Start  64: DegenerateFluxGate.LoaderCompatPrecondition
2026-07-27T15:20:29.0317324Z  64/771 Test  #64: DegenerateFluxGate.LoaderCompatPrecondition ..............................................   Passed    0.00 sec
2026-07-27T15:20:29.0320725Z         Start  65: DegenerateFluxGate.RendersByteIdenticalToFrozenGolden
2026-07-27T15:20:29.0359967Z  65/771 Test  #65: DegenerateFluxGate.RendersByteIdenticalToFrozenGolden ....................................   Passed    0.00 sec
2026-07-27T15:20:29.0362944Z         Start  66: BitIdenticalAutoDeterminismTest.SeedOnlyYieldsBitIdenticalContentAcrossRuns
2026-07-27T15:20:29.0404249Z  66/771 Test  #66: BitIdenticalAutoDeterminismTest.SeedOnlyYieldsBitIdenticalContentAcrossRuns ..............   Passed    0.00 sec
2026-07-27T15:20:29.0407016Z         Start  67: BitIdenticalAutoDeterminismTest.SeedOnlyTimestampsStrictlyAdvance
2026-07-27T15:20:29.0443146Z  67/771 Test  #67: BitIdenticalAutoDeterminismTest.SeedOnlyTimestampsStrictlyAdvance ........................   Passed    0.00 sec
2026-07-27T15:20:29.0444239Z         Start  68: BitIdenticalAutoDeterminismTest.SchedulerDrivenEmissionsAreBitIdentical
2026-07-27T15:20:29.0549045Z  68/771 Test  #68: BitIdenticalAutoDeterminismTest.SchedulerDrivenEmissionsAreBitIdentical ..................   Passed    0.01 sec
2026-07-27T15:20:29.0552076Z         Start  69: RampHarnessComparator.IdentityLineSeesWhatTheOldProjectionMissed
2026-07-27T15:20:29.0585661Z  69/771 Test  #69: RampHarnessComparator.IdentityLineSeesWhatTheOldProjectionMissed .........................   Passed    0.00 sec
2026-07-27T15:20:29.0590799Z         Start  70: BuildAxisDeterminism.EveryMaterializedBuildReplaysBitIdentically
2026-07-27T15:20:29.0661338Z  70/771 Test  #70: BuildAxisDeterminism.EveryMaterializedBuildReplaysBitIdentically .........................   Passed    0.01 sec
2026-07-27T15:20:29.0664842Z         Start  71: BuildAxisDeterminism.TheDegenerateAxisIsByteIdenticalToAnEdgelessOne
2026-07-27T15:20:29.0722701Z  71/771 Test  #71: BuildAxisDeterminism.TheDegenerateAxisIsByteIdenticalToAnEdgelessOne .....................   Passed    0.01 sec
2026-07-27T15:20:29.0726178Z         Start  72: BuildAxisDeterminism.ADerivedCoordinateIsByteIdenticalToTheHandAuthoredWorld
2026-07-27T15:20:29.0793917Z  72/771 Test  #72: BuildAxisDeterminism.ADerivedCoordinateIsByteIdenticalToTheHandAuthoredWorld .............   Passed    0.01 sec
2026-07-27T15:20:29.0796574Z         Start  73: BuildAxisDeterminism.RemoveAdvanceMovesExactlyItsQuantum
2026-07-27T15:20:29.0852364Z  73/771 Test  #73: BuildAxisDeterminism.RemoveAdvanceMovesExactlyItsQuantum .................................   Passed    0.01 sec
2026-07-27T15:20:29.0855554Z         Start  74: BuildAxisDeterminism.AddAdvanceMovesExactlyItsQuantum
2026-07-27T15:20:29.0919230Z  74/771 Test  #74: BuildAxisDeterminism.AddAdvanceMovesExactlyItsQuantum ....................................   Passed    0.01 sec
2026-07-27T15:20:29.0921885Z         Start  75: BuildAxisDeterminism.RewordAdvanceMovesExactlyItsQuantumAndOnlyItsBanner
2026-07-27T15:20:29.0977051Z  75/771 Test  #75: BuildAxisDeterminism.RewordAdvanceMovesExactlyItsQuantumAndOnlyItsBanner .................   Passed    0.01 sec
2026-07-27T15:20:29.0979819Z         Start  76: BuildAxisDeterminism.FailingStepAdvanceMovesExactlyItsQuantum
2026-07-27T15:20:29.1029850Z  76/771 Test  #76: BuildAxisDeterminism.FailingStepAdvanceMovesExactlyItsQuantum ............................   Passed    0.00 sec
2026-07-27T15:20:29.1032562Z         Start  77: CausalAxisDeterminism.CoordinateZeroIsByteIdenticalToTheHandAuthoredBase
2026-07-27T15:20:29.1081893Z  77/771 Test  #77: CausalAxisDeterminism.CoordinateZeroIsByteIdenticalToTheHandAuthoredBase .................   Passed    0.00 sec
2026-07-27T15:20:29.1084657Z         Start  78: CausalAxisDeterminism.DerivedCoordinateIsByteIdenticalToTheHandAuthoredCounterfactual
2026-07-27T15:20:29.1134646Z  78/771 Test  #78: CausalAxisDeterminism.DerivedCoordinateIsByteIdenticalToTheHandAuthoredCounterfactual ....   Passed    0.00 sec
2026-07-27T15:20:29.1138244Z         Start  79: CausalAxisDeterminism.BaseLoadUnfoldsAsCoordinateZero
2026-07-27T15:20:29.1187270Z  79/771 Test  #79: CausalAxisDeterminism.BaseLoadUnfoldsAsCoordinateZero ....................................   Passed    0.00 sec
2026-07-27T15:20:29.1189954Z         Start  80: CausalAxisDeterminism.AblationMovesExactlyTheTargetAgent
2026-07-27T15:20:29.1238046Z  80/771 Test  #80: CausalAxisDeterminism.AblationMovesExactlyTheTargetAgent .................................   Passed    0.00 sec
2026-07-27T15:20:29.1241677Z         Start  81: ComprehensiveDeterminismTest.AllFeaturesYieldIdenticalContentAcrossRuns
2026-07-27T15:20:29.1295733Z  81/771 Test  #81: ComprehensiveDeterminismTest.AllFeaturesYieldIdenticalContentAcrossRuns ..................   Passed    0.01 sec
2026-07-27T15:20:29.1298002Z         Start  82: ComprehensiveDeterminismTest.DifferentSeedsYieldDifferentContent
2026-07-27T15:20:29.1344940Z  82/771 Test  #82: ComprehensiveDeterminismTest.DifferentSeedsYieldDifferentContent .........................   Passed    0.00 sec
2026-07-27T15:20:29.1348165Z         Start  83: DoOperatorDeterminismTest.RemovingAgentLeavesOtherAgentByteIdentical
2026-07-27T15:20:29.1387954Z  83/771 Test  #83: DoOperatorDeterminismTest.RemovingAgentLeavesOtherAgentByteIdentical .....................   Passed    0.00 sec
2026-07-27T15:20:29.1391217Z         Start  84: DoOperatorDeterminismTest.RemovingMiddleAgentLeavesNeighboursByteIdentical
2026-07-27T15:20:29.1442786Z  84/771 Test  #84: DoOperatorDeterminismTest.RemovingMiddleAgentLeavesNeighboursByteIdentical ...............   Passed    0.00 sec
2026-07-27T15:20:29.1444674Z         Start  85: DeterminismE2ETest.SameSeedProducesSameContent
2026-07-27T15:20:29.1493767Z  85/771 Test  #85: DeterminismE2ETest.SameSeedProducesSameContent ...........................................   Passed    0.00 sec
2026-07-27T15:20:29.1496883Z         Start  86: DeterminismE2ETest.ShardedPipelineConfigStillProducesContent
2026-07-27T15:20:29.1531926Z  86/771 Test  #86: DeterminismE2ETest.ShardedPipelineConfigStillProducesContent .............................   Passed    0.00 sec
2026-07-27T15:20:29.1534480Z         Start  87: DeterminismFlowTest.BranchingFlowIsBitIdentical
2026-07-27T15:20:29.1593690Z  87/771 Test  #87: DeterminismFlowTest.BranchingFlowIsBitIdentical ..........................................   Passed    0.01 sec
2026-07-27T15:20:29.1596845Z         Start  88: DeterminismFlowTest.FlowDoesNotPerturbAgentSeeds
2026-07-27T15:20:29.1637354Z  88/771 Test  #88: DeterminismFlowTest.FlowDoesNotPerturbAgentSeeds .........................................   Passed    0.00 sec
2026-07-27T15:20:29.1640116Z         Start  89: FlowCorrelationFieldTest.RendersMaskableBareOrdinal
2026-07-27T15:20:29.1679003Z  89/771 Test  #89: FlowCorrelationFieldTest.RendersMaskableBareOrdinal ......................................   Passed    0.00 sec
2026-07-27T15:20:29.1682031Z         Start  90: FlowMaxStepsTest.BackEdgeCycleTerminatesAtCap
2026-07-27T15:20:29.1723685Z  90/771 Test  #90: FlowMaxStepsTest.BackEdgeCycleTerminatesAtCap ............................................   Passed    0.00 sec
2026-07-27T15:20:29.1726158Z         Start  91: FlowMaxStepsTest.CappedCycleIsDeterministic
2026-07-27T15:20:29.1765285Z  91/771 Test  #91: FlowMaxStepsTest.CappedCycleIsDeterministic ..............................................   Passed    0.00 sec
2026-07-27T15:20:29.1767778Z         Start  92: ShmGate.DataFrameCountStable
2026-07-27T15:20:29.4524016Z  92/771 Test  #92: ShmGate.DataFrameCountStable .............................................................   Passed    0.28 sec
2026-07-27T15:20:29.4527352Z         Start  93: ShmGate.PerShardStreamIsBitIdentical
2026-07-27T15:20:31.9699753Z  93/771 Test  #93: ShmGate.PerShardStreamIsBitIdentical .....................................................   Passed    2.52 sec
2026-07-27T15:20:31.9703712Z         Start  94: ShmGate.WindowSealSetIsDeterministic
2026-07-27T15:20:32.2431454Z  94/771 Test  #94: ShmGate.WindowSealSetIsDeterministic .....................................................   Passed    0.27 sec
2026-07-27T15:20:32.2436161Z         Start  95: ShmGate.DataPrecedesSealPerShardUnderBackpressure
2026-07-27T15:20:32.2966251Z  95/771 Test  #95: ShmGate.DataPrecedesSealPerShardUnderBackpressure ........................................   Passed    0.05 sec
2026-07-27T15:20:32.2969717Z         Start  96: ShmGate.WindowSealsCompleteUnderPlayToTargetWithoutStop
2026-07-27T15:20:32.4492004Z  96/771 Test  #96: ShmGate.WindowSealsCompleteUnderPlayToTargetWithoutStop ..................................   Passed    0.15 sec
2026-07-27T15:20:32.4495208Z         Start  97: ShmGate.ChunkedPlayToTargetClosesAllWindowsAcrossShards
2026-07-27T15:20:32.5331244Z  97/771 Test  #97: ShmGate.ChunkedPlayToTargetClosesAllWindowsAcrossShards ..................................   Passed    0.08 sec
2026-07-27T15:20:32.5334346Z         Start  98: ShmGate.GenerationCountIsIoThreadInvariant
2026-07-27T15:20:35.6284042Z  98/771 Test  #98: ShmGate.GenerationCountIsIoThreadInvariant ...............................................   Passed    3.09 sec
2026-07-27T15:20:35.6287272Z         Start  99: TerminalSinkDeterminism.FileSinkBytesAreTheCanonicalCausalOrder
2026-07-27T15:20:35.6467738Z  99/771 Test  #99: TerminalSinkDeterminism.FileSinkBytesAreTheCanonicalCausalOrder ..........................   Passed    0.02 sec
2026-07-27T15:20:35.6470495Z         Start 100: TerminalSinkDeterminism.FileSinkBytesAreIdenticalAcrossRuns
2026-07-27T15:20:35.6656194Z 100/771 Test #100: TerminalSinkDeterminism.FileSinkBytesAreIdenticalAcrossRuns ..............................   Passed    0.02 sec
2026-07-27T15:20:35.6659056Z         Start 101: TerminalSinkDeterminism.FileSinkLosesNoRecordsUnderTheShippedDefaults
2026-07-27T15:20:35.6826946Z 101/771 Test #101: TerminalSinkDeterminism.FileSinkLosesNoRecordsUnderTheShippedDefaults ....................   Passed    0.02 sec
2026-07-27T15:20:35.6845963Z         Start 102: TerminalSinkDeterminism.SingleLaneDeliversTheCanonicalOrder
2026-07-27T15:20:35.7013568Z 102/771 Test #102: TerminalSinkDeterminism.SingleLaneDeliversTheCanonicalOrder ..............................   Passed    0.02 sec
2026-07-27T15:20:35.7016815Z         Start 103: TerminalSinkDeterminism.DocumentDoesNotDependOnTheLaneCount
2026-07-27T15:20:35.7309943Z 103/771 Test #103: TerminalSinkDeterminism.DocumentDoesNotDependOnTheLaneCount ..............................   Passed    0.03 sec
2026-07-27T15:20:35.7314312Z         Start 104: FieldWeightRamp.RampShiftsFieldHistogramWindowByWindow
2026-07-27T15:20:35.7664271Z 104/771 Test #104: FieldWeightRamp.RampShiftsFieldHistogramWindowByWindow ...................................   Passed    0.03 sec
2026-07-27T15:20:35.7667430Z         Start 105: FieldWeightRamp.SupportStaysFixedAcrossTheRamp
2026-07-27T15:20:35.7999972Z 105/771 Test #105: FieldWeightRamp.SupportStaysFixedAcrossTheRamp ...........................................   Passed    0.03 sec
2026-07-27T15:20:35.8002803Z         Start 106: FieldWeightRamp.FlatRampIsStationary
2026-07-27T15:20:35.8343956Z 106/771 Test #106: FieldWeightRamp.FlatRampIsStationary .....................................................   Passed    0.03 sec
2026-07-27T15:20:35.8347314Z         Start 107: FieldWeightRamp.RampReplaysBitIdentically
2026-07-27T15:20:35.8903679Z 107/771 Test #107: FieldWeightRamp.RampReplaysBitIdentically ................................................   Passed    0.06 sec
2026-07-27T15:20:35.8906223Z         Start 108: FlowFieldRamp.DriftsFlowStepFieldWindowByWindow
2026-07-27T15:20:35.9257053Z 108/771 Test #108: FlowFieldRamp.DriftsFlowStepFieldWindowByWindow ..........................................   Passed    0.03 sec
2026-07-27T15:20:35.9257825Z         Start 109: FlowFieldRamp.ReplaysBitIdentically
2026-07-27T15:20:35.9982135Z 109/771 Test #109: FlowFieldRamp.ReplaysBitIdentically ......................................................   Passed    0.07 sec
2026-07-27T15:20:36.0288300Z         Start 110: LevelWeightRamp.RampShiftsLevelHistogramWindowByWindow
2026-07-27T15:20:36.0289496Z 110/771 Test #110: LevelWeightRamp.RampShiftsLevelHistogramWindowByWindow ...................................   Passed    0.03 sec
2026-07-27T15:20:36.0291083Z         Start 111: LevelWeightRamp.FlatRampIsStationary
2026-07-27T15:20:36.0595589Z 111/771 Test #111: LevelWeightRamp.FlatRampIsStationary .....................................................   Passed    0.03 sec
2026-07-27T15:20:36.0596434Z         Start 112: LevelWeightRamp.RampReplaysBitIdentically
2026-07-27T15:20:36.1169688Z 112/771 Test #112: LevelWeightRamp.RampReplaysBitIdentically ................................................   Passed    0.06 sec
2026-07-27T15:20:36.1172544Z         Start 113: LocaleIndependenceGate.FormatDecimalIgnoresACommaDecimalGlobalLocale
2026-07-27T15:20:36.1210886Z 113/771 Test #113: LocaleIndependenceGate.FormatDecimalIgnoresACommaDecimalGlobalLocale .....................   Passed    0.00 sec
2026-07-27T15:20:36.1213960Z         Start 114: LocaleIndependenceGate.ParseDoubleIgnoresACommaDecimalGlobalLocale
2026-07-27T15:20:36.1250267Z 114/771 Test #114: LocaleIndependenceGate.ParseDoubleIgnoresACommaDecimalGlobalLocale .......................   Passed    0.00 sec
2026-07-27T15:20:36.1252794Z         Start 115: LocaleIndependenceGate.FormatParseRoundTripsUnderACommaDecimalGlobalLocale
2026-07-27T15:20:36.1288455Z 115/771 Test #115: LocaleIndependenceGate.FormatParseRoundTripsUnderACommaDecimalGlobalLocale ...............   Passed    0.00 sec
2026-07-27T15:20:36.1291893Z         Start 116: LocaleIndependenceGate.ToCharsRenderingIsDigitIdenticalToTheFormerCLocaleOutput
2026-07-27T15:20:36.1322582Z 116/771 Test #116: LocaleIndependenceGate.ToCharsRenderingIsDigitIdenticalToTheFormerCLocaleOutput ..........   Passed    0.00 sec
2026-07-27T15:20:36.1325125Z         Start 117: LocaleIndependenceGate.ParseAcceptanceSurfaceMatchesTheFormerIostreamForm
2026-07-27T15:20:36.1360786Z 117/771 Test #117: LocaleIndependenceGate.ParseAcceptanceSurfaceMatchesTheFormerIostreamForm ................   Passed    0.00 sec
2026-07-27T15:20:36.1364613Z         Start 118: LocaleIndependenceGate.NoNumericFormattingOrParsingThroughIostreams
2026-07-27T15:20:36.1426733Z 118/771 Test #118: LocaleIndependenceGate.NoNumericFormattingOrParsingThroughIostreams ......................   Passed    0.01 sec
2026-07-27T15:20:36.1430350Z         Start 119: NoiseDuplicationReplay.EveryRecordDuplicatedOnPlayToTargetPath
2026-07-27T15:20:36.1475453Z 119/771 Test #119: NoiseDuplicationReplay.EveryRecordDuplicatedOnPlayToTargetPath ...........................   Passed    0.00 sec
2026-07-27T15:20:36.1478227Z         Start 120: NoiseDuplicationReplay.NoDuplicatesWhenRateZero
2026-07-27T15:20:36.1526032Z 120/771 Test #120: NoiseDuplicationReplay.NoDuplicatesWhenRateZero ..........................................   Passed    0.00 sec
2026-07-27T15:20:36.1528965Z         Start 121: NoiseDuplicationReplay.DuplicationIsBitIdenticalAcrossReplays
2026-07-27T15:20:36.1588007Z 121/771 Test #121: NoiseDuplicationReplay.DuplicationIsBitIdenticalAcrossReplays ............................   Passed    0.01 sec
2026-07-27T15:20:36.1593189Z         Start 122: PhaseRateZero.PhaseToRateZeroSilencesAgent
2026-07-27T15:20:36.1624924Z 122/771 Test #122: PhaseRateZero.PhaseToRateZeroSilencesAgent ...............................................   Passed    0.00 sec
2026-07-27T15:20:36.1627546Z         Start 123: PhaseRateZero.PhaseOmittingRateKeepsCurrentRate
2026-07-27T15:20:36.1659673Z 123/771 Test #123: PhaseRateZero.PhaseOmittingRateKeepsCurrentRate ..........................................   Passed    0.00 sec
2026-07-27T15:20:36.1662222Z         Start 124: PhaseRateZero.RateZeroPhaseReplaysBitIdentically
2026-07-27T15:20:36.1693117Z 124/771 Test #124: PhaseRateZero.RateZeroPhaseReplaysBitIdentically .........................................   Passed    0.00 sec
2026-07-27T15:20:36.1695717Z         Start 125: RuntimeTimerDeterminism.DurationCutsGenerationExactly
2026-07-27T15:20:36.7148653Z 125/771 Test #125: RuntimeTimerDeterminism.DurationCutsGenerationExactly ....................................   Passed    0.55 sec
2026-07-27T15:20:36.7151866Z         Start 126: RuntimeTimerDeterminism.TimedIncidentEffectWindowIsExact
2026-07-27T15:20:37.1572564Z 126/771 Test #126: RuntimeTimerDeterminism.TimedIncidentEffectWindowIsExact .................................   Passed    0.44 sec
2026-07-27T15:20:37.1576026Z         Start 127: RuntimeTimerDeterminism.ProbabilityIncidentTriggerIsScenarioPure
2026-07-27T15:20:37.3994278Z 127/771 Test #127: RuntimeTimerDeterminism.ProbabilityIncidentTriggerIsScenarioPure .........................   Passed    0.24 sec
2026-07-27T15:20:37.3997957Z         Start 128: RuntimeTimerDeterminism.ProbabilityRollIsPositionalAndOrderIndependent
2026-07-27T15:20:37.4195207Z 128/771 Test #128: RuntimeTimerDeterminism.ProbabilityRollIsPositionalAndOrderIndependent ...................   Passed    0.02 sec
2026-07-27T15:20:37.4198444Z         Start 129: RuntimeTimerDeterminism.ProbabilityRollIsAblationIndependent
2026-07-27T15:20:37.4611971Z 129/771 Test #129: RuntimeTimerDeterminism.ProbabilityRollIsAblationIndependent .............................   Passed    0.04 sec
2026-07-27T15:20:37.4615045Z         Start 130: RuntimeTimerDeterminism.PropagationAndCascadeAreScheduleInvariant
2026-07-27T15:20:37.9132063Z 130/771 Test #130: RuntimeTimerDeterminism.PropagationAndCascadeAreScheduleInvariant ........................   Passed    0.45 sec
2026-07-27T15:20:37.9136051Z         Start 131: SpanFanout.ChildrenShareParentSpanAndTraceWithDistinctIds
2026-07-27T15:20:37.9173665Z 131/771 Test #131: SpanFanout.ChildrenShareParentSpanAndTraceWithDistinctIds ................................   Passed    0.00 sec
2026-07-27T15:20:37.9176561Z         Start 132: SpanFanout.ReplaysBitIdentically
2026-07-27T15:20:37.9210514Z 132/771 Test #132: SpanFanout.ReplaysBitIdentically .........................................................   Passed    0.00 sec
2026-07-27T15:20:37.9213280Z         Start 133: SpanFanout.CyclicFanoutIsBoundedAndSpanIdsAreUnique
2026-07-27T15:20:37.9251749Z 133/771 Test #133: SpanFanout.CyclicFanoutIsBoundedAndSpanIdsAreUnique ......................................   Passed    0.00 sec
2026-07-27T15:20:37.9254555Z         Start 134: SpanTraceDiff.AddedSpan_RedGainsExactlyOneSpanNameControlStationary
2026-07-27T15:20:37.9296344Z 134/771 Test #134: SpanTraceDiff.AddedSpan_RedGainsExactlyOneSpanNameControlStationary ......................   Passed    0.00 sec
2026-07-27T15:20:37.9299006Z         Start 135: SpanTraceDiff.AddedSpan_ReplaysBitIdentically
2026-07-27T15:20:37.9338997Z 135/771 Test #135: SpanTraceDiff.AddedSpan_ReplaysBitIdentically ............................................   Passed    0.00 sec
2026-07-27T15:20:37.9342125Z         Start 136: SpanTraceDiff.DroppedBranch_RedLosesExactlyTheSmsBranchControlStationary
2026-07-27T15:20:37.9382585Z 136/771 Test #136: SpanTraceDiff.DroppedBranch_RedLosesExactlyTheSmsBranchControlStationary .................   Passed    0.00 sec
2026-07-27T15:20:37.9386520Z         Start 137: SpanTraceDiff.DroppedBranch_ReplaysBitIdentically
2026-07-27T15:20:37.9427351Z 137/771 Test #137: SpanTraceDiff.DroppedBranch_ReplaysBitIdentically ........................................   Passed    0.00 sec
2026-07-27T15:20:37.9430603Z         Start 138: SpanTraceDiff.DurationShift_OnlyChargeMovesRegimeStructureAndControlsIdentical
2026-07-27T15:20:37.9467879Z 138/771 Test #138: SpanTraceDiff.DurationShift_OnlyChargeMovesRegimeStructureAndControlsIdentical ...........   Passed    0.00 sec
2026-07-27T15:20:37.9470233Z         Start 139: SpanTraceDiff.DurationShift_ReplaysBitIdentically
2026-07-27T15:20:37.9508228Z 139/771 Test #139: SpanTraceDiff.DurationShift_ReplaysBitIdentically ........................................   Passed    0.00 sec
2026-07-27T15:20:37.9511082Z         Start 140: SpanFanoutObservedVsInferred.ObservedDagCleanWhileAdjacencyManufacturesEdges
2026-07-27T15:20:37.9556485Z 140/771 Test #140: SpanFanoutObservedVsInferred.ObservedDagCleanWhileAdjacencyManufacturesEdges .............   Passed    0.00 sec
2026-07-27T15:20:37.9559933Z         Start 141: TimeSourceWaiverGrammar.WaiverOnTheReadsOwnLineIsAccepted
2026-07-27T15:20:37.9594632Z 141/771 Test #141: TimeSourceWaiverGrammar.WaiverOnTheReadsOwnLineIsAccepted ................................   Passed    0.00 sec
2026-07-27T15:20:37.9597316Z         Start 142: TimeSourceWaiverGrammar.WaiverOnALaterLineOfTheSameStatementIsAccepted
2026-07-27T15:20:37.9631094Z 142/771 Test #142: TimeSourceWaiverGrammar.WaiverOnALaterLineOfTheSameStatementIsAccepted ...................   Passed    0.00 sec
2026-07-27T15:20:37.9633729Z         Start 143: TimeSourceWaiverGrammar.WaiverOnTheStatementsTerminatingLineIsAccepted
2026-07-27T15:20:37.9665643Z 143/771 Test #143: TimeSourceWaiverGrammar.WaiverOnTheStatementsTerminatingLineIsAccepted ...................   Passed    0.00 sec
2026-07-27T15:20:37.9668540Z         Start 144: TimeSourceWaiverGrammar.WaiverOnATrailingCommentContinuationIsAccepted
2026-07-27T15:20:37.9699146Z 144/771 Test #144: TimeSourceWaiverGrammar.WaiverOnATrailingCommentContinuationIsAccepted ...................   Passed    0.00 sec
2026-07-27T15:20:37.9701981Z         Start 145: TimeSourceWaiverGrammar.UnwaivedReadIsRejected
2026-07-27T15:20:37.9735182Z 145/771 Test #145: TimeSourceWaiverGrammar.UnwaivedReadIsRejected ...........................................   Passed    0.00 sec
2026-07-27T15:20:37.9738048Z         Start 146: TimeSourceWaiverGrammar.WaiverOnThePrecedingStatementDoesNotLeakForward
2026-07-27T15:20:37.9771288Z 146/771 Test #146: TimeSourceWaiverGrammar.WaiverOnThePrecedingStatementDoesNotLeakForward ..................   Passed    0.00 sec
2026-07-27T15:20:37.9774101Z         Start 147: TimeSourceWaiverGrammar.WaiverOnTheFollowingStatementDoesNotLeakBackward
2026-07-27T15:20:37.9803735Z 147/771 Test #147: TimeSourceWaiverGrammar.WaiverOnTheFollowingStatementDoesNotLeakBackward .................   Passed    0.00 sec
2026-07-27T15:20:37.9806250Z         Start 148: TimeSourceWaiverGrammar.FreeStandingCommentBlockBetweenStatementsWaivesNothing
2026-07-27T15:20:37.9837793Z 148/771 Test #148: TimeSourceWaiverGrammar.FreeStandingCommentBlockBetweenStatementsWaivesNothing ...........   Passed    0.00 sec
2026-07-27T15:20:37.9841129Z         Start 149: TimeSourceWaiverGrammar.CommentBlockIntroducingTheNextStatementDoesNotWaiveThePrevious
2026-07-27T15:20:37.9870557Z 149/771 Test #149: TimeSourceWaiverGrammar.CommentBlockIntroducingTheNextStatementDoesNotWaiveThePrevious ...   Passed    0.00 sec
2026-07-27T15:20:37.9874748Z         Start 150: TimeSourceWaiverGrammar.BlankLineSeveresTheWaiver
2026-07-27T15:20:37.9909705Z 150/771 Test #150: TimeSourceWaiverGrammar.BlankLineSeveresTheWaiver ........................................   Passed    0.00 sec
2026-07-27T15:20:37.9912601Z         Start 151: TimeSourceWaiverGrammar.AWallReadNamedInsideACommentIsNotARead
2026-07-27T15:20:37.9944878Z 151/771 Test #151: TimeSourceWaiverGrammar.AWallReadNamedInsideACommentIsNotARead ...........................   Passed    0.00 sec
2026-07-27T15:20:37.9947905Z         Start 152: TimeSourceLint.WallClockReadsAreExplicitlyWaived
2026-07-27T15:20:38.0041815Z 152/771 Test #152: TimeSourceLint.WallClockReadsAreExplicitlyWaived .........................................   Passed    0.01 sec
2026-07-27T15:20:38.0044919Z         Start 153: VirtualClockProgressionTest.TimestampsAdvancePerAgentAtConfiguredRate
2026-07-27T15:20:38.0089704Z 153/771 Test #153: VirtualClockProgressionTest.TimestampsAdvancePerAgentAtConfiguredRate ....................   Passed    0.00 sec
2026-07-27T15:20:38.0095529Z         Start 154: VirtualClockProgressionTest.TimestampsAreReproducibleAcrossRuns
2026-07-27T15:20:38.0142976Z 154/771 Test #154: VirtualClockProgressionTest.TimestampsAreReproducibleAcrossRuns ..........................   Passed    0.00 sec
2026-07-27T15:20:38.0145411Z         Start 155: VirtualClockProgressionTest.ClockIsNotFrozenAtStartTime
2026-07-27T15:20:38.0185378Z 155/771 Test #155: VirtualClockProgressionTest.ClockIsNotFrozenAtStartTime ..................................   Passed    0.00 sec
2026-07-27T15:20:38.0187026Z         Start 156: CommandFacadeTest.StartAndStopLifecycle
2026-07-27T15:20:38.3409625Z 156/771 Test #156: CommandFacadeTest.StartAndStopLifecycle ..................................................   Passed    0.32 sec
2026-07-27T15:20:38.3412308Z         Start 157: CommandFacadeTest.SnapshotReturnsValidData
2026-07-27T15:20:38.6633662Z 157/771 Test #157: CommandFacadeTest.SnapshotReturnsValidData ...............................................   Passed    0.32 sec
2026-07-27T15:20:38.6636502Z         Start 158: CommandFacadeTest.PlaybackControlsUpdateSnapshotState
2026-07-27T15:20:39.2366631Z 158/771 Test #158: CommandFacadeTest.PlaybackControlsUpdateSnapshotState ....................................   Passed    0.57 sec
2026-07-27T15:20:39.2369781Z         Start 159: CommandFacadeTest.AddAgentWithEmptyNameFails
2026-07-27T15:20:39.2523939Z 159/771 Test #159: CommandFacadeTest.AddAgentWithEmptyNameFails .............................................   Passed    0.02 sec
2026-07-27T15:20:39.2527261Z         Start 160: CommandFacadeTest.DynamicAgentAddAndRemove
2026-07-27T15:20:39.3712881Z 160/771 Test #160: CommandFacadeTest.DynamicAgentAddAndRemove ...............................................   Passed    0.12 sec
2026-07-27T15:20:39.3715978Z         Start 161: CommandFacadeTest.DynamicAgentMutationRequiresRealMode
2026-07-27T15:20:39.3931000Z 161/771 Test #161: CommandFacadeTest.DynamicAgentMutationRequiresRealMode ...................................   Passed    0.02 sec
2026-07-27T15:20:39.3933980Z         Start 162: CommandFacadeTest.AgentPerturbationRequiresRealMode
2026-07-27T15:20:39.4143025Z 162/771 Test #162: CommandFacadeTest.AgentPerturbationRequiresRealMode ......................................   Passed    0.02 sec
2026-07-27T15:20:39.4145496Z         Start 163: CommandFacadeTest.SetAgentRateSucceeds
2026-07-27T15:20:39.5338682Z 163/771 Test #163: CommandFacadeTest.SetAgentRateSucceeds ...................................................   Passed    0.12 sec
2026-07-27T15:20:39.5341843Z         Start 164: CommandFacadeTest.SetAgentErrorRateSucceeds
2026-07-27T15:20:39.6541729Z 164/771 Test #164: CommandFacadeTest.SetAgentErrorRateSucceeds ..............................................   Passed    0.12 sec
2026-07-27T15:20:39.6545087Z         Start 165: CommandFacadeTest.GenerateBurstSucceeds
2026-07-27T15:20:39.9818729Z 165/771 Test #165: CommandFacadeTest.GenerateBurstSucceeds ..................................................   Passed    0.33 sec
2026-07-27T15:20:39.9821360Z         Start 166: CommandFacadeTest.EvaluateCascadeSucceeds
2026-07-27T15:20:40.1039835Z 166/771 Test #166: CommandFacadeTest.EvaluateCascadeSucceeds ................................................   Passed    0.12 sec
2026-07-27T15:20:40.1042696Z         Start 167: CommandFacadeTest.EngineAccessor
2026-07-27T15:20:40.1232018Z 167/771 Test #167: CommandFacadeTest.EngineAccessor .........................................................   Passed    0.02 sec
2026-07-27T15:20:40.1235615Z         Start 168: YamlEndToEndRegression.LoadsScenarioFileAndWritesRoutedRecordingOutput
2026-07-27T15:20:40.1458951Z 168/771 Test #168: YamlEndToEndRegression.LoadsScenarioFileAndWritesRoutedRecordingOutput ...................   Passed    0.02 sec
2026-07-27T15:20:40.1462439Z         Start 169: EngineTest.ProducesRecordsThroughPipeline
2026-07-27T15:20:40.1647500Z 169/771 Test #169: EngineTest.ProducesRecordsThroughPipeline ................................................   Passed    0.02 sec
2026-07-27T15:20:40.1650221Z         Start 170: EngineTest.DurationAutoStops
2026-07-27T15:20:40.1849121Z 170/771 Test #170: EngineTest.DurationAutoStops .............................................................   Passed    0.02 sec
2026-07-27T15:20:40.1852110Z         Start 171: EngineTest.DeterministicDurationFreezesVirtualPlaybackAtScenarioEnd
2026-07-27T15:20:40.2043033Z 171/771 Test #171: EngineTest.DeterministicDurationFreezesVirtualPlaybackAtScenarioEnd ......................   Passed    0.02 sec
2026-07-27T15:20:40.2045871Z         Start 172: EngineTest.DeterministicSnapshotPhaseUsesSimulationTime
2026-07-27T15:20:40.2289227Z 172/771 Test #172: EngineTest.DeterministicSnapshotPhaseUsesSimulationTime ..................................   Passed    0.02 sec
2026-07-27T15:20:40.2291785Z         Start 173: EngineTest.PhaseRatesAreAppliedUnderPlayToTarget
2026-07-27T15:20:40.2520387Z 173/771 Test #173: EngineTest.PhaseRatesAreAppliedUnderPlayToTarget .........................................   Passed    0.02 sec
2026-07-27T15:20:40.2521605Z         Start 174: EngineTest.RealClockCanRunWithoutScheduler
2026-07-27T15:20:40.7728547Z 174/771 Test #174: EngineTest.RealClockCanRunWithoutScheduler ...............................................   Passed    0.52 sec
2026-07-27T15:20:40.7731305Z         Start 175: EngineTest.SeededRealClockIsRejected
2026-07-27T15:20:40.7773054Z 175/771 Test #175: EngineTest.SeededRealClockIsRejected .....................................................   Passed    0.00 sec
2026-07-27T15:20:40.7783553Z         Start 176: EngineTest.UnseededVirtualClockIsRejected
2026-07-27T15:20:40.7815079Z 176/771 Test #176: EngineTest.UnseededVirtualClockIsRejected ................................................   Passed    0.00 sec
2026-07-27T15:20:40.7817509Z         Start 177: EngineTest.AddSinkWhileRunningIsRejected
2026-07-27T15:20:40.8002582Z 177/771 Test #177: EngineTest.AddSinkWhileRunningIsRejected .................................................   Passed    0.02 sec
2026-07-27T15:20:40.8005090Z         Start 178: EngineTest.DynamicAgentAdd
2026-07-27T15:20:41.1220153Z 178/771 Test #178: EngineTest.DynamicAgentAdd ...............................................................   Passed    0.32 sec
2026-07-27T15:20:41.1226575Z         Start 179: EngineTest.DynamicAgentRemove
2026-07-27T15:20:41.2454228Z 179/771 Test #179: EngineTest.DynamicAgentRemove ............................................................   Passed    0.12 sec
2026-07-27T15:20:41.2457289Z         Start 180: EngineTest.DeterministicModeRejectsDynamicAgentMutation
2026-07-27T15:20:41.2654197Z 180/771 Test #180: EngineTest.DeterministicModeRejectsDynamicAgentMutation ..................................   Passed    0.02 sec
2026-07-27T15:20:41.2657209Z         Start 181: EngineTest.DeterministicModeRejectsAgentPerturbation
2026-07-27T15:20:41.2836018Z 181/771 Test #181: EngineTest.DeterministicModeRejectsAgentPerturbation .....................................   Passed    0.02 sec
2026-07-27T15:20:41.2838912Z         Start 182: EngineTest.IncidentEffectsApplyToAgents
2026-07-27T15:20:41.3042491Z 182/771 Test #182: EngineTest.IncidentEffectsApplyToAgents ..................................................   Passed    0.02 sec
2026-07-27T15:20:41.3046449Z         Start 183: EngineTest.ProbabilityIncidentTriggerAppliesEffects
2026-07-27T15:20:41.3245649Z 183/771 Test #183: EngineTest.ProbabilityIncidentTriggerAppliesEffects ......................................   Passed    0.02 sec
2026-07-27T15:20:41.3248465Z         Start 184: EngineTest.AgentStartDelayDefersInitialRecords
2026-07-27T15:20:41.3484007Z 184/771 Test #184: EngineTest.AgentStartDelayDefersInitialRecords ...........................................   Passed    0.02 sec
2026-07-27T15:20:41.3486363Z         Start 185: EngineTest.IncidentAutoRecoveryAfterDuration
2026-07-27T15:20:41.3729935Z 185/771 Test #185: EngineTest.IncidentAutoRecoveryAfterDuration .............................................   Passed    0.02 sec
2026-07-27T15:20:41.3732738Z         Start 186: EngineTest.DeterministicIncidentHistoryUsesSimulationOffsets
2026-07-27T15:20:41.3974729Z 186/771 Test #186: EngineTest.DeterministicIncidentHistoryUsesSimulationOffsets .............................   Passed    0.02 sec
2026-07-27T15:20:41.3976954Z         Start 187: EngineTest.FileSinkWritesToFile
2026-07-27T15:20:41.4038127Z 187/771 Test #187: EngineTest.FileSinkWritesToFile ..........................................................   Passed    0.01 sec
2026-07-27T15:20:41.4041538Z         Start 188: EngineTest.SetAgentErrorRateToMaxProducesErrors
2026-07-27T15:20:41.8260335Z 188/771 Test #188: EngineTest.SetAgentErrorRateToMaxProducesErrors ..........................................   Passed    0.42 sec
2026-07-27T15:20:41.8263938Z         Start 189: EngineTest.GenerateBurstProducesAtLeastBurstCount
2026-07-27T15:20:42.2489909Z 189/771 Test #189: EngineTest.GenerateBurstProducesAtLeastBurstCount ........................................   Passed    0.42 sec
2026-07-27T15:20:42.2493319Z         Start 190: EngineTest.SetAgentRateNearZeroReducesOutput
2026-07-27T15:20:42.8717308Z 190/771 Test #190: EngineTest.SetAgentRateNearZeroReducesOutput .............................................   Passed    0.62 sec
2026-07-27T15:20:42.8721629Z         Start 191: EngineTest.AutoCascadePropagatesToDirectCaller
2026-07-27T15:20:42.8932576Z 191/771 Test #191: EngineTest.AutoCascadePropagatesToDirectCaller ...........................................   Passed    0.02 sec
2026-07-27T15:20:42.8937988Z         Start 192: EngineTest.AutoCascadeRespectsBlastRadius
2026-07-27T15:20:42.9129910Z 192/771 Test #192: EngineTest.AutoCascadeRespectsBlastRadius ................................................   Passed    0.02 sec
2026-07-27T15:20:42.9132139Z         Start 193: EngineTest.AutoCascadeClearsWhenSourceRecovers
2026-07-27T15:20:43.7326506Z 193/771 Test #193: EngineTest.AutoCascadeClearsWhenSourceRecovers ...........................................   Passed    0.82 sec
2026-07-27T15:20:43.7329557Z         Start 194: EngineManagerTest.CreateAndListEngines
2026-07-27T15:20:43.7657205Z 194/771 Test #194: EngineManagerTest.CreateAndListEngines ...................................................   Passed    0.03 sec
2026-07-27T15:20:43.7657715Z         Start 195: EngineManagerTest.DuplicateIdIsRejected
2026-07-27T15:20:43.7833803Z 195/771 Test #195: EngineManagerTest.DuplicateIdIsRejected ..................................................   Passed    0.02 sec
2026-07-27T15:20:43.7836399Z         Start 196: EngineManagerTest.EmptyIdIsRejected
2026-07-27T15:20:43.7871820Z 196/771 Test #196: EngineManagerTest.EmptyIdIsRejected ......................................................   Passed    0.00 sec
2026-07-27T15:20:43.7874120Z         Start 197: EngineManagerTest.RemoveNonExistentFails
2026-07-27T15:20:43.7906796Z 197/771 Test #197: EngineManagerTest.RemoveNonExistentFails .................................................   Passed    0.00 sec
2026-07-27T15:20:43.7909444Z         Start 198: EngineManagerTest.RemoveStopsAndRemoves
2026-07-27T15:20:43.8128792Z 198/771 Test #198: EngineManagerTest.RemoveStopsAndRemoves ..................................................   Passed    0.02 sec
2026-07-27T15:20:43.8131726Z         Start 199: EngineManagerTest.SubmitUnknownFails
2026-07-27T15:20:43.8165134Z 199/771 Test #199: EngineManagerTest.SubmitUnknownFails .....................................................   Passed    0.00 sec
2026-07-27T15:20:43.8168151Z         Start 200: EngineManagerTest.SnapshotReturnsDataForKnownEngine
2026-07-27T15:20:44.1395466Z 200/771 Test #200: EngineManagerTest.SnapshotReturnsDataForKnownEngine ......................................   Passed    0.32 sec
2026-07-27T15:20:44.1399383Z         Start 201: EngineManagerTest.PlayToTargetRecreatesRunningDeterministicEngineAtTarget
2026-07-27T15:20:44.2158307Z 201/771 Test #201: EngineManagerTest.PlayToTargetRecreatesRunningDeterministicEngineAtTarget ................   Passed    0.08 sec
2026-07-27T15:20:44.2161048Z         Start 202: EngineManagerTest.PlayToTargetAdvancesRunningEngineToTarget
2026-07-27T15:20:44.2394304Z 202/771 Test #202: EngineManagerTest.PlayToTargetAdvancesRunningEngineToTarget ..............................   Passed    0.02 sec
2026-07-27T15:20:44.2397529Z         Start 203: EngineManagerTest.PlayToTargetAdvancesForwardFromPausedEngine
2026-07-27T15:20:44.3097349Z 203/771 Test #203: EngineManagerTest.PlayToTargetAdvancesForwardFromPausedEngine ............................   Passed    0.07 sec
2026-07-27T15:20:44.3100673Z         Start 204: EngineManagerTest.PlayToTargetRejectsNegativeTarget
2026-07-27T15:20:44.3257454Z 204/771 Test #204: EngineManagerTest.PlayToTargetRejectsNegativeTarget ......................................   Passed    0.02 sec
2026-07-27T15:20:44.3262834Z         Start 205: EngineManagerTest.SnapshotReturnsNulloptForUnknown
2026-07-27T15:20:44.3300936Z 205/771 Test #205: EngineManagerTest.SnapshotReturnsNulloptForUnknown .......................................   Passed    0.00 sec
2026-07-27T15:20:44.3303468Z         Start 206: EngineManagerTest.StopAllCleansEverything
2026-07-27T15:20:44.6737992Z 206/771 Test #206: EngineManagerTest.StopAllCleansEverything ................................................   Passed    0.34 sec
2026-07-27T15:20:44.6741530Z         Start 207: EngineManagerTest.MultipleEnginesRunConcurrently
2026-07-27T15:20:45.0386066Z 207/771 Test #207: EngineManagerTest.MultipleEnginesRunConcurrently .........................................   Passed    0.36 sec
2026-07-27T15:20:45.0389148Z         Start 208: RuntimeMonitorTest.SnapshotComputesLatencyPercentilesAndSinkTelemetry
2026-07-27T15:20:45.0427642Z 208/771 Test #208: RuntimeMonitorTest.SnapshotComputesLatencyPercentilesAndSinkTelemetry ....................   Passed    0.00 sec
2026-07-27T15:20:45.0430486Z         Start 209: RuntimeMonitorTest.SlidingWindowsExpireAfterOneSecond
2026-07-27T15:20:46.1975396Z 209/771 Test #209: RuntimeMonitorTest.SlidingWindowsExpireAfterOneSecond ....................................   Passed    1.15 sec
2026-07-27T15:20:46.1976962Z         Start 210: RuntimeMonitorTest.SnapshotElapsedFreezesAfterStop
2026-07-27T15:20:46.2520157Z 210/771 Test #210: RuntimeMonitorTest.SnapshotElapsedFreezesAfterStop .......................................   Passed    0.05 sec
2026-07-27T15:20:46.2523125Z         Start 211: RuntimeMonitorTest.TailKeepsMostRecentEightyEntries
2026-07-27T15:20:46.2562289Z 211/771 Test #211: RuntimeMonitorTest.TailKeepsMostRecentEightyEntries ......................................   Passed    0.00 sec
2026-07-27T15:20:46.2565018Z         Start 212: RuntimeMonitorTest.IncidentHistoryKeepsMostRecentSixtyFourEvents
2026-07-27T15:20:46.2596227Z 212/771 Test #212: RuntimeMonitorTest.IncidentHistoryKeepsMostRecentSixtyFourEvents .........................   Passed    0.00 sec
2026-07-27T15:20:46.2599660Z         Start 213: Sha256.NistVectorsAreBitExact
2026-07-27T15:20:46.2633189Z 213/771 Test #213: Sha256.NistVectorsAreBitExact ............................................................   Passed    0.00 sec
2026-07-27T15:20:46.2636403Z         Start 214: Sha256.MillionAsVectorAcrossManyIncrementalUpdates
2026-07-27T15:20:46.2692461Z 214/771 Test #214: Sha256.MillionAsVectorAcrossManyIncrementalUpdates .......................................   Passed    0.01 sec
2026-07-27T15:20:46.2695769Z         Start 215: Sha256.IncrementalUpdateEqualsOneShotAtEverySplit
2026-07-27T15:20:46.2731919Z 215/771 Test #215: Sha256.IncrementalUpdateEqualsOneShotAtEverySplit ........................................   Passed    0.00 sec
2026-07-27T15:20:46.2734095Z         Start 216: SimulationClockTest.RealModeAdvancesWithWallClock
2026-07-27T15:20:46.2791435Z 216/771 Test #216: SimulationClockTest.RealModeAdvancesWithWallClock ........................................   Passed    0.01 sec
2026-07-27T15:20:46.2794337Z         Start 217: SimulationClockTest.VirtualModeIsAPinnedOrigin
2026-07-27T15:20:46.2875243Z 217/771 Test #217: SimulationClockTest.VirtualModeIsAPinnedOrigin ...........................................   Passed    0.01 sec
2026-07-27T15:20:46.2877853Z         Start 218: SimulationClockTest.LegacyCtorIsRealMode
2026-07-27T15:20:46.2907830Z 218/771 Test #218: SimulationClockTest.LegacyCtorIsRealMode .................................................   Passed    0.00 sec
2026-07-27T15:20:46.2910747Z         Start 219: SpscRingTest.CapacityRoundedUpToPowerOfTwo
2026-07-27T15:20:46.2948560Z 219/771 Test #219: SpscRingTest.CapacityRoundedUpToPowerOfTwo ...............................................   Passed    0.00 sec
2026-07-27T15:20:46.2949654Z         Start 220: SpscRingTest.PushPopSingleRecord
2026-07-27T15:20:46.2980142Z 220/771 Test #220: SpscRingTest.PushPopSingleRecord .........................................................   Passed    0.00 sec
2026-07-27T15:20:46.2982606Z         Start 221: SpscRingTest.RejectsWhenFullAndCountsDrops
2026-07-27T15:20:46.3015088Z 221/771 Test #221: SpscRingTest.RejectsWhenFullAndCountsDrops ...............................................   Passed    0.00 sec
2026-07-27T15:20:46.3017904Z         Start 222: SpscRingTest.WatermarksTrackDepth
2026-07-27T15:20:46.3053094Z 222/771 Test #222: SpscRingTest.WatermarksTrackDepth ........................................................   Passed    0.00 sec
2026-07-27T15:20:46.3055882Z         Start 223: SpscRingTest.BulkPopPreservesOrder
2026-07-27T15:20:46.3094655Z 223/771 Test #223: SpscRingTest.BulkPopPreservesOrder .......................................................   Passed    0.00 sec
2026-07-27T15:20:46.3097324Z         Start 224: SpscRingTest.SpscConcurrencyDeliversAllRecords
2026-07-27T15:20:46.3166258Z 224/771 Test #224: SpscRingTest.SpscConcurrencyDeliversAllRecords ...........................................   Passed    0.01 sec
2026-07-27T15:20:46.3167502Z         Start 225: EngineSnapshotTest.ReportsLiveAgentSinkAndTailStats
2026-07-27T15:20:47.5389155Z 225/771 Test #225: EngineSnapshotTest.ReportsLiveAgentSinkAndTailStats ......................................   Passed    1.22 sec
2026-07-27T15:20:47.5391788Z         Start 226: GhaDocumentG2.EngineRendersDocumentCanonRecoversIntents
2026-07-27T15:20:47.5436017Z 226/771 Test #226: GhaDocumentG2.EngineRendersDocumentCanonRecoversIntents ..................................   Passed    0.00 sec
2026-07-27T15:20:47.5439053Z         Start 227: GhaDocumentG2.ContentBearingStepsEmitFluxUnderTheirBanner
2026-07-27T15:20:47.5481269Z 227/771 Test #227: GhaDocumentG2.ContentBearingStepsEmitFluxUnderTheirBanner ................................   Passed    0.00 sec
2026-07-27T15:20:47.5484149Z         Start 228: GhaDocumentG2.DoInjectFailureIntoStepIsAMinimalIdentitySeededIntervention
2026-07-27T15:20:47.5529038Z 228/771 Test #228: GhaDocumentG2.DoInjectFailureIntoStepIsAMinimalIdentitySeededIntervention ................   Passed    0.00 sec
2026-07-27T15:20:47.5531471Z         Start 229: GhaDocumentG2.ScenarioDeclaredChannelSelectsTheDocumentMedium
2026-07-27T15:20:47.5569401Z 229/771 Test #229: GhaDocumentG2.ScenarioDeclaredChannelSelectsTheDocumentMedium ............................   Passed    0.00 sec
2026-07-27T15:20:47.5572010Z         Start 230: GhaDocumentUseIntent.BoundStepBannerIsRecognizedByCanonWithTheBoundPayload
2026-07-27T15:20:47.5613290Z 230/771 Test #230: GhaDocumentUseIntent.BoundStepBannerIsRecognizedByCanonWithTheBoundPayload ...............   Passed    0.00 sec
2026-07-27T15:20:47.5615935Z         Start 231: GhaDocumentUseIntent.BoundStepEmitsTheEntrysDeclaredBodyAsContentFlux
2026-07-27T15:20:47.5652179Z 231/771 Test #231: GhaDocumentUseIntent.BoundStepEmitsTheEntrysDeclaredBodyAsContentFlux ....................   Passed    0.00 sec
2026-07-27T15:20:47.5654659Z         Start 232: GhaIntentMedium.DeclaredChannelSelectsTheMaterialization
2026-07-27T15:20:47.5685360Z 232/771 Test #232: GhaIntentMedium.DeclaredChannelSelectsTheMaterialization .................................   Passed    0.00 sec
2026-07-27T15:20:47.5688019Z         Start 233: GhaIntentMedium.BothChannelsCarryTheSamePayloadAfterTheirOwnPrefix
2026-07-27T15:20:47.5720307Z 233/771 Test #233: GhaIntentMedium.BothChannelsCarryTheSamePayloadAfterTheirOwnPrefix .......................   Passed    0.00 sec
2026-07-27T15:20:47.5722899Z         Start 234: GhaIntentMedium.AnyChannelRowRendersUnderEveryDeclaration
2026-07-27T15:20:47.5754272Z 234/771 Test #234: GhaIntentMedium.AnyChannelRowRendersUnderEveryDeclaration ................................   Passed    0.00 sec
2026-07-27T15:20:47.5756737Z         Start 235: GhaIntentMedium.UndeclaredChannelRendersTheRealChannelNotOurAblation
2026-07-27T15:20:47.5787505Z 235/771 Test #235: GhaIntentMedium.UndeclaredChannelRendersTheRealChannelNotOurAblation .....................   Passed    0.00 sec
2026-07-27T15:20:47.5790768Z         Start 236: GhaIntentMedium.ChannelVocabularyIsClosedAndCanonOwned
2026-07-27T15:20:47.5822378Z 236/771 Test #236: GhaIntentMedium.ChannelVocabularyIsClosedAndCanonOwned ...................................   Passed    0.00 sec
2026-07-27T15:20:47.5824067Z         Start 237: GhaIntentMedium.RendersStepBannerCanonRecognizes
2026-07-27T15:20:47.5854698Z 237/771 Test #237: GhaIntentMedium.RendersStepBannerCanonRecognizes .........................................   Passed    0.00 sec
2026-07-27T15:20:47.5857063Z         Start 238: GhaIntentMedium.RendersJobBannerCanonRecognizes
2026-07-27T15:20:47.5887151Z 238/771 Test #238: GhaIntentMedium.RendersJobBannerCanonRecognizes ..........................................   Passed    0.00 sec
2026-07-27T15:20:47.5889532Z         Start 239: GhaIntentMedium.EmptyPayloadYieldsBarePrefix
2026-07-27T15:20:47.5922096Z 239/771 Test #239: GhaIntentMedium.EmptyPayloadYieldsBarePrefix .............................................   Passed    0.00 sec
2026-07-27T15:20:47.5923261Z         Start 240: GhaIntentMedium.NoneKindIsNeverABannerInAnyChannel
2026-07-27T15:20:47.5954654Z 240/771 Test #240: GhaIntentMedium.NoneKindIsNeverABannerInAnyChannel .......................................   Passed    0.00 sec
2026-07-27T15:20:47.5956457Z         Start 241: HttpSinkTest.RejectsNonHttpUrl
2026-07-27T15:20:47.5989658Z 241/771 Test #241: HttpSinkTest.RejectsNonHttpUrl ...........................................................   Passed    0.00 sec
2026-07-27T15:20:47.5991921Z         Start 242: HttpSinkTest.PostsBatchWhenBatchSizeReached
2026-07-27T15:20:47.8537595Z 242/771 Test #242: HttpSinkTest.PostsBatchWhenBatchSizeReached ..............................................   Passed    0.25 sec
2026-07-27T15:20:47.8540222Z         Start 243: HttpSinkTest.FlushIntervalPostsPartialBatch
2026-07-27T15:20:48.1594082Z 243/771 Test #243: HttpSinkTest.FlushIntervalPostsPartialBatch ..............................................   Passed    0.30 sec
2026-07-27T15:20:48.1594534Z         Start 244: JsonEscape.EscapesDoubleQuote
2026-07-27T15:20:48.1630345Z 244/771 Test #244: JsonEscape.EscapesDoubleQuote ............................................................   Passed    0.00 sec
2026-07-27T15:20:48.1632649Z         Start 245: JsonEscape.EscapesBackslash
2026-07-27T15:20:48.1663655Z 245/771 Test #245: JsonEscape.EscapesBackslash ..............................................................   Passed    0.00 sec
2026-07-27T15:20:48.1666277Z         Start 246: JsonEscape.EscapesNewlineAndTab
2026-07-27T15:20:48.1699974Z 246/771 Test #246: JsonEscape.EscapesNewlineAndTab ..........................................................   Passed    0.00 sec
2026-07-27T15:20:48.1701731Z         Start 247: JsonEscape.EscapesCarriageReturn
2026-07-27T15:20:48.1735494Z 247/771 Test #247: JsonEscape.EscapesCarriageReturn .........................................................   Passed    0.00 sec
2026-07-27T15:20:48.1738146Z         Start 248: JsonEscape.PlainTextPassesThrough
2026-07-27T15:20:48.1772040Z 248/771 Test #248: JsonEscape.PlainTextPassesThrough ........................................................   Passed    0.00 sec
2026-07-27T15:20:48.1772439Z         Start 249: JsonEscape.EmptyStringReturnsEmpty
2026-07-27T15:20:48.1803561Z 249/771 Test #249: JsonEscape.EmptyStringReturnsEmpty .......................................................   Passed    0.00 sec
2026-07-27T15:20:48.1805927Z         Start 250: JsonSerializer.OutputStartsWithOpenBrace
2026-07-27T15:20:48.1845516Z 250/771 Test #250: JsonSerializer.OutputStartsWithOpenBrace .................................................   Passed    0.00 sec
2026-07-27T15:20:48.1852771Z         Start 251: JsonSerializer.ContainsTimestampMillis
2026-07-27T15:20:48.1888265Z 251/771 Test #251: JsonSerializer.ContainsTimestampMillis ...................................................   Passed    0.00 sec
2026-07-27T15:20:48.1891146Z         Start 252: JsonSerializer.ContainsAgentAndType
2026-07-27T15:20:48.1940036Z 252/771 Test #252: JsonSerializer.ContainsAgentAndType ......................................................   Passed    0.00 sec
2026-07-27T15:20:48.1942225Z         Start 253: JsonSerializer.LevelIsNumeric
2026-07-27T15:20:48.1979796Z 253/771 Test #253: JsonSerializer.LevelIsNumeric ............................................................   Passed    0.00 sec
2026-07-27T15:20:48.1982277Z         Start 254: JsonSerializer.FieldsSerializedAsTuples
2026-07-27T15:20:48.2018525Z 254/771 Test #254: JsonSerializer.FieldsSerializedAsTuples ..................................................   Passed    0.00 sec
2026-07-27T15:20:48.2021277Z         Start 255: JsonSerializer.EmptyFieldsSerializedAsEmptyArray
2026-07-27T15:20:48.2060434Z 255/771 Test #255: JsonSerializer.EmptyFieldsSerializedAsEmptyArray .........................................   Passed    0.00 sec
2026-07-27T15:20:48.2063371Z         Start 256: JsonSerializer.SpecialCharsInMessageEscaped
2026-07-27T15:20:48.2099208Z 256/771 Test #256: JsonSerializer.SpecialCharsInMessageEscaped ..............................................   Passed    0.00 sec
2026-07-27T15:20:48.2102072Z         Start 257: JsonSerializer.MultipleRecordsMultipleLines
2026-07-27T15:20:48.2145763Z 257/771 Test #257: JsonSerializer.MultipleRecordsMultipleLines ..............................................   Passed    0.00 sec
2026-07-27T15:20:48.2148052Z         Start 258: MetricEmissionFeature.PrometheusExpositionContainsAllFiveMetrics
2026-07-27T15:20:48.2189154Z 258/771 Test #258: MetricEmissionFeature.PrometheusExpositionContainsAllFiveMetrics .........................   Passed    0.00 sec
2026-07-27T15:20:48.2192778Z         Start 259: MetricEmissionFeature.PrometheusHelpAndTypeAnnotations
2026-07-27T15:20:48.2230219Z 259/771 Test #259: MetricEmissionFeature.PrometheusHelpAndTypeAnnotations ...................................   Passed    0.00 sec
2026-07-27T15:20:48.2233388Z         Start 260: MetricEmissionFeature.PrometheusAgentLabel
2026-07-27T15:20:48.2282593Z 260/771 Test #260: MetricEmissionFeature.PrometheusAgentLabel ...............................................   Passed    0.00 sec
2026-07-27T15:20:48.2285379Z         Start 261: MetricEmissionFeature.PrometheusMultiAgentSeparateLines
2026-07-27T15:20:48.2327270Z 261/771 Test #261: MetricEmissionFeature.PrometheusMultiAgentSeparateLines ..................................   Passed    0.00 sec
2026-07-27T15:20:48.2329406Z         Start 262: MetricEmissionFeature.PrometheusErrorRateComputation
2026-07-27T15:20:48.2366570Z 262/771 Test #262: MetricEmissionFeature.PrometheusErrorRateComputation .....................................   Passed    0.00 sec
2026-07-27T15:20:48.2369213Z         Start 263: MetricEmissionFeature.PrometheusP99LatencyIsNearMax
2026-07-27T15:20:48.2411868Z 263/771 Test #263: MetricEmissionFeature.PrometheusP99LatencyIsNearMax ......................................   Passed    0.00 sec
2026-07-27T15:20:48.2415115Z         Start 264: MetricEmissionFeature.PrometheusAccumulatorResetsAfterFlush
2026-07-27T15:20:48.2458540Z 264/771 Test #264: MetricEmissionFeature.PrometheusAccumulatorResetsAfterFlush ..............................   Passed    0.00 sec
2026-07-27T15:20:48.2461022Z         Start 265: MetricEmissionFeature.StatsDOptionsParsing
2026-07-27T15:20:48.2498388Z 265/771 Test #265: MetricEmissionFeature.StatsDOptionsParsing ...............................................   Passed    0.00 sec
2026-07-27T15:20:48.2500437Z         Start 266: MetricEmissionFeature.StatsDNameSanitization
2026-07-27T15:20:48.2543153Z 266/771 Test #266: MetricEmissionFeature.StatsDNameSanitization .............................................   Passed    0.00 sec
2026-07-27T15:20:48.2545951Z         Start 267: MetricEmissionFeature.StatsDCustomPrefix
2026-07-27T15:20:48.2583999Z 267/771 Test #267: MetricEmissionFeature.StatsDCustomPrefix .................................................   Passed    0.00 sec
2026-07-27T15:20:48.2586742Z         Start 268: MetricEmissionFeature.MetricsSinkYamlPrometheusConfig
2026-07-27T15:20:48.2624421Z 268/771 Test #268: MetricEmissionFeature.MetricsSinkYamlPrometheusConfig ....................................   Passed    0.00 sec
2026-07-27T15:20:48.2626530Z         Start 269: MetricEmissionFeature.MetricsSinkYamlStatsDConfig
2026-07-27T15:20:48.2660426Z 269/771 Test #269: MetricEmissionFeature.MetricsSinkYamlStatsDConfig ........................................   Passed    0.00 sec
2026-07-27T15:20:48.2662378Z         Start 270: MetricsSinkTest.PrometheusFileWrittenOnFlush
2026-07-27T15:20:48.2704681Z 270/771 Test #270: MetricsSinkTest.PrometheusFileWrittenOnFlush .............................................   Passed    0.00 sec
2026-07-27T15:20:48.2707067Z         Start 271: MetricsSinkTest.PrometheusRecordCountIsCorrect
2026-07-27T15:20:48.2746635Z 271/771 Test #271: MetricsSinkTest.PrometheusRecordCountIsCorrect ...........................................   Passed    0.00 sec
2026-07-27T15:20:48.2749101Z         Start 272: MetricsSinkTest.PrometheusPrometheusHelpLinesPresent
2026-07-27T15:20:48.2788658Z 272/771 Test #272: MetricsSinkTest.PrometheusPrometheusHelpLinesPresent .....................................   Passed    0.00 sec
2026-07-27T15:20:48.2790884Z         Start 273: MetricsSinkTest.ErrorRecordsIncrementErrorCounter
2026-07-27T15:20:48.2827577Z 273/771 Test #273: MetricsSinkTest.ErrorRecordsIncrementErrorCounter ........................................   Passed    0.00 sec
2026-07-27T15:20:48.2830094Z         Start 274: MetricsSinkTest.DebugAndWarnAreNotErrors
2026-07-27T15:20:48.2869761Z 274/771 Test #274: MetricsSinkTest.DebugAndWarnAreNotErrors .................................................   Passed    0.00 sec
2026-07-27T15:20:48.2872403Z         Start 275: MetricsSinkTest.P99LatencyAppearsInOutput
2026-07-27T15:20:48.2911550Z 275/771 Test #275: MetricsSinkTest.P99LatencyAppearsInOutput ................................................   Passed    0.00 sec
2026-07-27T15:20:48.2914206Z         Start 276: MetricsSinkTest.P99LatencySkippedWhenNoLatencyField
2026-07-27T15:20:48.2956716Z 276/771 Test #276: MetricsSinkTest.P99LatencySkippedWhenNoLatencyField ......................................   Passed    0.00 sec
2026-07-27T15:20:48.2959029Z         Start 277: MetricsSinkTest.AccumulatorResetAfterFlush
2026-07-27T15:20:48.2995953Z 277/771 Test #277: MetricsSinkTest.AccumulatorResetAfterFlush ...............................................   Passed    0.00 sec
2026-07-27T15:20:48.2998120Z         Start 278: MetricsSinkTest.MultipleAgentsTrackedSeparately
2026-07-27T15:20:48.3034123Z 278/771 Test #278: MetricsSinkTest.MultipleAgentsTrackedSeparately ..........................................   Passed    0.00 sec
2026-07-27T15:20:48.3036540Z         Start 279: MetricsSinkTest.FlushWithNoDataDoesNotWriteFile
2026-07-27T15:20:48.3076105Z 279/771 Test #279: MetricsSinkTest.FlushWithNoDataDoesNotWriteFile ..........................................   Passed    0.00 sec
2026-07-27T15:20:48.3079337Z         Start 280: MultiFormatFeature.FormatsListParsedFromYaml
2026-07-27T15:20:48.3112570Z 280/771 Test #280: MultiFormatFeature.FormatsListParsedFromYaml .............................................   Passed    0.00 sec
2026-07-27T15:20:48.3115111Z         Start 281: MultiFormatFeature.SingleFormatFieldWhenNoFormats
2026-07-27T15:20:48.3148460Z 281/771 Test #281: MultiFormatFeature.SingleFormatFieldWhenNoFormats ........................................   Passed    0.00 sec
2026-07-27T15:20:48.3151040Z         Start 282: MultiFormatFeature.EngineCreatesOneFilePerFormat
2026-07-27T15:20:48.8458150Z 282/771 Test #282: MultiFormatFeature.EngineCreatesOneFilePerFormat .........................................   Passed    0.53 sec
2026-07-27T15:20:48.8460694Z         Start 283: MultiFormatFeature.EachFileContainsRecords
2026-07-27T15:20:49.3653018Z 283/771 Test #283: MultiFormatFeature.EachFileContainsRecords ...............................................   Passed    0.52 sec
2026-07-27T15:20:49.3655366Z         Start 284: MultiFormatFeature.FormatNameMappings
2026-07-27T15:20:49.3693554Z 284/771 Test #284: MultiFormatFeature.FormatNameMappings ....................................................   Passed    0.00 sec
2026-07-27T15:20:49.3695673Z         Start 285: FormatName.ReturnsCorrectNames
2026-07-27T15:20:49.3727774Z 285/771 Test #285: FormatName.ReturnsCorrectNames ...........................................................   Passed    0.00 sec
2026-07-27T15:20:49.3730318Z         Start 286: ScenarioLoaderMultiFormat.ParsesFormatsList
2026-07-27T15:20:49.3766208Z 286/771 Test #286: ScenarioLoaderMultiFormat.ParsesFormatsList ..............................................   Passed    0.00 sec
2026-07-27T15:20:49.3768622Z         Start 287: ScenarioLoaderMultiFormat.EmptyFormatsUsesFormat
2026-07-27T15:20:49.3804871Z 287/771 Test #287: ScenarioLoaderMultiFormat.EmptyFormatsUsesFormat .........................................   Passed    0.00 sec
2026-07-27T15:20:49.3806836Z         Start 288: EngineMultiFormat.CreatesMultipleFileSinks
2026-07-27T15:20:49.9001408Z 288/771 Test #288: EngineMultiFormat.CreatesMultipleFileSinks ...............................................   Passed    0.52 sec
2026-07-27T15:20:49.9003794Z         Start 289: LogFormatterTest.JsonContainsRequiredKeys
2026-07-27T15:20:49.9042757Z 289/771 Test #289: LogFormatterTest.JsonContainsRequiredKeys ................................................   Passed    0.00 sec
2026-07-27T15:20:49.9045458Z         Start 290: LogFormatterTest.JsonRendersNumericFieldsNativelyAndTextFieldsQuoted
2026-07-27T15:20:49.9082594Z 290/771 Test #290: LogFormatterTest.JsonRendersNumericFieldsNativelyAndTextFieldsQuoted .....................   Passed    0.00 sec
2026-07-27T15:20:49.9085592Z         Start 291: LogFormatterTest.JsonFieldFilter
2026-07-27T15:20:49.9125492Z 291/771 Test #291: LogFormatterTest.JsonFieldFilter .........................................................   Passed    0.00 sec
2026-07-27T15:20:49.9127653Z         Start 292: LogFormatterTest.JsonEscapesSpecialChars
2026-07-27T15:20:49.9160201Z 292/771 Test #292: LogFormatterTest.JsonEscapesSpecialChars .................................................   Passed    0.00 sec
2026-07-27T15:20:49.9162112Z         Start 293: LogFormatterTest.TextFormat
2026-07-27T15:20:49.9196403Z 293/771 Test #293: LogFormatterTest.TextFormat ..............................................................   Passed    0.00 sec
2026-07-27T15:20:49.9199351Z         Start 294: LogFormatterTest.TextFieldFilter
2026-07-27T15:20:49.9231928Z 294/771 Test #294: LogFormatterTest.TextFieldFilter .........................................................   Passed    0.00 sec
2026-07-27T15:20:49.9234730Z         Start 295: LogFormatterTest.ClfStructure
2026-07-27T15:20:49.9271252Z 295/771 Test #295: LogFormatterTest.ClfStructure ............................................................   Passed    0.00 sec
2026-07-27T15:20:49.9274673Z         Start 296: LogFormatterTest.ClfUsesStatusCodeField
2026-07-27T15:20:49.9306845Z 296/771 Test #296: LogFormatterTest.ClfUsesStatusCodeField ..................................................   Passed    0.00 sec
2026-07-27T15:20:49.9307674Z         Start 297: LogFormatterTest.ApacheErrorStructure
2026-07-27T15:20:49.9342016Z 297/771 Test #297: LogFormatterTest.ApacheErrorStructure ....................................................   Passed    0.00 sec
2026-07-27T15:20:49.9345732Z         Start 298: LogFormatterTest.ApacheErrorLevelMapping
2026-07-27T15:20:49.9378972Z 298/771 Test #298: LogFormatterTest.ApacheErrorLevelMapping .................................................   Passed    0.00 sec
2026-07-27T15:20:49.9382069Z         Start 299: LogFormatterTest.ApacheErrorFatalIsCrit
2026-07-27T15:20:49.9414405Z 299/771 Test #299: LogFormatterTest.ApacheErrorFatalIsCrit ..................................................   Passed    0.00 sec
2026-07-27T15:20:49.9416874Z         Start 300: LogFormatterTest.Log4jStructure
2026-07-27T15:20:49.9451203Z 300/771 Test #300: LogFormatterTest.Log4jStructure ..........................................................   Passed    0.00 sec
2026-07-27T15:20:49.9453443Z         Start 301: LogFormatterTest.Log4jUsesThreadField
2026-07-27T15:20:49.9485933Z 301/771 Test #301: LogFormatterTest.Log4jUsesThreadField ....................................................   Passed    0.00 sec
2026-07-27T15:20:49.9486948Z         Start 302: LogFormatterTest.SyslogStructure
2026-07-27T15:20:49.9521784Z 302/771 Test #302: LogFormatterTest.SyslogStructure .........................................................   Passed    0.00 sec
2026-07-27T15:20:49.9524318Z         Start 303: LogFormatterTest.SyslogFallsBackToAgentNameForHost
2026-07-27T15:20:49.9558747Z 303/771 Test #303: LogFormatterTest.SyslogFallsBackToAgentNameForHost .......................................   Passed    0.00 sec
2026-07-27T15:20:49.9561441Z         Start 304: LogFormatterTest.Rfc5424StartsWithPri
2026-07-27T15:20:49.9594868Z 304/771 Test #304: LogFormatterTest.Rfc5424StartsWithPri ....................................................   Passed    0.00 sec
2026-07-27T15:20:49.9598744Z         Start 305: LogFormatterTest.Rfc5424PriCoversEverySeverity
2026-07-27T15:20:49.9631830Z 305/771 Test #305: LogFormatterTest.Rfc5424PriCoversEverySeverity ...........................................   Passed    0.00 sec
2026-07-27T15:20:49.9633891Z         Start 306: LogFormatterTest.NginxErrorStructure
2026-07-27T15:20:49.9663607Z 306/771 Test #306: LogFormatterTest.NginxErrorStructure .....................................................   Passed    0.00 sec
2026-07-27T15:20:49.9666810Z         Start 307: LogFormatterTest.NginxErrorUsesPidField
2026-07-27T15:20:49.9699924Z 307/771 Test #307: LogFormatterTest.NginxErrorUsesPidField ..................................................   Passed    0.00 sec
2026-07-27T15:20:49.9702685Z         Start 308: LogFormatterTest.KvStructure
2026-07-27T15:20:49.9733117Z 308/771 Test #308: LogFormatterTest.KvStructure .............................................................   Passed    0.00 sec
2026-07-27T15:20:49.9735302Z         Start 309: LogFormatterTest.KvQuotesValuesWithSpaces
2026-07-27T15:20:49.9769619Z 309/771 Test #309: LogFormatterTest.KvQuotesValuesWithSpaces ................................................   Passed    0.00 sec
2026-07-27T15:20:49.9771869Z         Start 310: LogFormatterTest.KvFieldFilter
2026-07-27T15:20:49.9806700Z 310/771 Test #310: LogFormatterTest.KvFieldFilter ...........................................................   Passed    0.00 sec
2026-07-27T15:20:49.9808035Z         Start 311: LogFormatterTest.AndroidLogcatStructure
2026-07-27T15:20:49.9840529Z 311/771 Test #311: LogFormatterTest.AndroidLogcatStructure ..................................................   Passed    0.00 sec
2026-07-27T15:20:49.9843090Z         Start 312: LogFormatterTest.AndroidLogcatLevelChars
2026-07-27T15:20:49.9875442Z 312/771 Test #312: LogFormatterTest.AndroidLogcatLevelChars .................................................   Passed    0.00 sec
2026-07-27T15:20:49.9878191Z         Start 313: LogFormatterTest.WindowsCbsStructure
2026-07-27T15:20:49.9913327Z 313/771 Test #313: LogFormatterTest.WindowsCbsStructure .....................................................   Passed    0.00 sec
2026-07-27T15:20:49.9917732Z         Start 314: LogFormatterTest.WindowsCbsErrorLevel
2026-07-27T15:20:49.9949451Z 314/771 Test #314: LogFormatterTest.WindowsCbsErrorLevel ....................................................   Passed    0.00 sec
2026-07-27T15:20:49.9951738Z         Start 315: LogFormatterTest.SparkHdfsStructure
2026-07-27T15:20:49.9987040Z 315/771 Test #315: LogFormatterTest.SparkHdfsStructure ......................................................   Passed    0.00 sec
2026-07-27T15:20:49.9988105Z         Start 316: LogFormatterTest.HealthAppStructure
2026-07-27T15:20:50.0023086Z 316/771 Test #316: LogFormatterTest.HealthAppStructure ......................................................   Passed    0.00 sec
2026-07-27T15:20:50.0025233Z         Start 317: LogFormatterTest.ProxifierStructure
2026-07-27T15:20:50.0058689Z 317/771 Test #317: LogFormatterTest.ProxifierStructure ......................................................   Passed    0.00 sec
2026-07-27T15:20:50.0061528Z         Start 318: LogFormatterTest.CloudWatchStructure
2026-07-27T15:20:50.0098827Z 318/771 Test #318: LogFormatterTest.CloudWatchStructure .....................................................   Passed    0.00 sec
2026-07-27T15:20:50.0101370Z         Start 319: LogFormatterTest.CloudWatchTimestampIsEpochMs
2026-07-27T15:20:50.0139920Z 319/771 Test #319: LogFormatterTest.CloudWatchTimestampIsEpochMs ............................................   Passed    0.00 sec
2026-07-27T15:20:50.0142046Z         Start 320: LogFormatterTest.CloudWatchUsesLogGroupField
2026-07-27T15:20:50.0175833Z 320/771 Test #320: LogFormatterTest.CloudWatchUsesLogGroupField .............................................   Passed    0.00 sec
2026-07-27T15:20:50.0178684Z         Start 321: LogFormatterTest.SystemdJournalStructure
2026-07-27T15:20:50.0217058Z 321/771 Test #321: LogFormatterTest.SystemdJournalStructure .................................................   Passed    0.00 sec
2026-07-27T15:20:50.0219200Z         Start 322: LogFormatterTest.SystemdJournalPriorityCoversEverySeverity
2026-07-27T15:20:50.0255168Z 322/771 Test #322: LogFormatterTest.SystemdJournalPriorityCoversEverySeverity ...............................   Passed    0.00 sec
2026-07-27T15:20:50.0257939Z         Start 323: LogFormatterTest.SystemdJournalFieldsAreUppercased
2026-07-27T15:20:50.0294857Z 323/771 Test #323: LogFormatterTest.SystemdJournalFieldsAreUppercased .......................................   Passed    0.00 sec
2026-07-27T15:20:50.0297781Z         Start 324: LogFormatterTest.SystemdJournalTimestampIsMicroseconds
2026-07-27T15:20:50.0328735Z 324/771 Test #324: LogFormatterTest.SystemdJournalTimestampIsMicroseconds ...................................   Passed    0.00 sec
2026-07-27T15:20:50.0331152Z         Start 325: LogFormatterTest.HpcStructure
2026-07-27T15:20:50.0365223Z 325/771 Test #325: LogFormatterTest.HpcStructure ............................................................   Passed    0.00 sec
2026-07-27T15:20:50.0367972Z         Start 326: LogFormatterTest.HpcEpochIsNumeric
2026-07-27T15:20:50.0403208Z 326/771 Test #326: LogFormatterTest.HpcEpochIsNumeric .......................................................   Passed    0.00 sec
2026-07-27T15:20:50.0405718Z         Start 327: LogFormatterTest.IisW3cStructure
2026-07-27T15:20:50.0440274Z 327/771 Test #327: LogFormatterTest.IisW3cStructure .........................................................   Passed    0.00 sec
2026-07-27T15:20:50.0442816Z         Start 328: LogFormatterTest.EcsContainsRequiredFields
2026-07-27T15:20:50.0479925Z 328/771 Test #328: LogFormatterTest.EcsContainsRequiredFields ...............................................   Passed    0.00 sec
2026-07-27T15:20:50.0482141Z         Start 329: LogFormatterTest.EcsTimestampIsUtcWithZSuffix
2026-07-27T15:20:50.0512276Z 329/771 Test #329: LogFormatterTest.EcsTimestampIsUtcWithZSuffix ............................................   Passed    0.00 sec
2026-07-27T15:20:50.0517247Z         Start 330: LogFormatterTest.EcsLevelIsLowercase
2026-07-27T15:20:50.0549813Z 330/771 Test #330: LogFormatterTest.EcsLevelIsLowercase .....................................................   Passed    0.00 sec
2026-07-27T15:20:50.0551938Z         Start 331: LogFormatterTest.EcsCustomFieldsGoIntoLabels
2026-07-27T15:20:50.0584073Z 331/771 Test #331: LogFormatterTest.EcsCustomFieldsGoIntoLabels .............................................   Passed    0.00 sec
2026-07-27T15:20:50.0587051Z         Start 332: LogFormatterTest.EcsNoLabelsWhenNoFields
2026-07-27T15:20:50.0625440Z 332/771 Test #332: LogFormatterTest.EcsNoLabelsWhenNoFields .................................................   Passed    0.00 sec
2026-07-27T15:20:50.0627647Z         Start 333: LogFormatterTest.OtelJsonContainsRequiredFields
2026-07-27T15:20:50.0661807Z 333/771 Test #333: LogFormatterTest.OtelJsonContainsRequiredFields ..........................................   Passed    0.00 sec
2026-07-27T15:20:50.0664358Z         Start 334: LogFormatterTest.OtelJsonSeverityMapping
2026-07-27T15:20:50.0695407Z 334/771 Test #334: LogFormatterTest.OtelJsonSeverityMapping .................................................   Passed    0.00 sec
2026-07-27T15:20:50.0697414Z         Start 335: LogFormatterTest.OtelJsonCustomFieldsInAttributes
2026-07-27T15:20:50.0731246Z 335/771 Test #335: LogFormatterTest.OtelJsonCustomFieldsInAttributes ........................................   Passed    0.00 sec
2026-07-27T15:20:50.0733772Z         Start 336: LogFormatterTest.OtelJsonTimeUnixNanoIsNumericString
2026-07-27T15:20:50.0769301Z 336/771 Test #336: LogFormatterTest.OtelJsonTimeUnixNanoIsNumericString .....................................   Passed    0.00 sec
2026-07-27T15:20:50.0771856Z         Start 337: LogFormatterTest.OtelJsonEmitsTraceContextWhenPresent
2026-07-27T15:20:50.0805771Z 337/771 Test #337: LogFormatterTest.OtelJsonEmitsTraceContextWhenPresent ....................................   Passed    0.00 sec
2026-07-27T15:20:50.0807741Z         Start 338: LogFormatterTest.OtelJsonRootSpanOmitsParent
2026-07-27T15:20:50.0839614Z 338/771 Test #338: LogFormatterTest.OtelJsonRootSpanOmitsParent .............................................   Passed    0.00 sec
2026-07-27T15:20:50.0840876Z         Start 339: LogFormatterTest.OtelJsonNoTraceContextWhenAbsent
2026-07-27T15:20:50.0872506Z 339/771 Test #339: LogFormatterTest.OtelJsonNoTraceContextWhenAbsent ........................................   Passed    0.00 sec
2026-07-27T15:20:50.0874937Z         Start 340: LogFormatterTest.OtelSpanJsonEmitsFlatSpanShape
2026-07-27T15:20:50.0911344Z 340/771 Test #340: LogFormatterTest.OtelSpanJsonEmitsFlatSpanShape ..........................................   Passed    0.00 sec
2026-07-27T15:20:50.0913734Z         Start 341: LogFormatterTest.OtelSpanJsonEndEqualsStartPlusDuration
2026-07-27T15:20:50.0948833Z 341/771 Test #341: LogFormatterTest.OtelSpanJsonEndEqualsStartPlusDuration ..................................   Passed    0.00 sec
2026-07-27T15:20:50.0950979Z         Start 342: LogFormatterTest.OtelSpanJsonStatusFromLevel
2026-07-27T15:20:50.0983734Z 342/771 Test #342: LogFormatterTest.OtelSpanJsonStatusFromLevel .............................................   Passed    0.00 sec
2026-07-27T15:20:50.0985166Z         Start 343: LogFormatterTest.OtelSpanJsonRootOmitsParent
2026-07-27T15:20:50.1018674Z 343/771 Test #343: LogFormatterTest.OtelSpanJsonRootOmitsParent .............................................   Passed    0.00 sec
2026-07-27T15:20:50.1021612Z         Start 344: LogFormatterTest.OtelSpanJsonTraceLessRecordSynthesisesValidRootSpan
2026-07-27T15:20:50.1055878Z 344/771 Test #344: LogFormatterTest.OtelSpanJsonTraceLessRecordSynthesisesValidRootSpan .....................   Passed    0.00 sec
2026-07-27T15:20:50.1058600Z         Start 345: LogFormatterTest.OtelSpanJsonFormatNameRoundTrips
2026-07-27T15:20:50.1090899Z 345/771 Test #345: LogFormatterTest.OtelSpanJsonFormatNameRoundTrips ........................................   Passed    0.00 sec
2026-07-27T15:20:50.1096819Z         Start 346: LogFormatterTest.FieldProjectionAbsentEmitsAllAndDeclaredEmptyEmitsNone
2026-07-27T15:20:50.1132027Z 346/771 Test #346: LogFormatterTest.FieldProjectionAbsentEmitsAllAndDeclaredEmptyEmitsNone ..................   Passed    0.00 sec
2026-07-27T15:20:50.1134949Z         Start 347: LogFormatterTest.AllFormatsTerminateWithNewline
2026-07-27T15:20:50.1167446Z 347/771 Test #347: LogFormatterTest.AllFormatsTerminateWithNewline ..........................................   Passed    0.00 sec
2026-07-27T15:20:50.1170142Z         Start 348: LogFormatterTest.AllFormatsProduceNonEmptyOutput
2026-07-27T15:20:50.1201378Z 348/771 Test #348: LogFormatterTest.AllFormatsProduceNonEmptyOutput .........................................   Passed    0.00 sec
2026-07-27T15:20:50.1203389Z         Start 349: LogFormatterTest.RawDeclaresNothingWhenNothingIsDeclared
2026-07-27T15:20:50.1236212Z 349/771 Test #349: LogFormatterTest.RawDeclaresNothingWhenNothingIsDeclared .................................   Passed    0.00 sec
2026-07-27T15:20:50.1238914Z         Start 350: LogFormatterTest.RawStructure
2026-07-27T15:20:50.1272442Z 350/771 Test #350: LogFormatterTest.RawStructure ............................................................   Passed    0.00 sec
2026-07-27T15:20:50.1275523Z         Start 351: LogFormatterTest.RawNoMessage
2026-07-27T15:20:50.1307527Z 351/771 Test #351: LogFormatterTest.RawNoMessage ............................................................   Passed    0.00 sec
2026-07-27T15:20:50.1309724Z         Start 352: LogFormatterTest.RawEmitsExactlyTheDeclaredMessageAndNothingElse
2026-07-27T15:20:50.1341865Z 352/771 Test #352: LogFormatterTest.RawEmitsExactlyTheDeclaredMessageAndNothingElse .........................   Passed    0.00 sec
2026-07-27T15:20:50.1343590Z         Start 353: LogFormatterTest.GitHubActionsTimestampPrefix
2026-07-27T15:20:50.1378270Z 353/771 Test #353: LogFormatterTest.GitHubActionsTimestampPrefix ............................................   Passed    0.00 sec
2026-07-27T15:20:50.1380747Z         Start 354: LogFormatterTest.GitHubActionsErrorMarker
2026-07-27T15:20:50.1415889Z 354/771 Test #354: LogFormatterTest.GitHubActionsErrorMarker ................................................   Passed    0.00 sec
2026-07-27T15:20:50.1418011Z         Start 355: LogFormatterTest.GitHubActionsWarningMarker
2026-07-27T15:20:50.1452566Z 355/771 Test #355: LogFormatterTest.GitHubActionsWarningMarker ..............................................   Passed    0.00 sec
2026-07-27T15:20:50.1454727Z         Start 356: LogFormatterTest.GitHubActionsFormatName
2026-07-27T15:20:50.1487480Z 356/771 Test #356: LogFormatterTest.GitHubActionsFormatName .................................................   Passed    0.00 sec
2026-07-27T15:20:50.1488950Z         Start 357: PerAgentRoutingFeature.RoutedAgentGoesToDesignatedSink
2026-07-27T15:20:50.2689815Z 357/771 Test #357: PerAgentRoutingFeature.RoutedAgentGoesToDesignatedSink ...................................   Passed    0.12 sec
2026-07-27T15:20:50.2692527Z         Start 358: PerAgentRoutingFeature.UnroutedAgentBroadcastsToAll
2026-07-27T15:20:50.3895038Z 358/771 Test #358: PerAgentRoutingFeature.UnroutedAgentBroadcastsToAll ......................................   Passed    0.12 sec
2026-07-27T15:20:50.3897281Z         Start 359: PerAgentRoutingFeature.MultiSinkRouting
2026-07-27T15:20:50.5088015Z 359/771 Test #359: PerAgentRoutingFeature.MultiSinkRouting ..................................................   Passed    0.12 sec
2026-07-27T15:20:50.5092623Z         Start 360: PerAgentRoutingFeature.AddRouteAfterStart
2026-07-27T15:20:50.6272580Z 360/771 Test #360: PerAgentRoutingFeature.AddRouteAfterStart ................................................   Passed    0.12 sec
2026-07-27T15:20:50.6276050Z         Start 361: PerAgentRoutingFeature.RemoveRouteRestoresBroadcast
2026-07-27T15:20:50.7459571Z 361/771 Test #361: PerAgentRoutingFeature.RemoveRouteRestoresBroadcast ......................................   Passed    0.12 sec
2026-07-27T15:20:50.7462558Z         Start 362: PerAgentRoutingFeature.YamlAgentOutputsList
2026-07-27T15:20:50.7500787Z 362/771 Test #362: PerAgentRoutingFeature.YamlAgentOutputsList ..............................................   Passed    0.00 sec
2026-07-27T15:20:50.7504139Z         Start 363: PerAgentRoutingFeature.YamlNoOutputsMeansAllSinks
2026-07-27T15:20:50.7542127Z 363/771 Test #363: PerAgentRoutingFeature.YamlNoOutputsMeansAllSinks ........................................   Passed    0.00 sec
2026-07-27T15:20:50.7544345Z         Start 364: PerAgentRoutingTest.ParseOutputName
2026-07-27T15:20:50.7583297Z 364/771 Test #364: PerAgentRoutingTest.ParseOutputName ......................................................   Passed    0.00 sec
2026-07-27T15:20:50.7586297Z         Start 365: PerAgentRoutingTest.ParseAgentOutputs
2026-07-27T15:20:50.7628434Z 365/771 Test #365: PerAgentRoutingTest.ParseAgentOutputs ....................................................   Passed    0.00 sec
2026-07-27T15:20:50.7630837Z         Start 366: PerAgentRoutingTest.AgentReferencesUnknownOutputThrows
2026-07-27T15:20:50.7666941Z 366/771 Test #366: PerAgentRoutingTest.AgentReferencesUnknownOutputThrows ...................................   Passed    0.00 sec
2026-07-27T15:20:50.7669621Z         Start 367: PerAgentRoutingTest.EmptyAgentOutputsIsValid
2026-07-27T15:20:50.7703418Z 367/771 Test #367: PerAgentRoutingTest.EmptyAgentOutputsIsValid .............................................   Passed    0.00 sec
2026-07-27T15:20:50.7705869Z         Start 368: PerAgentRoutingTest.OutputManagerRoutesToSpecificSinks
2026-07-27T15:20:50.8882222Z 368/771 Test #368: PerAgentRoutingTest.OutputManagerRoutesToSpecificSinks ...................................   Passed    0.12 sec
2026-07-27T15:20:50.8884646Z         Start 369: PerAgentRoutingTest.OutputManagerFallsBackToAllSinks
2026-07-27T15:20:51.0065146Z 369/771 Test #369: PerAgentRoutingTest.OutputManagerFallsBackToAllSinks .....................................   Passed    0.12 sec
2026-07-27T15:20:51.0067895Z         Start 370: PerAgentRoutingTest.OutputManagerMultipleSinksPerAgent
2026-07-27T15:20:51.1263812Z 370/771 Test #370: PerAgentRoutingTest.OutputManagerMultipleSinksPerAgent ...................................   Passed    0.12 sec
2026-07-27T15:20:51.1266544Z         Start 371: PerAgentRoutingTest.AddRouteDynamically
2026-07-27T15:20:51.2455607Z 371/771 Test #371: PerAgentRoutingTest.AddRouteDynamically ..................................................   Passed    0.12 sec
2026-07-27T15:20:51.2457883Z         Start 372: PerAgentRoutingTest.RemoveRouteRestoresBroadcast
2026-07-27T15:20:51.3646232Z 372/771 Test #372: PerAgentRoutingTest.RemoveRouteRestoresBroadcast .........................................   Passed    0.12 sec
2026-07-27T15:20:51.3648622Z         Start 373: PerAgentRoutingTest.SinkCountReportsCorrectly
2026-07-27T15:20:51.3823959Z 373/771 Test #373: PerAgentRoutingTest.SinkCountReportsCorrectly ............................................   Passed    0.02 sec
2026-07-27T15:20:51.3826321Z         Start 374: PerAgentRoutingTest.EngineRoutesAgentsToNamedOutputs
2026-07-27T15:20:51.4045468Z 374/771 Test #374: PerAgentRoutingTest.EngineRoutesAgentsToNamedOutputs .....................................   Passed    0.02 sec
2026-07-27T15:20:51.4047595Z         Start 375: PerAgentRoutingTest.EngineUnroutedAgentBroadcastsToAllSinks
2026-07-27T15:20:51.4244091Z 375/771 Test #375: PerAgentRoutingTest.EngineUnroutedAgentBroadcastsToAllSinks ..............................   Passed    0.02 sec
2026-07-27T15:20:51.4246421Z         Start 376: PerAgentRoutingTest.DynamicAgentRejectsUnknownOutput
2026-07-27T15:20:51.4958422Z 376/771 Test #376: PerAgentRoutingTest.DynamicAgentRejectsUnknownOutput .....................................   Passed    0.07 sec
2026-07-27T15:20:51.4960419Z         Start 377: ReplayModeFeature.RecordingSinkCreatesJsonlFile
2026-07-27T15:20:51.5003505Z 377/771 Test #377: ReplayModeFeature.RecordingSinkCreatesJsonlFile ..........................................   Passed    0.00 sec
2026-07-27T15:20:51.5005810Z         Start 378: ReplayModeFeature.RoundTripPreservesAllFields
2026-07-27T15:20:51.5047734Z 378/771 Test #378: ReplayModeFeature.RoundTripPreservesAllFields ............................................   Passed    0.00 sec
2026-07-27T15:20:51.5049882Z         Start 379: ReplayModeFeature.RoundTripMultipleRecords
2026-07-27T15:20:51.5090715Z 379/771 Test #379: ReplayModeFeature.RoundTripMultipleRecords ...............................................   Passed    0.00 sec
2026-07-27T15:20:51.5092993Z         Start 380: ReplayModeFeature.SpeedZeroReplaysInstantly
2026-07-27T15:20:51.5132768Z 380/771 Test #380: ReplayModeFeature.SpeedZeroReplaysInstantly ..............................................   Passed    0.00 sec
2026-07-27T15:20:51.5135837Z         Start 381: ReplayModeFeature.StopEarlyInterruptsReplay
2026-07-27T15:20:51.7183695Z 381/771 Test #381: ReplayModeFeature.StopEarlyInterruptsReplay ..............................................   Passed    0.20 sec
2026-07-27T15:20:51.7186297Z         Start 382: ReplayModeFeature.YamlReplayBlockParsed
2026-07-27T15:20:51.7226118Z 382/771 Test #382: ReplayModeFeature.YamlReplayBlockParsed ..................................................   Passed    0.00 sec
2026-07-27T15:20:51.7228459Z         Start 383: ReplayModeFeature.YamlReplayDefaultSpeed
2026-07-27T15:20:51.7262345Z 383/771 Test #383: ReplayModeFeature.YamlReplayDefaultSpeed .................................................   Passed    0.00 sec
2026-07-27T15:20:51.7264431Z         Start 384: ReplayModeFeature.YamlNoReplayBlock
2026-07-27T15:20:51.7298273Z 384/771 Test #384: ReplayModeFeature.YamlNoReplayBlock ......................................................   Passed    0.00 sec
2026-07-27T15:20:51.7300457Z         Start 385: RecordingSink.WritesJsonlFile
2026-07-27T15:20:51.7339504Z 385/771 Test #385: RecordingSink.WritesJsonlFile ............................................................   Passed    0.00 sec
2026-07-27T15:20:51.7341791Z         Start 386: RecordingSink.HandlesSpecialCharacters
2026-07-27T15:20:51.7379017Z 386/771 Test #386: RecordingSink.HandlesSpecialCharacters ...................................................   Passed    0.00 sec
2026-07-27T15:20:51.7381107Z         Start 387: ReplaySource.RoundTrip
2026-07-27T15:20:51.7419941Z 387/771 Test #387: ReplaySource.RoundTrip ...................................................................   Passed    0.00 sec
2026-07-27T15:20:51.7422544Z         Start 388: ReplaySource.StopEarly
2026-07-27T15:20:51.9468972Z 388/771 Test #388: ReplaySource.StopEarly ...................................................................   Passed    0.20 sec
2026-07-27T15:20:51.9471639Z         Start 389: ScenarioLoaderReplay.ParsesReplayBlock
2026-07-27T15:20:51.9514434Z 389/771 Test #389: ScenarioLoaderReplay.ParsesReplayBlock ...................................................   Passed    0.00 sec
2026-07-27T15:20:51.9517077Z         Start 390: ScenarioLoaderReplay.AbsentReplay
2026-07-27T15:20:51.9554589Z 390/771 Test #390: ScenarioLoaderReplay.AbsentReplay ........................................................   Passed    0.00 sec
2026-07-27T15:20:51.9557068Z         Start 391: ScenarioLoaderReplay.DefaultSpeed
2026-07-27T15:20:51.9593298Z 391/771 Test #391: ScenarioLoaderReplay.DefaultSpeed ........................................................   Passed    0.00 sec
2026-07-27T15:20:51.9593718Z         Start 392: EngineRecording.ProducesJsonlFile
2026-07-27T15:20:52.4790337Z 392/771 Test #392: EngineRecording.ProducesJsonlFile ........................................................   Passed    0.52 sec
2026-07-27T15:20:52.4791612Z         Start 393: EngineReplay.ReplaysRecordingThroughSink
2026-07-27T15:20:53.0005648Z 393/771 Test #393: EngineReplay.ReplaysRecordingThroughSink .................................................   Passed    0.52 sec
2026-07-27T15:20:53.0008385Z         Start 394: ShardedPipelineTest.RoutesRecordsByAgentNameDeterministically
2026-07-27T15:20:53.0109199Z 394/771 Test #394: ShardedPipelineTest.RoutesRecordsByAgentNameDeterministically ............................   Passed    0.01 sec
2026-07-27T15:20:53.0111828Z         Start 395: ShardedPipelineTest.BackpressureSignalActivatesUnderLoad
2026-07-27T15:20:53.0153610Z 395/771 Test #395: ShardedPipelineTest.BackpressureSignalActivatesUnderLoad .................................   Passed    0.00 sec
2026-07-27T15:20:53.0155585Z         Start 396: ShardedPipelineTest.AutoShardCountUsesHardwareConcurrency
2026-07-27T15:20:53.0191201Z 396/771 Test #396: ShardedPipelineTest.AutoShardCountUsesHardwareConcurrency ................................   Passed    0.00 sec
2026-07-27T15:20:53.0193805Z         Start 397: ShardedPipelineTest.DropPolicyDiscardsOnFull
2026-07-27T15:20:53.0230220Z 397/771 Test #397: ShardedPipelineTest.DropPolicyDiscardsOnFull .............................................   Passed    0.00 sec
2026-07-27T15:20:53.0232707Z         Start 398: ShardedPipelineTest.BlockPolicyNeverDropsAndCountsBlocking
2026-07-27T15:20:53.0945589Z 398/771 Test #398: ShardedPipelineTest.BlockPolicyNeverDropsAndCountsBlocking ...............................   Passed    0.07 sec
2026-07-27T15:20:53.0946422Z         Start 399: SharedMemorySink.EmitsLineFrameOnShardChannel
2026-07-27T15:20:53.0986879Z 399/771 Test #399: SharedMemorySink.EmitsLineFrameOnShardChannel ............................................   Passed    0.00 sec
2026-07-27T15:20:53.0988346Z         Start 400: SharedMemorySink.SealsPunctuateDataAtWindowBoundaries
2026-07-27T15:20:53.1024593Z 400/771 Test #400: SharedMemorySink.SealsPunctuateDataAtWindowBoundaries ....................................   Passed    0.00 sec
2026-07-27T15:20:53.1027251Z         Start 401: SharedMemorySink.FinalizeSealsDataLessShardUpToTarget
2026-07-27T15:20:53.1068138Z 401/771 Test #401: SharedMemorySink.FinalizeSealsDataLessShardUpToTarget ....................................   Passed    0.00 sec
2026-07-27T15:20:53.1069835Z         Start 402: StructuredSchemaFeature.EcsContainsEcsVersionField
2026-07-27T15:20:53.1105311Z 402/771 Test #402: StructuredSchemaFeature.EcsContainsEcsVersionField .......................................   Passed    0.00 sec
2026-07-27T15:20:53.1106835Z         Start 403: StructuredSchemaFeature.EcsTimestampIsUtc
2026-07-27T15:20:53.1140348Z 403/771 Test #403: StructuredSchemaFeature.EcsTimestampIsUtc ................................................   Passed    0.00 sec
2026-07-27T15:20:53.1141652Z         Start 404: StructuredSchemaFeature.EcsLevelIsLowercasePerSpec
2026-07-27T15:20:53.1174820Z 404/771 Test #404: StructuredSchemaFeature.EcsLevelIsLowercasePerSpec .......................................   Passed    0.00 sec
2026-07-27T15:20:53.1178168Z         Start 405: StructuredSchemaFeature.EcsCustomFieldsInLabels
2026-07-27T15:20:53.1211523Z 405/771 Test #405: StructuredSchemaFeature.EcsCustomFieldsInLabels ..........................................   Passed    0.00 sec
2026-07-27T15:20:53.1213464Z         Start 406: StructuredSchemaFeature.EcsNoLabelsWhenNoFields
2026-07-27T15:20:53.1249765Z 406/771 Test #406: StructuredSchemaFeature.EcsNoLabelsWhenNoFields ..........................................   Passed    0.00 sec
2026-07-27T15:20:53.1252297Z         Start 407: StructuredSchemaFeature.EcsServiceNameAndType
2026-07-27T15:20:53.1292591Z 407/771 Test #407: StructuredSchemaFeature.EcsServiceNameAndType ............................................   Passed    0.00 sec
2026-07-27T15:20:53.1295654Z         Start 408: StructuredSchemaFeature.OtelContainsRequiredTopLevelFields
2026-07-27T15:20:53.1330354Z 408/771 Test #408: StructuredSchemaFeature.OtelContainsRequiredTopLevelFields ...............................   Passed    0.00 sec
2026-07-27T15:20:53.1332097Z         Start 409: StructuredSchemaFeature.OtelSeverityMapping
2026-07-27T15:20:53.1362202Z 409/771 Test #409: StructuredSchemaFeature.OtelSeverityMapping ..............................................   Passed    0.00 sec
2026-07-27T15:20:53.1365044Z         Start 410: StructuredSchemaFeature.OtelTimeUnixNanoIsQuotedDecimalString
2026-07-27T15:20:53.1398907Z 410/771 Test #410: StructuredSchemaFeature.OtelTimeUnixNanoIsQuotedDecimalString ............................   Passed    0.00 sec
2026-07-27T15:20:53.1400247Z         Start 411: StructuredSchemaFeature.OtelBodyContainsMessage
2026-07-27T15:20:53.1440359Z 411/771 Test #411: StructuredSchemaFeature.OtelBodyContainsMessage ..........................................   Passed    0.00 sec
2026-07-27T15:20:53.1441937Z         Start 412: StructuredSchemaFeature.OtelCustomFieldsInAttributes
2026-07-27T15:20:53.1475839Z 412/771 Test #412: StructuredSchemaFeature.OtelCustomFieldsInAttributes .....................................   Passed    0.00 sec
2026-07-27T15:20:53.1477493Z         Start 413: StructuredSchemaFeature.OtelFormatAliasesWork
2026-07-27T15:20:53.1516445Z 413/771 Test #413: StructuredSchemaFeature.OtelFormatAliasesWork ............................................   Passed    0.00 sec
2026-07-27T15:20:53.1516912Z         Start 414: StructuredSchemaFeature.EcsFormatAlias
2026-07-27T15:20:53.1554186Z 414/771 Test #414: StructuredSchemaFeature.EcsFormatAlias ...................................................   Passed    0.00 sec
2026-07-27T15:20:53.1555406Z         Start 415: WindowSealCursor.AdvanceThroughEmitsEachWindowOnceInOrderWithCloseBoundary
2026-07-27T15:20:53.1587494Z 415/771 Test #415: WindowSealCursor.AdvanceThroughEmitsEachWindowOnceInOrderWithCloseBoundary ...............   Passed    0.00 sec
2026-07-27T15:20:53.1589810Z         Start 416: WindowSealCursor.AdvanceIsMonotonicAndNeverDoubleSeals
2026-07-27T15:20:53.1623658Z 416/771 Test #416: WindowSealCursor.AdvanceIsMonotonicAndNeverDoubleSeals ...................................   Passed    0.00 sec
2026-07-27T15:20:53.1624966Z         Start 417: WindowSealCursor.AdvanceThroughTimeSealsWindowsWhoseBoundaryIsReached
2026-07-27T15:20:53.1659343Z 417/771 Test #417: WindowSealCursor.AdvanceThroughTimeSealsWindowsWhoseBoundaryIsReached ....................   Passed    0.00 sec
2026-07-27T15:20:53.1661282Z         Start 418: WindowSealCursor.TimeAndDataPathsShareOneCursorWithoutDoubleSealing
2026-07-27T15:20:53.1693358Z 418/771 Test #418: WindowSealCursor.TimeAndDataPathsShareOneCursorWithoutDoubleSealing ......................   Passed    0.00 sec
2026-07-27T15:20:53.1695431Z         Start 419: WindowSealCursor.ZeroIntervalDisablesSealing
2026-07-27T15:20:53.1729954Z 419/771 Test #419: WindowSealCursor.ZeroIntervalDisablesSealing .............................................   Passed    0.00 sec
2026-07-27T15:20:53.1732292Z         Start 420: ScenarioLoaderTest.AMalformedRandomDelayIsRefusedNotSilentlyDropped
2026-07-27T15:20:53.1774687Z 420/771 Test #420: ScenarioLoaderTest.AMalformedRandomDelayIsRefusedNotSilentlyDropped ......................   Passed    0.00 sec
2026-07-27T15:20:53.1777769Z         Start 421: ScenarioLoaderTest.AMalformedLatencyDistributionIsRefusedNotSilentlyZeroed
2026-07-27T15:20:53.1811012Z 421/771 Test #421: ScenarioLoaderTest.AMalformedLatencyDistributionIsRefusedNotSilentlyZeroed ...............   Passed    0.00 sec
2026-07-27T15:20:53.1813214Z         Start 422: ScenarioLoaderTest.EveryLegalLatencyFormIsStillAccepted
2026-07-27T15:20:53.1848320Z 422/771 Test #422: ScenarioLoaderTest.EveryLegalLatencyFormIsStillAccepted ..................................   Passed    0.00 sec
2026-07-27T15:20:53.1950203Z         Start 423: ScenarioLoaderTest.AnAbsentRandomDelayStaysAbsent
2026-07-27T15:20:53.1983262Z 423/771 Test #423: ScenarioLoaderTest.AnAbsentRandomDelayStaysAbsent ........................................   Passed    0.00 sec
2026-07-27T15:20:53.1985171Z         Start 424: ScenarioLoaderTest.ParseGlobalNoise
2026-07-27T15:20:53.2018453Z 424/771 Test #424: ScenarioLoaderTest.ParseGlobalNoise ......................................................   Passed    0.00 sec
2026-07-27T15:20:53.2021143Z         Start 425: ScenarioLoaderTest.ParsePerAgentNoise
2026-07-27T15:20:53.2057444Z 425/771 Test #425: ScenarioLoaderTest.ParsePerAgentNoise ....................................................   Passed    0.00 sec
2026-07-27T15:20:53.2059302Z         Start 426: ScenarioLoaderTest.ParseEnvironment
2026-07-27T15:20:53.2096172Z 426/771 Test #426: ScenarioLoaderTest.ParseEnvironment ......................................................   Passed    0.00 sec
2026-07-27T15:20:53.2097423Z         Start 427: ScenarioLoaderTest.ParsePropagationRules
2026-07-27T15:20:53.2140684Z 427/771 Test #427: ScenarioLoaderTest.ParsePropagationRules .................................................   Passed    0.00 sec
2026-07-27T15:20:53.2141969Z         Start 428: ScenarioLoaderTest.ParseIncludesAndMergeAgents
2026-07-27T15:20:53.2182443Z 428/771 Test #428: ScenarioLoaderTest.ParseIncludesAndMergeAgents ...........................................   Passed    0.00 sec
2026-07-27T15:20:53.2184754Z         Start 429: ScenarioLoaderTest.ParseUsersAndSessions
2026-07-27T15:20:53.2220026Z 429/771 Test #429: ScenarioLoaderTest.ParseUsersAndSessions .................................................   Passed    0.00 sec
2026-07-27T15:20:53.2222228Z         Start 430: ScenarioLoaderTest.UsersSessionsStaleDurationKeyWarnsAndTakesDefaults
2026-07-27T15:20:53.2261558Z 430/771 Test #430: ScenarioLoaderTest.UsersSessionsStaleDurationKeyWarnsAndTakesDefaults ....................   Passed    0.00 sec
2026-07-27T15:20:53.2264420Z         Start 431: ScenarioLoaderTest.ParsePersonas
2026-07-27T15:20:53.2300496Z 431/771 Test #431: ScenarioLoaderTest.ParsePersonas .........................................................   Passed    0.00 sec
2026-07-27T15:20:53.2301753Z         Start 432: ScenarioLoaderTest.ParseTemplatesAndResolve
2026-07-27T15:20:53.2335800Z 432/771 Test #432: ScenarioLoaderTest.ParseTemplatesAndResolve ..............................................   Passed    0.00 sec
2026-07-27T15:20:53.2337358Z         Start 433: ScenarioLoaderTest.TemplateResolutionAgentOverrides
2026-07-27T15:20:53.2372570Z 433/771 Test #433: ScenarioLoaderTest.TemplateResolutionAgentOverrides ......................................   Passed    0.00 sec
2026-07-27T15:20:53.2373811Z         Start 434: ScenarioLoaderTest.UnknownTemplateThrows
2026-07-27T15:20:53.2408963Z 434/771 Test #434: ScenarioLoaderTest.UnknownTemplateThrows .................................................   Passed    0.00 sec
2026-07-27T15:20:53.2411628Z         Start 435: ScenarioLoaderTest.InstanceExpansion
2026-07-27T15:20:53.2452956Z 435/771 Test #435: ScenarioLoaderTest.InstanceExpansion .....................................................   Passed    0.00 sec
2026-07-27T15:20:53.2454883Z         Start 436: ScenarioLoaderTest.SingleInstanceNoExpansion
2026-07-27T15:20:53.2487809Z 436/771 Test #436: ScenarioLoaderTest.SingleInstanceNoExpansion .............................................   Passed    0.00 sec
2026-07-27T15:20:53.2488940Z         Start 437: ScenarioLoaderTest.ParseRegistryNamedAgents
2026-07-27T15:20:53.2526098Z 437/771 Test #437: ScenarioLoaderTest.ParseRegistryNamedAgents ..............................................   Passed    0.00 sec
2026-07-27T15:20:53.2528696Z         Start 438: ScenarioLoaderTest.ParseRegistryWithOverrides
2026-07-27T15:20:53.2564652Z 438/771 Test #438: ScenarioLoaderTest.ParseRegistryWithOverrides ............................................   Passed    0.00 sec
2026-07-27T15:20:53.2566132Z         Start 439: ScenarioLoaderTest.ParseRegistryWithRateStringOverride
2026-07-27T15:20:53.2601214Z 439/771 Test #439: ScenarioLoaderTest.ParseRegistryWithRateStringOverride ...................................   Passed    0.00 sec
2026-07-27T15:20:53.2602782Z         Start 440: ScenarioLoaderTest.NoRegistryWhenAbsent
2026-07-27T15:20:53.2637398Z 440/771 Test #440: ScenarioLoaderTest.NoRegistryWhenAbsent ..................................................   Passed    0.00 sec
2026-07-27T15:20:53.2639243Z         Start 441: ScenarioLoaderTest.RegistryFileLoadAndOverride
2026-07-27T15:20:53.2683771Z 441/771 Test #441: ScenarioLoaderTest.RegistryFileLoadAndOverride ...........................................   Passed    0.00 sec
2026-07-27T15:20:53.2685336Z         Start 442: ScenarioLoaderTest.RegistryUnknownRefThrows
2026-07-27T15:20:53.2725419Z 442/771 Test #442: ScenarioLoaderTest.RegistryUnknownRefThrows ..............................................   Passed    0.00 sec
2026-07-27T15:20:53.2727777Z         Start 443: ScenarioLoaderTest.RegistryWithInstanceExpansion
2026-07-27T15:20:53.2779179Z 443/771 Test #443: ScenarioLoaderTest.RegistryWithInstanceExpansion .........................................   Passed    0.01 sec
2026-07-27T15:20:53.2781656Z         Start 444: ScenarioLoaderTest.RegistryAndInlineAgentsCoexist
2026-07-27T15:20:53.2829397Z 444/771 Test #444: ScenarioLoaderTest.RegistryAndInlineAgentsCoexist ........................................   Passed    0.00 sec
2026-07-27T15:20:53.2831629Z         Start 445: ScenarioLoaderTest.RegistryAndTemplatesCoexist
2026-07-27T15:20:53.2874665Z 445/771 Test #445: ScenarioLoaderTest.RegistryAndTemplatesCoexist ...........................................   Passed    0.00 sec
2026-07-27T15:20:53.2878626Z         Start 446: ScenarioLoaderTest.ParseLevelOverridesOnField
2026-07-27T15:20:53.2913278Z 446/771 Test #446: ScenarioLoaderTest.ParseLevelOverridesOnField ............................................   Passed    0.00 sec
2026-07-27T15:20:53.2915679Z         Start 447: ScenarioLoaderTest.ParseLevelOverridesAllSixLevels
2026-07-27T15:20:53.2949837Z 447/771 Test #447: ScenarioLoaderTest.ParseLevelOverridesAllSixLevels .......................................   Passed    0.00 sec
2026-07-27T15:20:53.2950948Z         Start 448: ScenarioLoaderTest.LevelOverridesAbsentProducesEmptyMap
2026-07-27T15:20:53.2984087Z 448/771 Test #448: ScenarioLoaderTest.LevelOverridesAbsentProducesEmptyMap ..................................   Passed    0.00 sec
2026-07-27T15:20:53.2985768Z         Start 449: ScenarioLoaderTest.LevelOverridesInTemplateField
2026-07-27T15:20:53.3019089Z 449/771 Test #449: ScenarioLoaderTest.LevelOverridesInTemplateField .........................................   Passed    0.00 sec
2026-07-27T15:20:53.3021385Z         Start 450: ScenarioLoaderTest.LevelOverridesUnknownLevelThrows
2026-07-27T15:20:53.3058144Z 450/771 Test #450: ScenarioLoaderTest.LevelOverridesUnknownLevelThrows ......................................   Passed    0.00 sec
2026-07-27T15:20:53.3060707Z         Start 451: ScenarioLoaderTest.ParseLevelWeights
2026-07-27T15:20:53.3096866Z 451/771 Test #451: ScenarioLoaderTest.ParseLevelWeights .....................................................   Passed    0.00 sec
2026-07-27T15:20:53.3098136Z         Start 452: ScenarioLoaderTest.LevelWeightsAbsentProducesEmptyMap
2026-07-27T15:20:53.3134532Z 452/771 Test #452: ScenarioLoaderTest.LevelWeightsAbsentProducesEmptyMap ....................................   Passed    0.00 sec
2026-07-27T15:20:53.3135776Z         Start 453: ScenarioLoaderTest.NestedWorldBlocksWarnOnUnknownSubKeys
2026-07-27T15:20:53.3172465Z 453/771 Test #453: ScenarioLoaderTest.NestedWorldBlocksWarnOnUnknownSubKeys .................................   Passed    0.00 sec
2026-07-27T15:20:53.3174754Z         Start 454: ScenarioLoaderTest.NestedWorldBlocksAreSilentOnValidKeys
2026-07-27T15:20:53.3210066Z 454/771 Test #454: ScenarioLoaderTest.NestedWorldBlocksAreSilentOnValidKeys .................................   Passed    0.00 sec
2026-07-27T15:20:53.3211537Z         Start 455: ScenarioLoaderTest.ParseStateAndEffects
2026-07-27T15:20:53.3250430Z 455/771 Test #455: ScenarioLoaderTest.ParseStateAndEffects ..................................................   Passed    0.00 sec
2026-07-27T15:20:53.3252980Z         Start 456: ScenarioLoaderTest.ParseCorrelatedFailures
2026-07-27T15:20:53.3286944Z 456/771 Test #456: ScenarioLoaderTest.ParseCorrelatedFailures ...............................................   Passed    0.00 sec
2026-07-27T15:20:53.3288164Z         Start 457: ScenarioLoaderTest.ParseApiServiceArchetype
2026-07-27T15:20:53.3320834Z 457/771 Test #457: ScenarioLoaderTest.ParseApiServiceArchetype ..............................................   Passed    0.00 sec
2026-07-27T15:20:53.3322101Z         Start 458: ScenarioLoaderTest.ParseDatabaseArchetype
2026-07-27T15:20:53.3354837Z 458/771 Test #458: ScenarioLoaderTest.ParseDatabaseArchetype ................................................   Passed    0.00 sec
2026-07-27T15:20:53.3358035Z         Start 459: ScenarioLoaderTest.ParseExternalApiArchetype
2026-07-27T15:20:53.3393105Z 459/771 Test #459: ScenarioLoaderTest.ParseExternalApiArchetype .............................................   Passed    0.00 sec
2026-07-27T15:20:53.3395441Z         Start 460: ScenarioLoaderTest.ParseHealthState
2026-07-27T15:20:53.3428850Z 460/771 Test #460: ScenarioLoaderTest.ParseHealthState ......................................................   Passed    0.00 sec
2026-07-27T15:20:53.3431304Z         Start 461: ScenarioLoaderTest.ParseRateModulationSinusoidal
2026-07-27T15:20:53.3466147Z 461/771 Test #461: ScenarioLoaderTest.ParseRateModulationSinusoidal .........................................   Passed    0.00 sec
2026-07-27T15:20:53.3467582Z         Start 462: ScenarioLoaderTest.ParseRateModulationBusinessHours
2026-07-27T15:20:53.3500219Z 462/771 Test #462: ScenarioLoaderTest.ParseRateModulationBusinessHours ......................................   Passed    0.00 sec
2026-07-27T15:20:53.3501507Z         Start 463: ScenarioLoaderTest.ParseRateModulationSinusoidalDefaults
2026-07-27T15:20:53.3534340Z 463/771 Test #463: ScenarioLoaderTest.ParseRateModulationSinusoidalDefaults .................................   Passed    0.00 sec
2026-07-27T15:20:53.3536706Z         Start 464: ScenarioLoaderTest.ParseRateModulationBusinessHoursDefaults
2026-07-27T15:20:53.3572866Z 464/771 Test #464: ScenarioLoaderTest.ParseRateModulationBusinessHoursDefaults ..............................   Passed    0.00 sec
2026-07-27T15:20:53.3574349Z         Start 465: ScenarioLoaderTest.NoRateModulation_Absent
2026-07-27T15:20:53.3607635Z 465/771 Test #465: ScenarioLoaderTest.NoRateModulation_Absent ...............................................   Passed    0.00 sec
2026-07-27T15:20:53.3610179Z         Start 466: ScenarioLoaderTest.WeightedChoiceMismatchThrows
2026-07-27T15:20:53.3647273Z 466/771 Test #466: ScenarioLoaderTest.WeightedChoiceMismatchThrows ..........................................   Passed    0.00 sec
2026-07-27T15:20:53.3648479Z         Start 467: ScenarioLoaderTest.ParsesAllGeneratorTypes
2026-07-27T15:20:53.3683657Z 467/771 Test #467: ScenarioLoaderTest.ParsesAllGeneratorTypes ...............................................   Passed    0.00 sec
2026-07-27T15:20:53.3684958Z         Start 468: ScenarioLoaderTest.ParsesConditionalGenerator
2026-07-27T15:20:53.3719123Z 468/771 Test #468: ScenarioLoaderTest.ParsesConditionalGenerator ............................................   Passed    0.00 sec
2026-07-27T15:20:53.3720369Z         Start 469: ScenarioLoaderTest.UnknownGeneratorThrows
2026-07-27T15:20:53.3755714Z 469/771 Test #469: ScenarioLoaderTest.UnknownGeneratorThrows ................................................   Passed    0.00 sec
2026-07-27T15:20:53.3757189Z         Start 470: ScenarioLoaderTest.ConditionalFieldRefersToLaterFieldThrows
2026-07-27T15:20:53.3793568Z 470/771 Test #470: ScenarioLoaderTest.ConditionalFieldRefersToLaterFieldThrows ..............................   Passed    0.00 sec
2026-07-27T15:20:53.3795300Z         Start 471: ScenarioLoaderTest.ConditionalFieldRefersToEarlierFieldDoesNotThrow
2026-07-27T15:20:53.3830358Z 471/771 Test #471: ScenarioLoaderTest.ConditionalFieldRefersToEarlierFieldDoesNotThrow ......................   Passed    0.00 sec
2026-07-27T15:20:53.3831602Z         Start 472: ScenarioLoaderTest.UnrecognizedFieldKeyProducesWarning
2026-07-27T15:20:53.3865839Z 472/771 Test #472: ScenarioLoaderTest.UnrecognizedFieldKeyProducesWarning ...................................   Passed    0.00 sec
2026-07-27T15:20:53.3867107Z         Start 473: ScenarioLoaderTest.ParseIncidents
2026-07-27T15:20:53.3901755Z 473/771 Test #473: ScenarioLoaderTest.ParseIncidents ........................................................   Passed    0.00 sec
2026-07-27T15:20:53.3903068Z         Start 474: ScenarioLoaderTest.ParseProbabilityIncidentTrigger
2026-07-27T15:20:53.3936307Z 474/771 Test #474: ScenarioLoaderTest.ParseProbabilityIncidentTrigger .......................................   Passed    0.00 sec
2026-07-27T15:20:53.3939775Z         Start 475: ScenarioLoaderTest.ParseAgentStartDelaySeconds
2026-07-27T15:20:53.3973415Z 475/771 Test #475: ScenarioLoaderTest.ParseAgentStartDelaySeconds ...........................................   Passed    0.00 sec
2026-07-27T15:20:53.3975708Z         Start 476: ScenarioLoaderTest.IncidentEffectTargetUnknownAgentThrows
2026-07-27T15:20:53.4010251Z 476/771 Test #476: ScenarioLoaderTest.IncidentEffectTargetUnknownAgentThrows ................................   Passed    0.00 sec
2026-07-27T15:20:53.4011580Z         Start 477: ScenarioLoaderTest.IncidentEffectValidTargetDoesNotThrow
2026-07-27T15:20:53.4045072Z 477/771 Test #477: ScenarioLoaderTest.IncidentEffectValidTargetDoesNotThrow .................................   Passed    0.00 sec
2026-07-27T15:20:53.4046639Z         Start 478: ScenarioLoaderTest.UnrecognizedIncidentKeyProducesWarning
2026-07-27T15:20:53.4080380Z 478/771 Test #478: ScenarioLoaderTest.UnrecognizedIncidentKeyProducesWarning ................................   Passed    0.00 sec
2026-07-27T15:20:53.4082311Z         Start 479: ScenarioLoaderTest.OutputFormatJson
2026-07-27T15:20:53.4114482Z 479/771 Test #479: ScenarioLoaderTest.OutputFormatJson ......................................................   Passed    0.00 sec
2026-07-27T15:20:53.4115685Z         Start 480: ScenarioLoaderTest.OutputFormatText
2026-07-27T15:20:53.4149226Z 480/771 Test #480: ScenarioLoaderTest.OutputFormatText ......................................................   Passed    0.00 sec
2026-07-27T15:20:53.4150506Z         Start 481: ScenarioLoaderTest.OutputFormatClf
2026-07-27T15:20:53.4184360Z 481/771 Test #481: ScenarioLoaderTest.OutputFormatClf .......................................................   Passed    0.00 sec
2026-07-27T15:20:53.4185668Z         Start 482: ScenarioLoaderTest.OutputFormatApacheError
2026-07-27T15:20:53.4218923Z 482/771 Test #482: ScenarioLoaderTest.OutputFormatApacheError ...............................................   Passed    0.00 sec
2026-07-27T15:20:53.4220214Z         Start 483: ScenarioLoaderTest.OutputFormatLog4j
2026-07-27T15:20:53.4253426Z 483/771 Test #483: ScenarioLoaderTest.OutputFormatLog4j .....................................................   Passed    0.00 sec
2026-07-27T15:20:53.4254905Z         Start 484: ScenarioLoaderTest.OutputFormatSyslog
2026-07-27T15:20:53.4289156Z 484/771 Test #484: ScenarioLoaderTest.OutputFormatSyslog ....................................................   Passed    0.00 sec
2026-07-27T15:20:53.4290619Z         Start 485: ScenarioLoaderTest.OutputFormatRfc5424
2026-07-27T15:20:53.4323673Z 485/771 Test #485: ScenarioLoaderTest.OutputFormatRfc5424 ...................................................   Passed    0.00 sec
2026-07-27T15:20:53.4325280Z         Start 486: ScenarioLoaderTest.OutputFormatNginxError
2026-07-27T15:20:53.4357634Z 486/771 Test #486: ScenarioLoaderTest.OutputFormatNginxError ................................................   Passed    0.00 sec
2026-07-27T15:20:53.4359897Z         Start 487: ScenarioLoaderTest.OutputFormatKv
2026-07-27T15:20:53.4392699Z 487/771 Test #487: ScenarioLoaderTest.OutputFormatKv ........................................................   Passed    0.00 sec
2026-07-27T15:20:53.4394647Z         Start 488: ScenarioLoaderTest.OutputFormatLogfmtAliasForKv
2026-07-27T15:20:53.4427426Z 488/771 Test #488: ScenarioLoaderTest.OutputFormatLogfmtAliasForKv ..........................................   Passed    0.00 sec
2026-07-27T15:20:53.4428687Z         Start 489: ScenarioLoaderTest.OutputFormatAndroidLogcat
2026-07-27T15:20:53.4462380Z 489/771 Test #489: ScenarioLoaderTest.OutputFormatAndroidLogcat .............................................   Passed    0.00 sec
2026-07-27T15:20:53.4463608Z         Start 490: ScenarioLoaderTest.OutputFormatWindowsCbs
2026-07-27T15:20:53.4498982Z 490/771 Test #490: ScenarioLoaderTest.OutputFormatWindowsCbs ................................................   Passed    0.00 sec
2026-07-27T15:20:53.4501195Z         Start 491: ScenarioLoaderTest.OutputFormatSparkHdfs
2026-07-27T15:20:53.4533570Z 491/771 Test #491: ScenarioLoaderTest.OutputFormatSparkHdfs .................................................   Passed    0.00 sec
2026-07-27T15:20:53.4534872Z         Start 492: ScenarioLoaderTest.OutputFormatSparkAlias
2026-07-27T15:20:53.4567766Z 492/771 Test #492: ScenarioLoaderTest.OutputFormatSparkAlias ................................................   Passed    0.00 sec
2026-07-27T15:20:53.4569004Z         Start 493: ScenarioLoaderTest.OutputFormatHealthApp
2026-07-27T15:20:53.4602152Z 493/771 Test #493: ScenarioLoaderTest.OutputFormatHealthApp .................................................   Passed    0.00 sec
2026-07-27T15:20:53.4603411Z         Start 494: ScenarioLoaderTest.OutputFormatProxifier
2026-07-27T15:20:53.4646528Z 494/771 Test #494: ScenarioLoaderTest.OutputFormatProxifier .................................................   Passed    0.00 sec
2026-07-27T15:20:53.4647512Z         Start 495: ScenarioLoaderTest.OutputFormatCloudWatch
2026-07-27T15:20:53.4680574Z 495/771 Test #495: ScenarioLoaderTest.OutputFormatCloudWatch ................................................   Passed    0.00 sec
2026-07-27T15:20:53.4681823Z         Start 496: ScenarioLoaderTest.OutputFormatSystemdJournal
2026-07-27T15:20:53.4714627Z 496/771 Test #496: ScenarioLoaderTest.OutputFormatSystemdJournal ............................................   Passed    0.00 sec
2026-07-27T15:20:53.4716926Z         Start 497: ScenarioLoaderTest.OutputFormatHpc
2026-07-27T15:20:53.4750795Z 497/771 Test #497: ScenarioLoaderTest.OutputFormatHpc .......................................................   Passed    0.00 sec
2026-07-27T15:20:53.4752505Z         Start 498: ScenarioLoaderTest.OutputFormatBglAliasForHpc
2026-07-27T15:20:53.4785772Z 498/771 Test #498: ScenarioLoaderTest.OutputFormatBglAliasForHpc ............................................   Passed    0.00 sec
2026-07-27T15:20:53.4787023Z         Start 499: ScenarioLoaderTest.OutputFormatIisW3c
2026-07-27T15:20:53.4822688Z 499/771 Test #499: ScenarioLoaderTest.OutputFormatIisW3c ....................................................   Passed    0.00 sec
2026-07-27T15:20:53.4823343Z         Start 500: ScenarioLoaderTest.OutputFormatIisAlias
2026-07-27T15:20:53.4856113Z 500/771 Test #500: ScenarioLoaderTest.OutputFormatIisAlias ..................................................   Passed    0.00 sec
2026-07-27T15:20:53.4857394Z         Start 501: ScenarioLoaderTest.OutputFormatUnknownFallsBackToJson
2026-07-27T15:20:53.4892880Z 501/771 Test #501: ScenarioLoaderTest.OutputFormatUnknownFallsBackToJson ....................................   Passed    0.00 sec
2026-07-27T15:20:53.4894039Z         Start 502: ScenarioLoaderTest.UnrecognizedOutputKeyProducesWarning
2026-07-27T15:20:53.4928165Z 502/771 Test #502: ScenarioLoaderTest.UnrecognizedOutputKeyProducesWarning ..................................   Passed    0.00 sec
2026-07-27T15:20:53.4929344Z         Start 503: ScenarioLoaderTest.PrometheusMetricKeys
2026-07-27T15:20:53.4962395Z 503/771 Test #503: ScenarioLoaderTest.PrometheusMetricKeys ..................................................   Passed    0.00 sec
2026-07-27T15:20:53.4963634Z         Start 504: ScenarioLoaderTest.StatsdMetricKeys
2026-07-27T15:20:53.4996231Z 504/771 Test #504: ScenarioLoaderTest.StatsdMetricKeys ......................................................   Passed    0.00 sec
2026-07-27T15:20:53.4997628Z         Start 505: ScenarioLoaderTest.MetricsShortFormKeysRejected
2026-07-27T15:20:53.5031380Z 505/771 Test #505: ScenarioLoaderTest.MetricsShortFormKeysRejected ..........................................   Passed    0.00 sec
2026-07-27T15:20:53.5033074Z         Start 506: ScenarioLoaderTest.ParsePhases
2026-07-27T15:20:53.5067099Z 506/771 Test #506: ScenarioLoaderTest.ParsePhases ...........................................................   Passed    0.00 sec
2026-07-27T15:20:53.5068362Z         Start 507: ScenarioLoaderTest.PhaseRateExplicitZeroVsOmitted
2026-07-27T15:20:53.5101849Z 507/771 Test #507: ScenarioLoaderTest.PhaseRateExplicitZeroVsOmitted ........................................   Passed    0.00 sec
2026-07-27T15:20:53.5103517Z         Start 508: ScenarioLoaderTest.PhasesWithNormalDistribution
2026-07-27T15:20:53.5137482Z 508/771 Test #508: ScenarioLoaderTest.PhasesWithNormalDistribution ..........................................   Passed    0.00 sec
2026-07-27T15:20:53.5138610Z         Start 509: ScenarioLoaderTest.PhasesWithPercentileDistribution
2026-07-27T15:20:53.5171792Z 509/771 Test #509: ScenarioLoaderTest.PhasesWithPercentileDistribution ......................................   Passed    0.00 sec
2026-07-27T15:20:53.5172997Z         Start 510: ScenarioLoaderTest.AgentLevelLatencyDistribution
2026-07-27T15:20:53.5207076Z 510/771 Test #510: ScenarioLoaderTest.AgentLevelLatencyDistribution .........................................   Passed    0.00 sec
2026-07-27T15:20:53.5207974Z         Start 511: ScenarioLoaderTest.AgentLevelLatencyUniformArray
2026-07-27T15:20:53.5240829Z 511/771 Test #511: ScenarioLoaderTest.AgentLevelLatencyUniformArray .........................................   Passed    0.00 sec
2026-07-27T15:20:53.5242001Z         Start 512: ScenarioLoaderTest.UnrecognizedPhaseKeyProducesWarning
2026-07-27T15:20:53.5275798Z 512/771 Test #512: ScenarioLoaderTest.UnrecognizedPhaseKeyProducesWarning ...................................   Passed    0.00 sec
2026-07-27T15:20:53.5277133Z         Start 513: ScenarioLoaderTest.LoadValidYaml
2026-07-27T15:20:53.5313642Z 513/771 Test #513: ScenarioLoaderTest.LoadValidYaml .........................................................   Passed    0.00 sec
2026-07-27T15:20:53.5315738Z         Start 514: ScenarioLoaderTest.DefaultsWhenOptionalFieldsMissing
2026-07-27T15:20:53.5350245Z 514/771 Test #514: ScenarioLoaderTest.DefaultsWhenOptionalFieldsMissing .....................................   Passed    0.00 sec
2026-07-27T15:20:53.5352121Z         Start 515: ScenarioLoaderTest.ThrowsOnMissingScenarioKey
2026-07-27T15:20:53.5384550Z 515/771 Test #515: ScenarioLoaderTest.ThrowsOnMissingScenarioKey ............................................   Passed    0.00 sec
2026-07-27T15:20:53.5385726Z         Start 516: ScenarioLoaderTest.ThrowsOnInvalidYaml
2026-07-27T15:20:53.5419735Z 516/771 Test #516: ScenarioLoaderTest.ThrowsOnInvalidYaml ...................................................   Passed    0.00 sec
2026-07-27T15:20:53.5420957Z         Start 517: ScenarioLoaderTest.DurationStringParsing
2026-07-27T15:20:53.5454054Z 517/771 Test #517: ScenarioLoaderTest.DurationStringParsing .................................................   Passed    0.00 sec
2026-07-27T15:20:53.5455652Z         Start 518: ScenarioLoaderTest.DurationSecondsString
2026-07-27T15:20:53.5495103Z 518/771 Test #518: ScenarioLoaderTest.DurationSecondsString .................................................   Passed    0.00 sec
2026-07-27T15:20:53.5496224Z         Start 519: ScenarioLoaderTest.DurationHoursString
2026-07-27T15:20:53.5529112Z 519/771 Test #519: ScenarioLoaderTest.DurationHoursString ...................................................   Passed    0.00 sec
2026-07-27T15:20:53.5530760Z         Start 520: ScenarioLoaderTest.DurationMillisecondsString
2026-07-27T15:20:53.5563422Z 520/771 Test #520: ScenarioLoaderTest.DurationMillisecondsString ............................................   Passed    0.00 sec
2026-07-27T15:20:53.5564646Z         Start 521: ScenarioLoaderTest.RateStringParsing
2026-07-27T15:20:53.5599225Z 521/771 Test #521: ScenarioLoaderTest.RateStringParsing .....................................................   Passed    0.00 sec
2026-07-27T15:20:53.5600789Z         Start 522: ScenarioLoaderTest.DurationSecondsFallback
2026-07-27T15:20:53.5637727Z 522/771 Test #522: ScenarioLoaderTest.DurationSecondsFallback ...............................................   Passed    0.00 sec
2026-07-27T15:20:53.5639006Z         Start 523: ScenarioLoaderTest.ParseOutputFields
2026-07-27T15:20:53.5672114Z 523/771 Test #523: ScenarioLoaderTest.ParseOutputFields .....................................................   Passed    0.00 sec
2026-07-27T15:20:53.5673438Z         Start 524: ScenarioLoaderTest.OutputFieldProjectionDistinguishesAbsentFromDeclaredEmpty
2026-07-27T15:20:53.5708103Z 524/771 Test #524: ScenarioLoaderTest.OutputFieldProjectionDistinguishesAbsentFromDeclaredEmpty .............   Passed    0.00 sec
2026-07-27T15:20:53.5709216Z         Start 525: ScenarioLoaderTest.OutputFieldProjectionRejectsANonListFields
2026-07-27T15:20:53.5743463Z 525/771 Test #525: ScenarioLoaderTest.OutputFieldProjectionRejectsANonListFields ............................   Passed    0.00 sec
2026-07-27T15:20:53.5744617Z         Start 526: ScenarioLoaderTest.FullRealisticScenario
2026-07-27T15:20:53.5793087Z 526/771 Test #526: ScenarioLoaderTest.FullRealisticScenario .................................................   Passed    0.00 sec
2026-07-27T15:20:53.5794088Z         Start 527: ScenarioLoaderTest.UnrecognizedScenarioKeyProducesWarning
2026-07-27T15:20:53.5830345Z 527/771 Test #527: ScenarioLoaderTest.UnrecognizedScenarioKeyProducesWarning ................................   Passed    0.00 sec
2026-07-27T15:20:53.5831564Z         Start 528: ScenarioLoaderTest.ValidKeysProduceNoWarnings
2026-07-27T15:20:53.5865886Z 528/771 Test #528: ScenarioLoaderTest.ValidKeysProduceNoWarnings ............................................   Passed    0.00 sec
2026-07-27T15:20:53.5867934Z         Start 529: ScenarioLoaderTest.ParseAutoCascade
2026-07-27T15:20:53.5900738Z 529/771 Test #529: ScenarioLoaderTest.ParseAutoCascade ......................................................   Passed    0.00 sec
2026-07-27T15:20:53.5901857Z         Start 530: ScenarioLoaderTest.ParseAutoCascadeDefaults
2026-07-27T15:20:53.5938694Z 530/771 Test #530: ScenarioLoaderTest.ParseAutoCascadeDefaults ..............................................   Passed    0.00 sec
2026-07-27T15:20:53.5939871Z         Start 531: ScenarioLoaderTest.ParseReplayConfig
2026-07-27T15:20:53.5974246Z 531/771 Test #531: ScenarioLoaderTest.ParseReplayConfig .....................................................   Passed    0.00 sec
2026-07-27T15:20:53.5975543Z         Start 532: ScenarioLoaderTest.ParseReplayDefaultSpeed
2026-07-27T15:20:53.6009254Z 532/771 Test #532: ScenarioLoaderTest.ParseReplayDefaultSpeed ...............................................   Passed    0.00 sec
2026-07-27T15:20:53.6010470Z         Start 533: ScenarioLoaderTest.ParseEntityPool
2026-07-27T15:20:53.6044171Z 533/771 Test #533: ScenarioLoaderTest.ParseEntityPool .......................................................   Passed    0.00 sec
2026-07-27T15:20:53.6046723Z         Start 534: ScenarioLoaderTest.ParseScenarioFieldVariations
2026-07-27T15:20:53.6080885Z 534/771 Test #534: ScenarioLoaderTest.ParseScenarioFieldVariations ..........................................   Passed    0.00 sec
2026-07-27T15:20:53.6082131Z         Start 535: ScenarioLoaderTest.ParseClockVirtualMode
2026-07-27T15:20:53.6126489Z 535/771 Test #535: ScenarioLoaderTest.ParseClockVirtualMode .................................................   Passed    0.00 sec
2026-07-27T15:20:53.6128911Z         Start 536: ScenarioLoaderTest.ParseDeclaredIntentChannelReachesTheOutputConfig
2026-07-27T15:20:53.6165209Z 536/771 Test #536: ScenarioLoaderTest.ParseDeclaredIntentChannelReachesTheOutputConfig ......................   Passed    0.00 sec
2026-07-27T15:20:53.6166391Z         Start 537: ScenarioLoaderTest.ParseOmittedIntentChannelIsUnspecified
2026-07-27T15:20:53.6200560Z 537/771 Test #537: ScenarioLoaderTest.ParseOmittedIntentChannelIsUnspecified ................................   Passed    0.00 sec
2026-07-27T15:20:53.6201268Z         Start 538: ScenarioLoaderTest.PathBearingSinkWithoutFilePathThrows
2026-07-27T15:20:53.6237549Z 538/771 Test #538: ScenarioLoaderTest.PathBearingSinkWithoutFilePathThrows ..................................   Passed    0.00 sec
2026-07-27T15:20:53.6239864Z         Start 539: ScenarioLoaderTest.ParseUnknownIntentChannelThrows
2026-07-27T15:20:53.6273134Z 539/771 Test #539: ScenarioLoaderTest.ParseUnknownIntentChannelThrows .......................................   Passed    0.00 sec
2026-07-27T15:20:53.6275748Z         Start 540: ScenarioLoaderTest.ParsePipelineConfig
2026-07-27T15:20:53.6308746Z 540/771 Test #540: ScenarioLoaderTest.ParsePipelineConfig ...................................................   Passed    0.00 sec
2026-07-27T15:20:53.6311046Z         Start 541: ScenarioLoaderTest.ParsePipelineBackpressureDrop
2026-07-27T15:20:53.6344689Z 541/771 Test #541: ScenarioLoaderTest.ParsePipelineBackpressureDrop .........................................   Passed    0.00 sec
2026-07-27T15:20:53.6346038Z         Start 542: ScenarioLoaderTest.RecordingOutputTakesRecordingFormatAndRefusesTheRetiredFormatKey
2026-07-27T15:20:53.6381987Z 542/771 Test #542: ScenarioLoaderTest.RecordingOutputTakesRecordingFormatAndRefusesTheRetiredFormatKey ......   Passed    0.00 sec
2026-07-27T15:20:53.6382771Z         Start 543: ScenarioLoaderTest.AnUnknownLogLevelTokenIsRefusedAtEveryLevelKey
2026-07-27T15:20:53.6422388Z 543/771 Test #543: ScenarioLoaderTest.AnUnknownLogLevelTokenIsRefusedAtEveryLevelKey ........................   Passed    0.00 sec
2026-07-27T15:20:53.6423646Z         Start 544: ScenarioLoaderTest.SeedUnderRealScenarioRootIsRejected
2026-07-27T15:20:53.6462978Z 544/771 Test #544: ScenarioLoaderTest.SeedUnderRealScenarioRootIsRejected ...................................   Passed    0.00 sec
2026-07-27T15:20:53.6464143Z         Start 545: ScenarioLoaderTest.DeterministicScenarioSeedDefaultsTo42
2026-07-27T15:20:53.6497803Z 545/771 Test #545: ScenarioLoaderTest.DeterministicScenarioSeedDefaultsTo42 .................................   Passed    0.00 sec
2026-07-27T15:20:53.6498991Z         Start 546: ScenarioLoaderTest.DeclaringBothRootsIsRejected
2026-07-27T15:20:53.6532792Z 546/771 Test #546: ScenarioLoaderTest.DeclaringBothRootsIsRejected ..........................................   Passed    0.00 sec
2026-07-27T15:20:53.6533995Z         Start 547: ScenarioLoaderTest.DeterministicScenarioRootSelectsDeterministicMode
2026-07-27T15:20:53.6567695Z 547/771 Test #547: ScenarioLoaderTest.DeterministicScenarioRootSelectsDeterministicMode .....................   Passed    0.00 sec
2026-07-27T15:20:53.6569007Z         Start 548: ScenarioLoaderTest.RealScenarioRootSelectsRealMode
2026-07-27T15:20:53.6602021Z 548/771 Test #548: ScenarioLoaderTest.RealScenarioRootSelectsRealMode .......................................   Passed    0.00 sec
2026-07-27T15:20:53.6603248Z         Start 549: ScenarioLoaderTest.DeterministicScenarioDeclinesAutoCascade
2026-07-27T15:20:53.6650152Z 549/771 Test #549: ScenarioLoaderTest.DeterministicScenarioDeclinesAutoCascade ..............................   Passed    0.00 sec
2026-07-27T15:20:53.6652274Z         Start 550: ScenarioLoaderTest.RealScenarioDeclinesFlowsAndSaysWhichCapabilityAndWhere
2026-07-27T15:20:53.6688715Z 550/771 Test #550: ScenarioLoaderTest.RealScenarioDeclinesFlowsAndSaysWhichCapabilityAndWhere ...............   Passed    0.00 sec
2026-07-27T15:20:53.6689926Z         Start 551: ScenarioLoaderTest.TheDeterministicWorldStillAcceptsTheVerySameFlow
2026-07-27T15:20:53.6724745Z 551/771 Test #551: ScenarioLoaderTest.TheDeterministicWorldStillAcceptsTheVerySameFlow ......................   Passed    0.00 sec
2026-07-27T15:20:53.6725918Z         Start 552: ScenarioLoaderTest.PerAgentSeedOverridesTheCommonSeed
2026-07-27T15:20:53.6759765Z 552/771 Test #552: ScenarioLoaderTest.PerAgentSeedOverridesTheCommonSeed ....................................   Passed    0.00 sec
2026-07-27T15:20:53.6760933Z         Start 553: ScenarioLoaderTest.InstancesSeedAssignsOnePerExpandedInstance
2026-07-27T15:20:53.6794296Z 553/771 Test #553: ScenarioLoaderTest.InstancesSeedAssignsOnePerExpandedInstance ............................   Passed    0.00 sec
2026-07-27T15:20:53.6796408Z         Start 554: ScenarioLoaderTest.InstancesSeedWrongLengthIsRejected
2026-07-27T15:20:53.6831683Z 554/771 Test #554: ScenarioLoaderTest.InstancesSeedWrongLengthIsRejected ....................................   Passed    0.00 sec
2026-07-27T15:20:53.6832860Z         Start 555: ScenarioLoaderTest.SeedAndInstancesSeedAreMutuallyExclusive
2026-07-27T15:20:53.6868501Z 555/771 Test #555: ScenarioLoaderTest.SeedAndInstancesSeedAreMutuallyExclusive ..............................   Passed    0.00 sec
2026-07-27T15:20:53.6869930Z         Start 556: ScenarioLoaderTest.InstancesSeedRequiresMultipleInstances
2026-07-27T15:20:53.6904775Z 556/771 Test #556: ScenarioLoaderTest.InstancesSeedRequiresMultipleInstances ................................   Passed    0.00 sec
2026-07-27T15:20:53.6905953Z         Start 557: ScenarioLoaderTest.PerAgentSeedInRealWorldIsRejected
2026-07-27T15:20:53.6940504Z 557/771 Test #557: ScenarioLoaderTest.PerAgentSeedInRealWorldIsRejected .....................................   Passed    0.00 sec
2026-07-27T15:20:53.6942513Z         Start 558: ScenarioLoaderTest.TemplateMustDeclareAnIntent
2026-07-27T15:20:53.6976954Z 558/771 Test #558: ScenarioLoaderTest.TemplateMustDeclareAnIntent ...........................................   Passed    0.00 sec
2026-07-27T15:20:53.6978185Z         Start 559: ScenarioLoaderTest.UseTemplateWithMismatchedIntentIsRejected
2026-07-27T15:20:53.7014268Z 559/771 Test #559: ScenarioLoaderTest.UseTemplateWithMismatchedIntentIsRejected .............................   Passed    0.00 sec
2026-07-27T15:20:53.7015280Z         Start 560: ScenarioLoaderTest.UseTemplateInheritsIntentWhenAgentDeclaresNone
2026-07-27T15:20:53.7049505Z 560/771 Test #560: ScenarioLoaderTest.UseTemplateInheritsIntentWhenAgentDeclaresNone ........................   Passed    0.00 sec
2026-07-27T15:20:53.7050384Z         Start 561: ScenarioLoaderTest.PropagationRuleTargetUnknownAgentThrows
2026-07-27T15:20:53.7084874Z 561/771 Test #561: ScenarioLoaderTest.PropagationRuleTargetUnknownAgentThrows ...............................   Passed    0.00 sec
2026-07-27T15:20:53.7086199Z         Start 562: ScenarioLoaderTest.PropagationRuleValidTargetDoesNotThrow
2026-07-27T15:20:53.7126720Z 562/771 Test #562: ScenarioLoaderTest.PropagationRuleValidTargetDoesNotThrow ................................   Passed    0.00 sec
2026-07-27T15:20:53.7128098Z         Start 563: ScenarioLoaderTest.AgentDependencyUnknownAgentThrows
2026-07-27T15:20:53.7163775Z 563/771 Test #563: ScenarioLoaderTest.AgentDependencyUnknownAgentThrows .....................................   Passed    0.00 sec
2026-07-27T15:20:53.7164918Z         Start 564: ScenarioLoaderTest.AgentDependencyValidAgentDoesNotThrow
2026-07-27T15:20:53.7198377Z 564/771 Test #564: ScenarioLoaderTest.AgentDependencyValidAgentDoesNotThrow .................................   Passed    0.00 sec
2026-07-27T15:20:53.7199943Z         Start 565: ScenarioLoaderTest.UnrecognizedAgentKeyProducesWarning
2026-07-27T15:20:53.7233254Z 565/771 Test #565: ScenarioLoaderTest.UnrecognizedAgentKeyProducesWarning ...................................   Passed    0.00 sec
2026-07-27T15:20:53.7234525Z         Start 566: ScenarioLoaderTest.SeedWithRealClockAndBusinessHoursThrows
2026-07-27T15:20:53.7272775Z 566/771 Test #566: ScenarioLoaderTest.SeedWithRealClockAndBusinessHoursThrows ...............................   Passed    0.00 sec
2026-07-27T15:20:53.7273894Z         Start 567: ScenarioLoaderTest.SeedWithLocalTimezoneThrows
2026-07-27T15:20:53.7309737Z 567/771 Test #567: ScenarioLoaderTest.SeedWithLocalTimezoneThrows ...........................................   Passed    0.00 sec
2026-07-27T15:20:53.7310671Z         Start 568: ScenarioLoaderTest.RealModeBusinessHoursRateModulationDoesNotThrow
2026-07-27T15:20:53.7344201Z 568/771 Test #568: ScenarioLoaderTest.RealModeBusinessHoursRateModulationDoesNotThrow .......................   Passed    0.00 sec
2026-07-27T15:20:53.7345330Z         Start 569: ScenarioLoaderTest.DeterministicScenarioDeclinesBusinessHoursRateModulation
2026-07-27T15:20:53.7380741Z 569/771 Test #569: ScenarioLoaderTest.DeterministicScenarioDeclinesBusinessHoursRateModulation ..............   Passed    0.00 sec
2026-07-27T15:20:53.7383084Z         Start 570: ScenarioLoaderTest.NoSeedWithRealClockAndBusinessHoursDoesNotThrow
2026-07-27T15:20:53.7415920Z 570/771 Test #570: ScenarioLoaderTest.NoSeedWithRealClockAndBusinessHoursDoesNotThrow .......................   Passed    0.00 sec
2026-07-27T15:20:53.7417193Z         Start 571: AutoDeterminismLoaderTest.SeedOnlyAutoPromotesClockToVirtual
2026-07-27T15:20:53.7450741Z 571/771 Test #571: AutoDeterminismLoaderTest.SeedOnlyAutoPromotesClockToVirtual .............................   Passed    0.00 sec
2026-07-27T15:20:53.7451734Z         Start 572: AutoDeterminismLoaderTest.SeedOnlyAutoPromotesPipelineToBlock
2026-07-27T15:20:53.7486129Z 572/771 Test #572: AutoDeterminismLoaderTest.SeedOnlyAutoPromotesPipelineToBlock ............................   Passed    0.00 sec
2026-07-27T15:20:53.7487322Z         Start 573: AutoDeterminismLoaderTest.PipelineBlockWithoutBackpressureForcesBlock
2026-07-27T15:20:53.7526422Z 573/771 Test #573: AutoDeterminismLoaderTest.PipelineBlockWithoutBackpressureForcesBlock ....................   Passed    0.00 sec
2026-07-27T15:20:53.7526945Z         Start 574: AutoDeterminismLoaderTest.SeededExplicitDropBackpressureIsRejected
2026-07-27T15:20:53.7560120Z 574/771 Test #574: AutoDeterminismLoaderTest.SeededExplicitDropBackpressureIsRejected .......................   Passed    0.00 sec
2026-07-27T15:20:53.7562181Z         Start 575: AutoDeterminismLoaderTest.UnseededScenariosKeepProductionDefaults
2026-07-27T15:20:53.7596534Z 575/771 Test #575: AutoDeterminismLoaderTest.UnseededScenariosKeepProductionDefaults ........................   Passed    0.00 sec
2026-07-27T15:20:53.7597775Z         Start 576: DslBuildAxis.AnEdgelessBuildAxisIsTheOneCoordinateHistory
2026-07-27T15:20:53.7634950Z 576/771 Test #576: DslBuildAxis.AnEdgelessBuildAxisIsTheOneCoordinateHistory ................................   Passed    0.00 sec
2026-07-27T15:20:53.7636304Z         Start 577: DslBuildAxis.AMaterializedCoordinateCarriesNoAxis
2026-07-27T15:20:53.7675780Z 577/771 Test #577: DslBuildAxis.AMaterializedCoordinateCarriesNoAxis ........................................   Passed    0.00 sec
2026-07-27T15:20:53.7677269Z         Start 578: DslBuildAxis.RemoveVanishesExactlyItsQuantumAndTheEdgeRewiresTheChain
2026-07-27T15:20:53.7721779Z 578/771 Test #578: DslBuildAxis.RemoveVanishesExactlyItsQuantumAndTheEdgeRewiresTheChain ....................   Passed    0.00 sec
2026-07-27T15:20:53.7722660Z         Start 579: DslBuildAxis.RemovingAStepWithoutRewiringItsSuccessorIsRejected
2026-07-27T15:20:53.7765402Z 579/771 Test #579: DslBuildAxis.RemovingAStepWithoutRewiringItsSuccessorIsRejected ..........................   Passed    0.00 sec
2026-07-27T15:20:53.7766234Z         Start 580: DslBuildAxis.UpsertCreatesAQuantumAtTheChainPositionItDeclares
2026-07-27T15:20:53.7809005Z 580/771 Test #580: DslBuildAxis.UpsertCreatesAQuantumAtTheChainPositionItDeclares ...........................   Passed    0.00 sec
2026-07-27T15:20:53.7810105Z         Start 581: DslBuildAxis.TheChainNotTheDeclarationOrderDecidesTheDocumentOrder
2026-07-27T15:20:53.7845009Z 581/771 Test #581: DslBuildAxis.TheChainNotTheDeclarationOrderDecidesTheDocumentOrder .......................   Passed    0.00 sec
2026-07-27T15:20:53.7847324Z         Start 582: DslBuildAxis.UpsertAtALeafRewordsTheQuantumWithoutTouchingItsIdentity
2026-07-27T15:20:53.7885636Z 582/771 Test #582: DslBuildAxis.UpsertAtALeafRewordsTheQuantumWithoutTouchingItsIdentity ....................   Passed    0.00 sec
2026-07-27T15:20:53.7887638Z         Start 583: DslBuildAxis.UpsertBindsTheErrorRateOfTheFailingStep
2026-07-27T15:20:53.7924989Z 583/771 Test #583: DslBuildAxis.UpsertBindsTheErrorRateOfTheFailingStep .....................................   Passed    0.00 sec
2026-07-27T15:20:53.7930972Z         Start 584: DslBuildAxis.UpsertAtAWorldScalarLeafAppliesAndSparesItsSiblings
2026-07-27T15:20:53.7968771Z 584/771 Test #584: DslBuildAxis.UpsertAtAWorldScalarLeafAppliesAndSparesItsSiblings .........................   Passed    0.00 sec
2026-07-27T15:20:53.7969904Z         Start 585: DslBuildAxis.UpsertCreatesAnAbsentWorldScalarBlock
2026-07-27T15:20:53.8011170Z 585/771 Test #585: DslBuildAxis.UpsertCreatesAnAbsentWorldScalarBlock .......................................   Passed    0.00 sec
2026-07-27T15:20:53.8012704Z         Start 586: DslBuildAxis.EdgesFoldOntoTheirPredecessorNotOntoTheBase
2026-07-27T15:20:53.8058383Z 586/771 Test #586: DslBuildAxis.EdgesFoldOntoTheirPredecessorNotOntoTheBase .................................   Passed    0.00 sec
2026-07-27T15:20:53.8060000Z         Start 587: DslBuildAxis.MaterializingPastTheAxisIsRejected
2026-07-27T15:20:53.8095784Z 587/771 Test #587: DslBuildAxis.MaterializingPastTheAxisIsRejected ..........................................   Passed    0.00 sec
2026-07-27T15:20:53.8096446Z         Start 588: DslBuildAxis.ACoordinateOfTheWrongAxisIsRejected
2026-07-27T15:20:53.8131082Z 588/771 Test #588: DslBuildAxis.ACoordinateOfTheWrongAxisIsRejected .........................................   Passed    0.00 sec
2026-07-27T15:20:53.8131926Z         Start 589: DslBuildAxis.ATimeAxisNestedUnderTheBuildAxisIsRejected
2026-07-27T15:20:53.8166432Z 589/771 Test #589: DslBuildAxis.ATimeAxisNestedUnderTheBuildAxisIsRejected ..................................   Passed    0.00 sec
2026-07-27T15:20:53.8167513Z         Start 590: DslBuildAxis.IncidentsAreRejectedInTheCiWorld
2026-07-27T15:20:53.8206677Z 590/771 Test #590: DslBuildAxis.IncidentsAreRejectedInTheCiWorld ............................................   Passed    0.00 sec
2026-07-27T15:20:53.8208442Z         Start 591: DslBuildAxis.TheStepChainIsRejectedOutsideTheCiWorld
2026-07-27T15:20:53.8246679Z 591/771 Test #591: DslBuildAxis.TheStepChainIsRejectedOutsideTheCiWorld .....................................   Passed    0.00 sec
2026-07-27T15:20:53.8248575Z         Start 592: DslBuildAxis.TwoInterventionalAxesSideBySideAreRejected
2026-07-27T15:20:53.8284105Z 592/771 Test #592: DslBuildAxis.TwoInterventionalAxesSideBySideAreRejected ..................................   Passed    0.00 sec
2026-07-27T15:20:53.8285258Z         Start 593: DslBuildAxis.AForkedChainIsRejected
2026-07-27T15:20:53.8324242Z 593/771 Test #593: DslBuildAxis.AForkedChainIsRejected ......................................................   Passed    0.00 sec
2026-07-27T15:20:53.8325585Z         Start 594: DslBuildAxis.AChainWithNoHeadIsRejected
2026-07-27T15:20:53.8362364Z 594/771 Test #594: DslBuildAxis.AChainWithNoHeadIsRejected ..................................................   Passed    0.00 sec
2026-07-27T15:20:53.8364389Z         Start 595: DslBuildAxis.TwoHeadsAreRejected
2026-07-27T15:20:53.8404257Z 595/771 Test #595: DslBuildAxis.TwoHeadsAreRejected .........................................................   Passed    0.00 sec
2026-07-27T15:20:53.8406256Z         Start 596: DslBuildAxis.ASelfLoopIsRejected
2026-07-27T15:20:53.8444063Z 596/771 Test #596: DslBuildAxis.ASelfLoopIsRejected .........................................................   Passed    0.00 sec
2026-07-27T15:20:53.8445334Z         Start 597: DslBuildAxis.RemovingAnUnknownQuantumIsRejected
2026-07-27T15:20:53.8484410Z 597/771 Test #597: DslBuildAxis.RemovingAnUnknownQuantumIsRejected ..........................................   Passed    0.00 sec
2026-07-27T15:20:53.8485578Z         Start 598: DslBuildAxis.AnEdgeIncoherentAtItsOwnCoordinateIsRejectedAtLoad
2026-07-27T15:20:53.8531404Z 598/771 Test #598: DslBuildAxis.AnEdgeIncoherentAtItsOwnCoordinateIsRejectedAtLoad ..........................   Passed    0.00 sec
2026-07-27T15:20:53.8532955Z         Start 599: DslBuildAxis.AnOrdinalEdgeDeclaringANameIsRejected
2026-07-27T15:20:53.8571822Z 599/771 Test #599: DslBuildAxis.AnOrdinalEdgeDeclaringANameIsRejected .......................................   Passed    0.00 sec
2026-07-27T15:20:53.8573838Z         Start 600: DslBuildAxis.AnUnknownKeyOnAnEdgeIsRejected
2026-07-27T15:20:53.8614860Z 600/771 Test #600: DslBuildAxis.AnUnknownKeyOnAnEdgeIsRejected ..............................................   Passed    0.00 sec
2026-07-27T15:20:53.8616609Z         Start 601: DslBuildAxis.AnEdgeThatDeclaresNoOperationIsRejected
2026-07-27T15:20:53.8651557Z 601/771 Test #601: DslBuildAxis.AnEdgeThatDeclaresNoOperationIsRejected .....................................   Passed    0.00 sec
2026-07-27T15:20:53.8652721Z         Start 602: DslBuildAxis.EdgesMustBeASequence
2026-07-27T15:20:53.8690484Z 602/771 Test #602: DslBuildAxis.EdgesMustBeASequence ........................................................   Passed    0.00 sec
2026-07-27T15:20:53.8691639Z         Start 603: DslBuildAxis.DeclaringTheAxisIsACountedCapability
2026-07-27T15:20:53.8733890Z 603/771 Test #603: DslBuildAxis.DeclaringTheAxisIsACountedCapability ........................................   Passed    0.00 sec
2026-07-27T15:20:53.8734983Z         Start 604: ComputeCapabilitiesTest.MinimalScenario_ScenarioNameAlwaysPresent
2026-07-27T15:20:53.8771009Z 604/771 Test #604: ComputeCapabilitiesTest.MinimalScenario_ScenarioNameAlwaysPresent ........................   Passed    0.00 sec
2026-07-27T15:20:53.8771520Z         Start 605: ComputeCapabilitiesTest.SeedAndDuration_Detected
2026-07-27T15:20:53.8804145Z 605/771 Test #605: ComputeCapabilitiesTest.SeedAndDuration_Detected .........................................   Passed    0.00 sec
2026-07-27T15:20:53.8805930Z         Start 606: ComputeCapabilitiesTest.NoSeedNoDuration_Absent
2026-07-27T15:20:53.8838611Z 606/771 Test #606: ComputeCapabilitiesTest.NoSeedNoDuration_Absent ..........................................   Passed    0.00 sec
2026-07-27T15:20:53.8839620Z         Start 607: ComputeCapabilitiesTest.AgentBasicCountMatchesExpandedAgents
2026-07-27T15:20:53.8874321Z 607/771 Test #607: ComputeCapabilitiesTest.AgentBasicCountMatchesExpandedAgents .............................   Passed    0.00 sec
2026-07-27T15:20:53.8875653Z         Start 608: ComputeCapabilitiesTest.HttpSink_CountedPerSink
2026-07-27T15:20:53.8911368Z 608/771 Test #608: ComputeCapabilitiesTest.HttpSink_CountedPerSink ..........................................   Passed    0.00 sec
2026-07-27T15:20:53.8913155Z         Start 609: ComputeCapabilitiesTest.DisabledSinks_AllDetected
2026-07-27T15:20:53.8952198Z 609/771 Test #609: ComputeCapabilitiesTest.DisabledSinks_AllDetected ........................................   Passed    0.00 sec
2026-07-27T15:20:53.8953655Z         Start 610: ComputeCapabilitiesTest.ReplayBlock_Detected
2026-07-27T15:20:53.8989403Z 610/771 Test #610: ComputeCapabilitiesTest.ReplayBlock_Detected .............................................   Passed    0.00 sec
2026-07-27T15:20:53.8991521Z         Start 611: ComputeCapabilitiesTest.NoReplayBlock_Absent
2026-07-27T15:20:53.9025489Z 611/771 Test #611: ComputeCapabilitiesTest.NoReplayBlock_Absent .............................................   Passed    0.00 sec
2026-07-27T15:20:53.9027323Z         Start 612: ComputeCapabilitiesTest.AgentOutputRouting_Detected
2026-07-27T15:20:53.9065745Z 612/771 Test #612: ComputeCapabilitiesTest.AgentOutputRouting_Detected ......................................   Passed    0.00 sec
2026-07-27T15:20:53.9067662Z         Start 613: ComputeCapabilitiesTest.NoAgentOutputRouting_Absent
2026-07-27T15:20:53.9104255Z 613/771 Test #613: ComputeCapabilitiesTest.NoAgentOutputRouting_Absent ......................................   Passed    0.00 sec
2026-07-27T15:20:53.9106016Z         Start 614: ComputeCapabilitiesTest.AutoCascade_Detected
2026-07-27T15:20:53.9141987Z 614/771 Test #614: ComputeCapabilitiesTest.AutoCascade_Detected .............................................   Passed    0.00 sec
2026-07-27T15:20:53.9142443Z         Start 615: ComputeCapabilitiesTest.FieldGenerators_EachTypeDetected
2026-07-27T15:20:53.9177536Z 615/771 Test #615: ComputeCapabilitiesTest.FieldGenerators_EachTypeDetected .................................   Passed    0.00 sec
2026-07-27T15:20:53.9179025Z         Start 616: ComputeCapabilitiesTest.FieldGenerators_CountAccumulates
2026-07-27T15:20:53.9214056Z 616/771 Test #616: ComputeCapabilitiesTest.FieldGenerators_CountAccumulates .................................   Passed    0.00 sec
2026-07-27T15:20:53.9215867Z         Start 617: ComputeCapabilitiesTest.Personas_CountMatches
2026-07-27T15:20:53.9254302Z 617/771 Test #617: ComputeCapabilitiesTest.Personas_CountMatches ............................................   Passed    0.00 sec
2026-07-27T15:20:53.9255712Z         Start 618: DslCausalAxis.AxisLessScenarioIsTheDegenerateOneElementAxis
2026-07-27T15:20:53.9300585Z 618/771 Test #618: DslCausalAxis.AxisLessScenarioIsTheDegenerateOneElementAxis ..............................   Passed    0.00 sec
2026-07-27T15:20:53.9301476Z         Start 619: DslCausalAxis.BaseLoadKeepsTheDeclarationInfoAndParsesTheBaseWorld
2026-07-27T15:20:53.9339954Z 619/771 Test #619: DslCausalAxis.BaseLoadKeepsTheDeclarationInfoAndParsesTheBaseWorld .......................   Passed    0.00 sec
2026-07-27T15:20:53.9341922Z         Start 620: DslCausalAxis.ExplicitPositionLoadReturnsAPlainScenario
2026-07-27T15:20:53.9379969Z 620/771 Test #620: DslCausalAxis.ExplicitPositionLoadReturnsAPlainScenario ..................................   Passed    0.00 sec
2026-07-27T15:20:53.9380824Z         Start 621: DslCausalAxis.OutOfRangeCoordinateIsRejectedWithTheArity
2026-07-27T15:20:53.9418999Z 621/771 Test #621: DslCausalAxis.OutOfRangeCoordinateIsRejectedWithTheArity .................................   Passed    0.00 sec
2026-07-27T15:20:53.9420828Z         Start 622: DslCausalAxis.RemoveVanishesExactlyTheNamedIncident
2026-07-27T15:20:53.9460117Z 622/771 Test #622: DslCausalAxis.RemoveVanishesExactlyTheNamedIncident ......................................   Passed    0.00 sec
2026-07-27T15:20:53.9461030Z         Start 623: DslCausalAxis.RemoveKeepsTheEmptyKeySoALaterEdgeCanRestore
2026-07-27T15:20:53.9499904Z 623/771 Test #623: DslCausalAxis.RemoveKeepsTheEmptyKeySoALaterEdgeCanRestore ...............................   Passed    0.00 sec
2026-07-27T15:20:53.9501177Z         Start 624: DslCausalAxis.UpsertReplacesTheWholeNamedElement
2026-07-27T15:20:53.9540882Z 624/771 Test #624: DslCausalAxis.UpsertReplacesTheWholeNamedElement .........................................   Passed    0.00 sec
2026-07-27T15:20:53.9542147Z         Start 625: DslCausalAxis.UpsertCreatesAMissingElement
2026-07-27T15:20:53.9582112Z 625/771 Test #625: DslCausalAxis.UpsertCreatesAMissingElement ...............................................   Passed    0.00 sec
2026-07-27T15:20:53.9583643Z         Start 626: DslCausalAxis.UpsertAtALeafIsTheOneKnobTweak
2026-07-27T15:20:53.9630532Z 626/771 Test #626: DslCausalAxis.UpsertAtALeafIsTheOneKnobTweak .............................................   Passed    0.00 sec
2026-07-27T15:20:53.9631602Z         Start 627: DslCausalAxis.TimeAxisAtRootAndUnderTheAxisIsRejected
2026-07-27T15:20:53.9665938Z 627/771 Test #627: DslCausalAxis.TimeAxisAtRootAndUnderTheAxisIsRejected ....................................   Passed    0.00 sec
2026-07-27T15:20:53.9667292Z         Start 628: DslCausalAxis.StructuralMisdeclarationsAreRejected
2026-07-27T15:20:53.9717553Z 628/771 Test #628: DslCausalAxis.StructuralMisdeclarationsAreRejected .......................................   Passed    0.00 sec
2026-07-27T15:20:53.9719517Z         Start 629: DslCausalAxis.PathMisdeclarationsAreRejected
2026-07-27T15:20:53.9777120Z 629/771 Test #629: DslCausalAxis.PathMisdeclarationsAreRejected .............................................   Passed    0.01 sec
2026-07-27T15:20:53.9777773Z         Start 630: DslCausalAxis.TheAxisIsDeterministicWorldOnly
2026-07-27T15:20:53.9811869Z 630/771 Test #630: DslCausalAxis.TheAxisIsDeterministicWorldOnly ............................................   Passed    0.00 sec
2026-07-27T15:20:53.9812926Z         Start 631: DslCausalAxis.UnknownDocumentRootIsRejected
2026-07-27T15:20:53.9847571Z 631/771 Test #631: DslCausalAxis.UnknownDocumentRootIsRejected ..............................................   Passed    0.00 sec
2026-07-27T15:20:53.9849289Z         Start 632: DslCausalAxis.BundledContractScenarioRootIsIgnored
2026-07-27T15:20:53.9888027Z 632/771 Test #632: DslCausalAxis.BundledContractScenarioRootIsIgnored .......................................   Passed    0.00 sec
2026-07-27T15:20:53.9890088Z         Start 633: FlowDslTest.ParsesFlowStatesAndTransitions
2026-07-27T15:20:53.9929086Z 633/771 Test #633: FlowDslTest.ParsesFlowStatesAndTransitions ...............................................   Passed    0.00 sec
2026-07-27T15:20:53.9932721Z         Start 634: FlowDslTest.UnknownFlowKeyWarns
2026-07-27T15:20:53.9973058Z 634/771 Test #634: FlowDslTest.UnknownFlowKeyWarns ..........................................................   Passed    0.00 sec
2026-07-27T15:20:53.9974013Z         Start 635: FlowDslTest.TransitionToUnknownStateThrows
2026-07-27T15:20:54.0016636Z 635/771 Test #635: FlowDslTest.TransitionToUnknownStateThrows ...............................................   Passed    0.00 sec
2026-07-27T15:20:54.0018148Z         Start 636: FlowDslTest.StateWithUnknownAgentThrows
2026-07-27T15:20:54.0057836Z 636/771 Test #636: FlowDslTest.StateWithUnknownAgentThrows ..................................................   Passed    0.00 sec
2026-07-27T15:20:54.0059019Z         Start 637: FlowDslTest.StartReferencingUnknownStateThrows
2026-07-27T15:20:54.0099735Z 637/771 Test #637: FlowDslTest.StartReferencingUnknownStateThrows ...........................................   Passed    0.00 sec
2026-07-27T15:20:54.0100702Z         Start 638: FlowDslTest.ParsesExplicitMaxSteps
2026-07-27T15:20:54.0143972Z 638/771 Test #638: FlowDslTest.ParsesExplicitMaxSteps .......................................................   Passed    0.00 sec
2026-07-27T15:20:54.0144978Z         Start 639: FlowDslTest.MaxStepsZeroThrows
2026-07-27T15:20:54.0179238Z 639/771 Test #639: FlowDslTest.MaxStepsZeroThrows ...........................................................   Passed    0.00 sec
2026-07-27T15:20:54.0180463Z         Start 640: DslIntentAxis.ScalarFormIsTheGenericWorldAndKeepsTheFluxRate
2026-07-27T15:20:54.0217121Z 640/771 Test #640: DslIntentAxis.ScalarFormIsTheGenericWorldAndKeepsTheFluxRate .............................   Passed    0.00 sec
2026-07-27T15:20:54.0219490Z         Start 641: DslIntentAxis.StructuralQuantumFallsBackSilent
2026-07-27T15:20:54.0258415Z 641/771 Test #641: DslIntentAxis.StructuralQuantumFallsBackSilent ...........................................   Passed    0.00 sec
2026-07-27T15:20:54.0263034Z         Start 642: DslIntentAxis.MappingFormInheritsTheAxisDialect
2026-07-27T15:20:54.0298590Z 642/771 Test #642: DslIntentAxis.MappingFormInheritsTheAxisDialect ..........................................   Passed    0.00 sec
2026-07-27T15:20:54.0299595Z         Start 643: DslIntentAxis.StructuralQuantumOutsideTheBuildWorldIsRejected
2026-07-27T15:20:54.0337926Z 643/771 Test #643: DslIntentAxis.StructuralQuantumOutsideTheBuildWorldIsRejected ............................   Passed    0.00 sec
2026-07-27T15:20:54.0339879Z         Start 644: DslIntentAxis.IntentNameRestatementIsRejected
2026-07-27T15:20:54.0380235Z 644/771 Test #644: DslIntentAxis.IntentNameRestatementIsRejected ............................................   Passed    0.00 sec
2026-07-27T15:20:54.0381761Z         Start 645: DslIntentAxis.StructuralQuantumWithoutAnAxisDialectIsRejected
2026-07-27T15:20:54.0420218Z 645/771 Test #645: DslIntentAxis.StructuralQuantumWithoutAnAxisDialectIsRejected ............................   Passed    0.00 sec
2026-07-27T15:20:54.0421475Z         Start 646: DslIntentAxis.InertAxisDialectIsRejected
2026-07-27T15:20:54.0459850Z 646/771 Test #646: DslIntentAxis.InertAxisDialectIsRejected .................................................   Passed    0.00 sec
2026-07-27T15:20:54.0460410Z         Start 647: DslIntentAxis.UnknownAxisDialectIsRejected
2026-07-27T15:20:54.0494623Z 647/771 Test #647: DslIntentAxis.UnknownAxisDialectIsRejected ...............................................   Passed    0.00 sec
2026-07-27T15:20:54.0495657Z         Start 648: DslIntentAxis.DialectOutsideTheBuildWorldIsRejected
2026-07-27T15:20:54.0531313Z 648/771 Test #648: DslIntentAxis.DialectOutsideTheBuildWorldIsRejected ......................................   Passed    0.00 sec
2026-07-27T15:20:54.0532826Z         Start 649: DslIntentAxis.BannerQuantumRejectsDynamicsKeys
2026-07-27T15:20:54.0571733Z 649/771 Test #649: DslIntentAxis.BannerQuantumRejectsDynamicsKeys ...........................................   Passed    0.00 sec
2026-07-27T15:20:54.0573052Z         Start 650: DslIntentAxis.UseTemplateOnABannerQuantumIsRejected
2026-07-27T15:20:54.0617762Z 650/771 Test #650: DslIntentAxis.UseTemplateOnABannerQuantumIsRejected ......................................   Passed    0.00 sec
2026-07-27T15:20:54.0618729Z         Start 651: DslIntentAxis.RegistryOverrideCannotHandDynamicsToABanner
2026-07-27T15:20:54.0664525Z 651/771 Test #651: DslIntentAxis.RegistryOverrideCannotHandDynamicsToABanner ................................   Passed    0.00 sec
2026-07-27T15:20:54.0665361Z         Start 652: DslIntentAxis.ContentQuantumRequiresABoundRate
2026-07-27T15:20:54.0699364Z 652/771 Test #652: DslIntentAxis.ContentQuantumRequiresABoundRate ...........................................   Passed    0.00 sec
2026-07-27T15:20:54.0700106Z         Start 653: DslIntentAxis.AgentScopeTypeIsHardRejected
2026-07-27T15:20:54.0739749Z 653/771 Test #653: DslIntentAxis.AgentScopeTypeIsHardRejected ...............................................   Passed    0.00 sec
2026-07-27T15:20:54.0740938Z         Start 654: DslIntentAxis.KindNoneInTheMappingFormIsRejected
2026-07-27T15:20:54.0784277Z 654/771 Test #654: DslIntentAxis.KindNoneInTheMappingFormIsRejected .........................................   Passed    0.00 sec
2026-07-27T15:20:54.0785472Z         Start 655: DslIntentAxis.UnknownKindIsRejectedNotCoercedToStep
2026-07-27T15:20:54.0820266Z 655/771 Test #655: DslIntentAxis.UnknownKindIsRejectedNotCoercedToStep ......................................   Passed    0.00 sec
2026-07-27T15:20:54.0821216Z         Start 656: DslIntentAxis.MappingFormWithoutKindIsRejected
2026-07-27T15:20:54.0858926Z 656/771 Test #656: DslIntentAxis.MappingFormWithoutKindIsRejected ...........................................   Passed    0.00 sec
2026-07-27T15:20:54.0860426Z         Start 657: DslIntentAxis.KindIsCaseInsensitive
2026-07-27T15:20:54.0900415Z 657/771 Test #657: DslIntentAxis.KindIsCaseInsensitive ......................................................   Passed    0.00 sec
2026-07-27T15:20:54.0901357Z         Start 658: DslIntentAxis.AbsentIntentIsTheUnnamedGenericWorld
2026-07-27T15:20:54.0944316Z 658/771 Test #658: DslIntentAxis.AbsentIntentIsTheUnnamedGenericWorld .......................................   Passed    0.00 sec
2026-07-27T15:20:54.0946132Z         Start 659: DslIntentLibrary.TheLibraryIsSizeOneWithStructureRatifiedAndBodyAuthored
2026-07-27T15:20:54.0977845Z 659/771 Test #659: DslIntentLibrary.TheLibraryIsSizeOneWithStructureRatifiedAndBodyAuthored .................   Passed    0.00 sec
2026-07-27T15:20:54.0978756Z         Start 660: DslIntentLibrary.LookupIsByNameAndMissesReturnNull
2026-07-27T15:20:54.1010336Z 660/771 Test #660: DslIntentLibrary.LookupIsByNameAndMissesReturnNull .......................................   Passed    0.00 sec
2026-07-27T15:20:54.1012249Z         Start 661: DslIntentLibrary.TheRatifiedIndicesSplitOnTheMeasuredGrain
2026-07-27T15:20:54.1045723Z 661/771 Test #661: DslIntentLibrary.TheRatifiedIndicesSplitOnTheMeasuredGrain ...............................   Passed    0.00 sec
2026-07-27T15:20:54.1047154Z         Start 662: DslIntentLibrary.AsRatifiedRefusesAnAuthoredGrain
2026-07-27T15:20:54.1081519Z 662/771 Test #662: DslIntentLibrary.AsRatifiedRefusesAnAuthoredGrain ........................................   Passed    0.00 sec
2026-07-27T15:20:54.1083517Z         Start 663: DslIntentLibrary.AStructureRatificationDoesNotLicenseTheBody
2026-07-27T15:20:54.1121683Z 663/771 Test #663: DslIntentLibrary.AStructureRatificationDoesNotLicenseTheBody .............................   Passed    0.00 sec
2026-07-27T15:20:54.1122805Z         Start 664: DslIntentLibrary.UseIntentBindsStructureFromTheEntryAndDynamicsFromTheScenario
2026-07-27T15:20:54.1161705Z 664/771 Test #664: DslIntentLibrary.UseIntentBindsStructureFromTheEntryAndDynamicsFromTheScenario ...........   Passed    0.00 sec
2026-07-27T15:20:54.1162555Z         Start 665: DslIntentLibrary.UnboundClosedDomainIsUniformOverTheDeclaredVocabulary
2026-07-27T15:20:54.1201379Z 665/771 Test #665: DslIntentLibrary.UnboundClosedDomainIsUniformOverTheDeclaredVocabulary ...................   Passed    0.00 sec
2026-07-27T15:20:54.1202588Z         Start 666: DslIntentLibrary.WeightsArityMustMatchTheDeclaredDomain
2026-07-27T15:20:54.1242006Z 666/771 Test #666: DslIntentLibrary.WeightsArityMustMatchTheDeclaredDomain ..................................   Passed    0.00 sec
2026-07-27T15:20:54.1243596Z         Start 667: DslIntentLibrary.ADistributionForAnUndeclaredFieldIsRejected
2026-07-27T15:20:54.1280430Z 667/771 Test #667: DslIntentLibrary.ADistributionForAnUndeclaredFieldIsRejected .............................   Passed    0.00 sec
2026-07-27T15:20:54.1281696Z         Start 668: DslIntentLibrary.RestatingClosedDomainValuesIsRejected
2026-07-27T15:20:54.1322499Z 668/771 Test #668: DslIntentLibrary.RestatingClosedDomainValuesIsRejected ...................................   Passed    0.00 sec
2026-07-27T15:20:54.1323351Z         Start 669: DslIntentLibrary.OpenDomainWithoutAGeneratorIsRejected
2026-07-27T15:20:54.1357222Z 669/771 Test #669: DslIntentLibrary.OpenDomainWithoutAGeneratorIsRejected ...................................   Passed    0.00 sec
2026-07-27T15:20:54.1358295Z         Start 670: DslIntentLibrary.NumericBindingBelowTheDeclaredConstraintIsRejected
2026-07-27T15:20:54.1392421Z 670/771 Test #670: DslIntentLibrary.NumericBindingBelowTheDeclaredConstraintIsRejected ......................   Passed    0.00 sec
2026-07-27T15:20:54.1393749Z         Start 671: DslIntentLibrary.DeclaredPayloadContractRequiresTheBinding
2026-07-27T15:20:54.1431900Z 671/771 Test #671: DslIntentLibrary.DeclaredPayloadContractRequiresTheBinding ...............................   Passed    0.00 sec
2026-07-27T15:20:54.1433375Z         Start 672: DslIntentLibrary.UseIntentAndInlineIntentAreMutuallyExclusive
2026-07-27T15:20:54.1472766Z 672/771 Test #672: DslIntentLibrary.UseIntentAndInlineIntentAreMutuallyExclusive ............................   Passed    0.00 sec
2026-07-27T15:20:54.1473571Z         Start 673: DslIntentLibrary.AnUnknownLibraryEntryIsRejectedNamingTheKnownOnes
2026-07-27T15:20:54.1512962Z 673/771 Test #673: DslIntentLibrary.AnUnknownLibraryEntryIsRejectedNamingTheKnownOnes .......................   Passed    0.00 sec
2026-07-27T15:20:54.1516559Z         Start 674: DslIntentLibrary.RestatingTheBodyBesideUseIntentIsRejected
2026-07-27T15:20:54.1554496Z 674/771 Test #674: DslIntentLibrary.RestatingTheBodyBesideUseIntentIsRejected ...............................   Passed    0.00 sec
2026-07-27T15:20:54.1555382Z         Start 675: DslIntentLibrary.ABoundContentQuantumRequiresARate
2026-07-27T15:20:54.1591118Z 675/771 Test #675: DslIntentLibrary.ABoundContentQuantumRequiresARate .......................................   Passed    0.00 sec
2026-07-27T15:20:54.1595240Z         Start 676: DslIntentLibrary.UseIntentOutsideTheBuildWorldIsRejected
2026-07-27T15:20:54.1637157Z 676/771 Test #676: DslIntentLibrary.UseIntentOutsideTheBuildWorldIsRejected .................................   Passed    0.00 sec
2026-07-27T15:20:54.1638389Z         Start 677: DslKnobAxis.CardinalityIsTheTotalCoordinateCountIncludingTheBase
2026-07-27T15:20:54.1693837Z 677/771 Test #677: DslKnobAxis.CardinalityIsTheTotalCoordinateCountIncludingTheBase .........................   Passed    0.01 sec
2026-07-27T15:20:54.1694598Z         Start 678: DslKnobAxis.CoordinateZeroIsTheWorldAsAuthored
2026-07-27T15:20:54.1732327Z 678/771 Test #678: DslKnobAxis.CoordinateZeroIsTheWorldAsAuthored ...........................................   Passed    0.00 sec
2026-07-27T15:20:54.1733143Z         Start 679: DslKnobAxis.AMaterializedCoordinateCarriesNoAxis
2026-07-27T15:20:54.1768895Z 679/771 Test #679: DslKnobAxis.AMaterializedCoordinateCarriesNoAxis .........................................   Passed    0.00 sec
2026-07-27T15:20:54.1769979Z         Start 680: DslKnobAxis.TheGeneratedEdgesAreCountedAsAKnobAxisCapability
2026-07-27T15:20:54.1826952Z 680/771 Test #680: DslKnobAxis.TheGeneratedEdgesAreCountedAsAKnobAxisCapability .............................   Passed    0.01 sec
2026-07-27T15:20:54.1827789Z         Start 681: DslKnobAxis.TheFloatingPointSweepDivergenceIsAbsentAtItsSharpestCoordinate
2026-07-27T15:20:54.1869651Z 681/771 Test #681: DslKnobAxis.TheFloatingPointSweepDivergenceIsAbsentAtItsSharpestCoordinate ...............   Passed    0.00 sec
2026-07-27T15:20:54.1870463Z         Start 682: DslKnobAxis.TheSweepScaleIsTheFinerOfBaseAndIncrement
2026-07-27T15:20:54.1910456Z 682/771 Test #682: DslKnobAxis.TheSweepScaleIsTheFinerOfBaseAndIncrement ....................................   Passed    0.00 sec
2026-07-27T15:20:54.1911616Z         Start 683: DslKnobAxis.TheIncrementIsSigned
2026-07-27T15:20:54.1956892Z 683/771 Test #683: DslKnobAxis.TheIncrementIsSigned .........................................................   Passed    0.00 sec
2026-07-27T15:20:54.1957410Z         Start 684: DslKnobAxis.DerivationEqualsHandAuthoring
2026-07-27T15:20:54.2029105Z 684/771 Test #684: DslKnobAxis.DerivationEqualsHandAuthoring ................................................   Passed    0.01 sec
2026-07-27T15:20:54.2030253Z         Start 685: DslKnobAxis.AdjacentCoordinatesDifferInExactlyTheSweptLeaf
2026-07-27T15:20:54.2105772Z 685/771 Test #685: DslKnobAxis.AdjacentCoordinatesDifferInExactlyTheSweptLeaf ...............................   Passed    0.01 sec
2026-07-27T15:20:54.2108012Z         Start 686: DslKnobAxis.AZeroIncrementIsRefused
2026-07-27T15:20:54.2142175Z 686/771 Test #686: DslKnobAxis.AZeroIncrementIsRefused ......................................................   Passed    0.00 sec
2026-07-27T15:20:54.2143023Z         Start 687: DslKnobAxis.AZeroIncrementWrittenWithDecimalsIsAlsoRefused
2026-07-27T15:20:54.2178197Z 687/771 Test #687: DslKnobAxis.AZeroIncrementWrittenWithDecimalsIsAlsoRefused ...............................   Passed    0.00 sec
2026-07-27T15:20:54.2179494Z         Start 688: DslKnobAxis.AnUnresolvablePathIsRefused
2026-07-27T15:20:54.2218866Z 688/771 Test #688: DslKnobAxis.AnUnresolvablePathIsRefused ..................................................   Passed    0.00 sec
2026-07-27T15:20:54.2219873Z         Start 689: DslKnobAxis.APathToANodeIsRefused
2026-07-27T15:20:54.2261347Z 689/771 Test #689: DslKnobAxis.APathToANodeIsRefused ........................................................   Passed    0.00 sec
2026-07-27T15:20:54.2261766Z         Start 690: DslKnobAxis.AnUndeclaredLeafIsRefused
2026-07-27T15:20:54.2297001Z 690/771 Test #690: DslKnobAxis.AnUndeclaredLeafIsRefused ....................................................   Passed    0.00 sec
2026-07-27T15:20:54.2298093Z         Start 691: DslKnobAxis.ANonNumericLeafIsRefused
2026-07-27T15:20:54.2335338Z 691/771 Test #691: DslKnobAxis.ANonNumericLeafIsRefused .....................................................   Passed    0.00 sec
2026-07-27T15:20:54.2335834Z         Start 692: DslKnobAxis.ASweepOffTheLeafsDeclaredDomainIsRefused
2026-07-27T15:20:54.2372687Z 692/771 Test #692: DslKnobAxis.ASweepOffTheLeafsDeclaredDomainIsRefused .....................................   Passed    0.00 sec
2026-07-27T15:20:54.2373892Z         Start 693: DslKnobAxis.ASweepThatStaysInsideTheDomainIsAccepted
2026-07-27T15:20:54.2415183Z 693/771 Test #693: DslKnobAxis.ASweepThatStaysInsideTheDomainIsAccepted .....................................   Passed    0.00 sec
2026-07-27T15:20:54.2416456Z         Start 694: DslKnobAxis.ALeafWithNoDeclaredDomainIsRefused
2026-07-27T15:20:54.2453691Z 694/771 Test #694: DslKnobAxis.ALeafWithNoDeclaredDomainIsRefused ...........................................   Passed    0.00 sec
2026-07-27T15:20:54.2454984Z         Start 695: DslKnobAxis.TheUndeclaredLeafRefusalSaysExactlyWhatToAdd
2026-07-27T15:20:54.2492245Z 695/771 Test #695: DslKnobAxis.TheUndeclaredLeafRefusalSaysExactlyWhatToAdd .................................   Passed    0.00 sec
2026-07-27T15:20:54.2493316Z         Start 696: DslKnobAxis.ACompositionBoundaryLeafIsRefusedByName
2026-07-27T15:20:54.2532683Z 696/771 Test #696: DslKnobAxis.ACompositionBoundaryLeafIsRefusedByName ......................................   Passed    0.00 sec
2026-07-27T15:20:54.2533492Z         Start 697: DslKnobAxis.TheCompositionBoundaryRefusalDoesNotConsultTheDomainTable
2026-07-27T15:20:54.2572231Z 697/771 Test #697: DslKnobAxis.TheCompositionBoundaryRefusalDoesNotConsultTheDomainTable ....................   Passed    0.00 sec
2026-07-27T15:20:54.2573453Z         Start 698: DslKnobAxis.TheDeclaredDomainTracksTheEngineBoundSymbol
2026-07-27T15:20:54.2610867Z 698/771 Test #698: DslKnobAxis.TheDeclaredDomainTracksTheEngineBoundSymbol ..................................   Passed    0.00 sec
2026-07-27T15:20:54.2612221Z         Start 699: DslKnobAxis.ACardinalityBelowTwoIsRefused
2026-07-27T15:20:54.2650608Z 699/771 Test #699: DslKnobAxis.ACardinalityBelowTwoIsRefused ................................................   Passed    0.00 sec
2026-07-27T15:20:54.2651110Z         Start 700: DslKnobAxis.AMissingCardinalityIsRefused
2026-07-27T15:20:54.2687708Z 700/771 Test #700: DslKnobAxis.AMissingCardinalityIsRefused .................................................   Passed    0.00 sec
2026-07-27T15:20:54.2689231Z         Start 701: DslKnobAxis.ACardinalityOverTheCapIsRefused
2026-07-27T15:20:54.2728311Z 701/771 Test #701: DslKnobAxis.ACardinalityOverTheCapIsRefused ..............................................   Passed    0.00 sec
2026-07-27T15:20:54.2729173Z         Start 702: DslKnobAxis.AnExponentFormIncrementIsRefused
2026-07-27T15:20:54.2767076Z 702/771 Test #702: DslKnobAxis.AnExponentFormIncrementIsRefused .............................................   Passed    0.00 sec
2026-07-27T15:20:54.2773718Z         Start 703: DslKnobAxis.APathIntoTheTreeIsRefused
2026-07-27T15:20:54.2804497Z 703/771 Test #703: DslKnobAxis.APathIntoTheTreeIsRefused ....................................................   Passed    0.00 sec
2026-07-27T15:20:54.2805327Z         Start 704: DslKnobAxis.HandAuthoredEdgesUnderAKnobAxisAreRefused
2026-07-27T15:20:54.2841065Z 704/771 Test #704: DslKnobAxis.HandAuthoredEdgesUnderAKnobAxisAreRefused ....................................   Passed    0.00 sec
2026-07-27T15:20:54.2841878Z         Start 705: DslKnobAxis.TheUnbuiltSweepKindsAreRecognizedAndRefused
2026-07-27T15:20:54.2879439Z 705/771 Test #705: DslKnobAxis.TheUnbuiltSweepKindsAreRecognizedAndRefused ..................................   Passed    0.00 sec
2026-07-27T15:20:54.2880639Z         Start 706: DslKnobAxis.AnUnknownKnobAxisKeyIsRefused
2026-07-27T15:20:54.2914319Z 706/771 Test #706: DslKnobAxis.AnUnknownKnobAxisKeyIsRefused ................................................   Passed    0.00 sec
2026-07-27T15:20:54.2915494Z         Start 707: DslKnobAxis.TwoInterventionalAxesSideBySideAreRefused
2026-07-27T15:20:54.2952391Z 707/771 Test #707: DslKnobAxis.TwoInterventionalAxesSideBySideAreRefused ....................................   Passed    0.00 sec
2026-07-27T15:20:54.2953133Z         Start 708: DslKnobAxis.AKnobAxisUnderTheRealRootIsRefused
2026-07-27T15:20:54.2989877Z 708/771 Test #708: DslKnobAxis.AKnobAxisUnderTheRealRootIsRefused ...........................................   Passed    0.00 sec
2026-07-27T15:20:54.2991225Z         Start 709: DslKnobAxis.ATimeAxisAtTheRootBesideAKnobAxisIsRefused
2026-07-27T15:20:54.3025867Z 709/771 Test #709: DslKnobAxis.ATimeAxisAtTheRootBesideAKnobAxisIsRefused ...................................   Passed    0.00 sec
2026-07-27T15:20:54.3026529Z         Start 710: DslKnobAxis.AKnobAxisWithNoWorldIsRefused
2026-07-27T15:20:54.3061427Z 710/771 Test #710: DslKnobAxis.AKnobAxisWithNoWorldIsRefused ................................................   Passed    0.00 sec
2026-07-27T15:20:54.3062544Z         Start 711: DslKnobAxis.ACoordinateOffTheAxisIsRefused
2026-07-27T15:20:54.3109486Z 711/771 Test #711: DslKnobAxis.ACoordinateOffTheAxisIsRefused ...............................................   Passed    0.00 sec
2026-07-27T15:20:54.3111386Z         Start 712: DslKnobAxis.ACoordinateAddressingAnotherAxisIsRefused
2026-07-27T15:20:54.3146633Z 712/771 Test #712: DslKnobAxis.ACoordinateAddressingAnotherAxisIsRefused ....................................   Passed    0.00 sec
2026-07-27T15:20:54.3147428Z         Start 713: DslKnobAxis.TheSweptValuesAreStatedBackAsANotice
2026-07-27T15:20:54.3206013Z 713/771 Test #713: DslKnobAxis.TheSweptValuesAreStatedBackAsANotice .........................................   Passed    0.01 sec
2026-07-27T15:20:54.3207064Z         Start 714: DslTower.TheWorldScopeComesFromTheInnermostLevelNotTheOuterAxis
2026-07-27T15:20:54.3262673Z 714/771 Test #714: DslTower.TheWorldScopeComesFromTheInnermostLevelNotTheOuterAxis ..........................   Passed    0.01 sec
2026-07-27T15:20:54.3264175Z         Start 715: DslTower.TheDeclarationIsTwoLevelsInDeclarationOrder
2026-07-27T15:20:54.3313736Z 715/771 Test #715: DslTower.TheDeclarationIsTwoLevelsInDeclarationOrder .....................................   Passed    0.00 sec
2026-07-27T15:20:54.3314480Z         Start 716: DslTower.TheCoordinateSpaceIsTheProductOfTheLevels
2026-07-27T15:20:54.3363991Z 716/771 Test #716: DslTower.TheCoordinateSpaceIsTheProductOfTheLevels .......................................   Passed    0.00 sec
2026-07-27T15:20:54.3364836Z         Start 717: DslTower.EachCoordinateFoldsBothLevelsAndEqualsTheHandAuthoredWorld
2026-07-27T15:20:54.3417276Z 717/771 Test #717: DslTower.EachCoordinateFoldsBothLevelsAndEqualsTheHandAuthoredWorld ......................   Passed    0.01 sec
2026-07-27T15:20:54.3418190Z         Start 718: DslTower.TheTwoLevelsMoveIndependently
2026-07-27T15:20:54.3467012Z 718/771 Test #718: DslTower.TheTwoLevelsMoveIndependently ...................................................   Passed    0.00 sec
2026-07-27T15:20:54.3467785Z         Start 719: DslTower.APartialAddressIsRefusedRatherThanDefaulted
2026-07-27T15:20:54.3504136Z 719/771 Test #719: DslTower.APartialAddressIsRefusedRatherThanDefaulted .....................................   Passed    0.00 sec
2026-07-27T15:20:54.3505407Z         Start 720: DslTower.AnAddressNamingAnUndeclaredLevelIsRefused
2026-07-27T15:20:54.3543730Z 720/771 Test #720: DslTower.AnAddressNamingAnUndeclaredLevelIsRefused .......................................   Passed    0.00 sec
2026-07-27T15:20:54.3544881Z         Start 721: DslTower.AnUnbuiltTowerShapeIsRefusedByNameAsReserved
2026-07-27T15:20:54.3585965Z 721/771 Test #721: DslTower.AnUnbuiltTowerShapeIsRefusedByNameAsReserved ....................................   Passed    0.00 sec
2026-07-27T15:20:54.3587491Z         Start 722: DslTower.ATerminalAxisNestingAnythingIsRefusedAsUpsideDownNotAsReserved
2026-07-27T15:20:54.3621553Z 722/771 Test #722: DslTower.ATerminalAxisNestingAnythingIsRefusedAsUpsideDownNotAsReserved ..................   Passed    0.00 sec
2026-07-27T15:20:54.3622501Z         Start 723: DslTower.TwoLevelsInterveningOnOneLeafAreRefused
2026-07-27T15:20:54.3660281Z 723/771 Test #723: DslTower.TwoLevelsInterveningOnOneLeafAreRefused .........................................   Passed    0.00 sec
2026-07-27T15:20:54.3660890Z         Start 724: DslTower.TheCoordinateProductIsCappedNotThePerLevelCardinality
2026-07-27T15:20:54.3705477Z 724/771 Test #724: DslTower.TheCoordinateProductIsCappedNotThePerLevelCardinality ...........................   Passed    0.00 sec
2026-07-27T15:20:54.3706601Z         Start 725: DslTower.AnAdjacentOrdinalTowerAnnouncesItsUnDenoisedDifferential
2026-07-27T15:20:54.3758724Z 725/771 Test #725: DslTower.AnAdjacentOrdinalTowerAnnouncesItsUnDenoisedDifferential ........................   Passed    0.01 sec
2026-07-27T15:20:54.3762403Z         Start 726: DslTower.ASingleOrdinalLevelMakesNoUnDenoisedClaim
2026-07-27T15:20:54.3805387Z 726/771 Test #726: DslTower.ASingleOrdinalLevelMakesNoUnDenoisedClaim .......................................   Passed    0.00 sec
2026-07-27T15:20:54.3806171Z         Start 727: DslTower.TheUnDenoisedNoticeDescribesTheDeclarationNotEachCoordinate
2026-07-27T15:20:54.3849243Z 727/771 Test #727: DslTower.TheUnDenoisedNoticeDescribesTheDeclarationNotEachCoordinate .....................   Passed    0.00 sec
2026-07-27T15:20:54.3850228Z         Start 728: FieldValueTypeDerivation.EachGeneratorKindDerivesItsDeclaredType
2026-07-27T15:20:54.3880766Z 728/771 Test #728: FieldValueTypeDerivation.EachGeneratorKindDerivesItsDeclaredType .........................   Passed    0.00 sec
2026-07-27T15:20:54.3881664Z         Start 729: FieldValueTypeDerivation.ConditionalJoinsToStringWhenBranchesDisagree
2026-07-27T15:20:54.3914054Z 729/771 Test #729: FieldValueTypeDerivation.ConditionalJoinsToStringWhenBranchesDisagree ....................   Passed    0.00 sec
2026-07-27T15:20:54.3915151Z         Start 730: FieldValueTypeDerivation.GeneratorResolvesItsTypeOnceAndNeverPerDraw
2026-07-27T15:20:54.3948097Z 730/771 Test #730: FieldValueTypeDerivation.GeneratorResolvesItsTypeOnceAndNeverPerDraw .....................   Passed    0.00 sec
2026-07-27T15:20:54.3949570Z         Start 731: FieldValueTypeDerivation.ReservedEnvelopeKeyFailsClosedAtLoad
2026-07-27T15:20:54.3985071Z 731/771 Test #731: FieldValueTypeDerivation.ReservedEnvelopeKeyFailsClosedAtLoad ............................   Passed    0.00 sec
2026-07-27T15:20:54.3985583Z         Start 732: FieldValueTypeDerivation.OrdinaryFieldNamesStillLoad
2026-07-27T15:20:54.4018930Z 732/771 Test #732: FieldValueTypeDerivation.OrdinaryFieldNamesStillLoad .....................................   Passed    0.00 sec
2026-07-27T15:20:54.4020007Z         Start 733: LoaderLimitsTest.RejectsOversizedPayload
2026-07-27T15:20:54.4055139Z 733/771 Test #733: LoaderLimitsTest.RejectsOversizedPayload .................................................   Passed    0.00 sec
2026-07-27T15:20:54.4056323Z         Start 734: LoaderLimitsTest.RejectsExcessiveNesting
2026-07-27T15:20:54.4096440Z 734/771 Test #734: LoaderLimitsTest.RejectsExcessiveNesting .................................................   Passed    0.00 sec
2026-07-27T15:20:54.4098593Z         Start 735: LoaderLimitsTest.AcceptsPayloadInsideLimits
2026-07-27T15:20:54.4142218Z 735/771 Test #735: LoaderLimitsTest.AcceptsPayloadInsideLimits ..............................................   Passed    0.00 sec
2026-07-27T15:20:54.4142992Z         Start 736: SmfRecording.JsonlAndSmfEncodeSameRecordsAndReplayIdentically
2026-07-27T15:20:54.4189870Z 736/771 Test #736: SmfRecording.JsonlAndSmfEncodeSameRecordsAndReplayIdentically ............................   Passed    0.00 sec
2026-07-27T15:20:54.4190926Z         Start 737: SmfRecording.DefaultRecordingFormatIsJsonl
2026-07-27T15:20:54.4228063Z 737/771 Test #737: SmfRecording.DefaultRecordingFormatIsJsonl ...............................................   Passed    0.00 sec
2026-07-27T15:20:54.4229140Z         Start 738: SmfV0.RoundTripsByteIdenticalAndValueEqual
2026-07-27T15:20:54.4264771Z 738/771 Test #738: SmfV0.RoundTripsByteIdenticalAndValueEqual ...............................................   Passed    0.00 sec
2026-07-27T15:20:54.4265950Z         Start 739: SmfV0.ChainDetectsSingleByteCorruptionAtEveryOffset
2026-07-27T15:20:54.4311698Z 739/771 Test #739: SmfV0.ChainDetectsSingleByteCorruptionAtEveryOffset ......................................   Passed    0.00 sec
2026-07-27T15:20:54.4312434Z         Start 740: SmfV0.ManifestCanonicalFormIsStableGolden
2026-07-27T15:20:54.4345621Z 740/771 Test #740: SmfV0.ManifestCanonicalFormIsStableGolden ................................................   Passed    0.00 sec
2026-07-27T15:20:54.4346790Z         Start 741: SmfV0.ManifestJsonRoundTripsIncludingEscapesAndEmptyRoster
2026-07-27T15:20:54.4384683Z 741/771 Test #741: SmfV0.ManifestJsonRoundTripsIncludingEscapesAndEmptyRoster ...............................   Passed    0.00 sec
2026-07-27T15:20:54.4385906Z         Start 742: SmfV0.EmptyEpochDocumentRoundTrips
2026-07-27T15:20:54.4419645Z 742/771 Test #742: SmfV0.EmptyEpochDocumentRoundTrips .......................................................   Passed    0.00 sec
2026-07-27T15:20:54.4420963Z         Start 743: SmfV0.CheckpointIndexHonorsInterval
2026-07-27T15:20:54.4458716Z 743/771 Test #743: SmfV0.CheckpointIndexHonorsInterval ......................................................   Passed    0.00 sec
2026-07-27T15:20:54.4459150Z         Start 744: SmfV0.RejectsStructuralDamageWithSpecificErrors
2026-07-27T15:20:54.4491638Z 744/771 Test #744: SmfV0.RejectsStructuralDamageWithSpecificErrors ..........................................   Passed    0.00 sec
2026-07-27T15:20:54.4492600Z         Start 745: SmfV0.NonCanonicalManifestIsRejected
2026-07-27T15:20:54.4525949Z 745/771 Test #745: SmfV0.NonCanonicalManifestIsRejected .....................................................   Passed    0.00 sec
2026-07-27T15:20:54.4527024Z         Start 746: ShmTimelineView.DataFrameCountStable
2026-07-27T15:20:54.7166503Z 746/771 Test #746: ShmTimelineView.DataFrameCountStable .....................................................   Passed    0.26 sec
2026-07-27T15:20:54.7167348Z         Start 747: ShmTimelineView.PerShardStreamIsBitIdentical
2026-07-27T15:20:54.9871337Z 747/771 Test #747: ShmTimelineView.PerShardStreamIsBitIdentical .............................................   Passed    0.27 sec
2026-07-27T15:20:54.9872626Z         Start 748: ShmTimelineView.WindowSealSetIsDeterministic
2026-07-27T15:20:55.2468257Z 748/771 Test #748: ShmTimelineView.WindowSealSetIsDeterministic .............................................   Passed    0.26 sec
2026-07-27T15:20:55.2469283Z         Start 749: ShmTimelineView.DataPrecedesSealPerShardUnderBackpressure
2026-07-27T15:20:55.2986621Z 749/771 Test #749: ShmTimelineView.DataPrecedesSealPerShardUnderBackpressure ................................   Passed    0.05 sec
2026-07-27T15:20:55.2987431Z         Start 750: EngineShmReplay.MatchesViewBytesAndIsDeterministic
2026-07-27T15:20:55.6778483Z 750/771 Test #750: EngineShmReplay.MatchesViewBytesAndIsDeterministic .......................................   Passed    0.38 sec
2026-07-27T15:20:55.6779580Z         Start 751: V2ParallelUnfold.BitIdenticalAcrossWorkerCounts
2026-07-27T15:20:55.6885898Z 751/771 Test #751: V2ParallelUnfold.BitIdenticalAcrossWorkerCounts ..........................................   Passed    0.01 sec
2026-07-27T15:20:55.6886684Z         Start 752: V2Checkpoint.ResumeFromEveryCheckpointBitIdentical
2026-07-27T15:20:55.6992724Z 752/771 Test #752: V2Checkpoint.ResumeFromEveryCheckpointBitIdentical .......................................   Passed    0.01 sec
2026-07-27T15:20:55.6993484Z         Start 753: V2Checkpoint.EvictionRoundTripReReadsIdentical
2026-07-27T15:20:55.7187175Z 753/771 Test #753: V2Checkpoint.EvictionRoundTripReReadsIdentical ...........................................   Passed    0.02 sec
2026-07-27T15:20:55.7187658Z         Start 754: V2Flow.MaxConcurrentIsDeterministicAndBounded
2026-07-27T15:20:55.7228693Z 754/771 Test #754: V2Flow.MaxConcurrentIsDeterministicAndBounded ............................................   Passed    0.00 sec
2026-07-27T15:20:55.7229514Z         Start 755: V2EpochDuration.EpochGridIsAMaterializationGrainNotEventTime
2026-07-27T15:20:55.7332849Z 755/771 Test #755: V2EpochDuration.EpochGridIsAMaterializationGrainNotEventTime .............................   Passed    0.01 sec
2026-07-27T15:20:55.7333558Z         Start 756: TimelineCursor.ScrubReStreamIsByteIdentical
2026-07-27T15:20:55.7404824Z 756/771 Test #756: TimelineCursor.ScrubReStreamIsByteIdentical ..............................................   Passed    0.01 sec
2026-07-27T15:20:55.7405851Z         Start 757: TimelineCursor.StepBackAcrossEpochsReUnfolds
2026-07-27T15:20:55.7484306Z 757/771 Test #757: TimelineCursor.StepBackAcrossEpochsReUnfolds .............................................   Passed    0.01 sec
2026-07-27T15:20:55.7485231Z         Start 758: TimelineCursor.PlaySpeedAndPauseDoNotAlterContent
2026-07-27T15:20:55.8779414Z 758/771 Test #758: TimelineCursor.PlaySpeedAndPauseDoNotAlterContent ........................................   Passed    0.13 sec
2026-07-27T15:20:55.8780064Z         Start 759: TimelineCursor.FrontierCallbackFiresOncePerEpochBoundary
2026-07-27T15:20:55.9007679Z 759/771 Test #759: TimelineCursor.FrontierCallbackFiresOncePerEpochBoundary .................................   Passed    0.02 sec
2026-07-27T15:20:55.9008735Z         Start 760: TimelineCursor.SubEpochTargetEmitsExactPrefix
2026-07-27T15:20:55.9081616Z 760/771 Test #760: TimelineCursor.SubEpochTargetEmitsExactPrefix ............................................   Passed    0.01 sec
2026-07-27T15:20:55.9082535Z         Start 761: TimelineMetadata.PhaseTimelineIsPureGeometry
2026-07-27T15:20:55.9132177Z 761/771 Test #761: TimelineMetadata.PhaseTimelineIsPureGeometry .............................................   Passed    0.00 sec
2026-07-27T15:20:55.9132655Z         Start 762: TimelineMetadata.OffsetIncidentHistory
2026-07-27T15:20:55.9166759Z 762/771 Test #762: TimelineMetadata.OffsetIncidentHistory ...................................................   Passed    0.00 sec
2026-07-27T15:20:55.9167226Z         Start 763: TimelineMetadata.ProbabilityIncidentIsPositional
2026-07-27T15:20:55.9203788Z 763/771 Test #763: TimelineMetadata.ProbabilityIncidentIsPositional .........................................   Passed    0.00 sec
2026-07-27T15:20:55.9205022Z         Start 764: TimelineMetadata.EpochGranularVisibility
2026-07-27T15:20:55.9243576Z 764/771 Test #764: TimelineMetadata.EpochGranularVisibility .................................................   Passed    0.00 sec
2026-07-27T15:20:55.9244466Z         Start 765: TimelineMetadata.HistoryWindowCap
2026-07-27T15:20:55.9284838Z 765/771 Test #765: TimelineMetadata.HistoryWindowCap ........................................................   Passed    0.00 sec
2026-07-27T15:20:55.9285692Z         Start 766: TimelineMetadata.MetadataIsDeterministic
2026-07-27T15:20:55.9322176Z 766/771 Test #766: TimelineMetadata.MetadataIsDeterministic .................................................   Passed    0.00 sec
2026-07-27T15:20:55.9323054Z         Start 767: TimelineUnfolder.TwoIndependentUnfoldsAreByteIdentical
2026-07-27T15:20:55.9367545Z 767/771 Test #767: TimelineUnfolder.TwoIndependentUnfoldsAreByteIdentical ...................................   Passed    0.00 sec
2026-07-27T15:20:55.9368765Z         Start 768: TimelineUnfolder.BoundaryStateChainIsStableAcrossRuns
2026-07-27T15:20:55.9409807Z 768/771 Test #768: TimelineUnfolder.BoundaryStateChainIsStableAcrossRuns ....................................   Passed    0.00 sec
2026-07-27T15:20:55.9410835Z         Start 769: TimelineUnfolder.ReunfoldOnSameEngineIsByteIdentical
2026-07-27T15:20:55.9458616Z 769/771 Test #769: TimelineUnfolder.ReunfoldOnSameEngineIsByteIdentical .....................................   Passed    0.00 sec
2026-07-27T15:20:55.9459101Z         Start 770: TimelineUnfolder.PhaseRateChangeIsMaterialized
2026-07-27T15:20:55.9497159Z 770/771 Test #770: TimelineUnfolder.PhaseRateChangeIsMaterialized ...........................................   Passed    0.00 sec
2026-07-27T15:20:55.9497855Z         Start 771: LogcraftCoreModuleImport.SurfaceResolvesThroughModule
2026-07-27T15:20:55.9520559Z 771/771 Test #771: LogcraftCoreModuleImport.SurfaceResolvesThroughModule ....................................   Passed    0.00 sec
2026-07-27T15:20:55.9535548Z 
2026-07-27T15:20:55.9535871Z 100% tests passed, 0 tests failed out of 771
2026-07-27T15:20:55.9536054Z 
2026-07-27T15:20:55.9536135Z Total Test time (real) =  34.92 sec
2026-07-27T15:20:56.1313351Z Using lockfile: '/home/runner/work/_actions/CodeRoasted/malf-toolchain/main/.github/actions/coderoast-ci/../../../conan.lock'
2026-07-27T15:20:56.1537864Z 
2026-07-27T15:20:56.1538106Z ======== Exporting recipe to the cache ========
2026-07-27T15:20:56.1555630Z logcraft_core/1.8.4: Exporting package recipe: /home/runner/work/logcraft/logcraft/core/conanfile.py
2026-07-27T15:20:56.1800309Z logcraft_core/1.8.4: Copied 1 '.py' file: conanfile.py
2026-07-27T15:20:56.1800627Z logcraft_core/1.8.4: Copied 1 '.txt' file: CMakeLists.txt
2026-07-27T15:20:56.1801258Z logcraft_core/1.8.4: Copied 24 '.cppm' files
2026-07-27T15:20:56.1801475Z logcraft_core/1.8.4: Copied 56 '.cpp' files
2026-07-27T15:20:56.1801682Z logcraft_core/1.8.4: Copied 5 '.hpp' files
2026-07-27T15:20:56.1801975Z logcraft_core/1.8.4: Copied 2 '.yaml' files: ratification.manifest.yaml, github.step.intent.yaml
2026-07-27T15:20:56.1957512Z logcraft_core/1.8.4: Exported to cache folder: /home/runner/work/logcraft/logcraft/.conan2/p/logcraa95ee1ed5a07/e
2026-07-27T15:20:56.1958080Z logcraft_core/1.8.4: Exported: logcraft_core/1.8.4#0dd2e8eda0be54f88105420fec3a03db (2026-07-27 15:20:56 UTC)
2026-07-27T15:20:56.1958341Z 
2026-07-27T15:20:56.1959254Z ======== Input profiles ========
2026-07-27T15:20:56.1960178Z Profile host:
2026-07-27T15:20:56.1960361Z [settings]
2026-07-27T15:20:56.1960805Z arch=x86_64
2026-07-27T15:20:56.1961015Z build_type=Release
2026-07-27T15:20:56.1961441Z compiler=gcc
2026-07-27T15:20:56.1961941Z compiler.cppstd=gnu23
2026-07-27T15:20:56.1962298Z compiler.libcxx=libstdc++11
2026-07-27T15:20:56.1962512Z compiler.version=15
2026-07-27T15:20:56.1962676Z os=Linux
2026-07-27T15:20:56.1962822Z [conf]
2026-07-27T15:20:56.1962987Z tools.build:cflags=['-O3', '-march=x86-64-v2']
2026-07-27T15:20:56.1963227Z tools.build:cxxflags=['-O3', '-march=x86-64-v2']
2026-07-27T15:20:56.1963702Z tools.build:exelinkflags=['-Wl,-rpath,/opt/gcc-15.3/lib64']
2026-07-27T15:20:56.1964020Z tools.build:sharedlinkflags=['-Wl,-rpath,/opt/gcc-15.3/lib64']
2026-07-27T15:20:56.1964288Z tools.cmake.cmakedeps:new=will_break_next
2026-07-27T15:20:56.1964883Z tools.info.package_id:confs=['tools.build:cflags', 'tools.build:cxxflags']
2026-07-27T15:20:56.1965236Z user.malf:editable_build_dir=build-gcc15-release
2026-07-27T15:20:56.1965753Z [buildenv]
2026-07-27T15:20:56.1965926Z CC=/opt/gcc-15.3/bin/gcc
2026-07-27T15:20:56.1966265Z CXX=/opt/gcc-15.3/bin/g++
2026-07-27T15:20:56.1966944Z LD_LIBRARY_PATH=/opt/gcc-15.3/lib64
2026-07-27T15:20:56.1967102Z 
2026-07-27T15:20:56.1967174Z Profile build:
2026-07-27T15:20:56.1967328Z [settings]
2026-07-27T15:20:56.1967633Z arch=x86_64
2026-07-27T15:20:56.1967925Z build_type=Release
2026-07-27T15:20:56.1968634Z compiler=gcc
2026-07-27T15:20:56.1969100Z compiler.cppstd=gnu23
2026-07-27T15:20:56.1969442Z compiler.libcxx=libstdc++11
2026-07-27T15:20:56.1970035Z compiler.version=15
2026-07-27T15:20:56.1970884Z os=Linux
2026-07-27T15:20:56.1971045Z [conf]
2026-07-27T15:20:56.1971205Z tools.build:cflags=['-O3', '-march=x86-64-v2']
2026-07-27T15:20:56.1971437Z tools.build:cxxflags=['-O3', '-march=x86-64-v2']
2026-07-27T15:20:56.1972152Z tools.build:exelinkflags=['-Wl,-rpath,/opt/gcc-15.3/lib64']
2026-07-27T15:20:56.1972481Z tools.build:sharedlinkflags=['-Wl,-rpath,/opt/gcc-15.3/lib64']
2026-07-27T15:20:56.1973038Z tools.cmake.cmakedeps:new=will_break_next
2026-07-27T15:20:56.1973346Z tools.info.package_id:confs=['tools.build:cflags', 'tools.build:cxxflags']
2026-07-27T15:20:56.1973648Z user.malf:editable_build_dir=build-gcc15-release
2026-07-27T15:20:56.1973853Z [buildenv]
2026-07-27T15:20:56.1974160Z CC=/opt/gcc-15.3/bin/gcc
2026-07-27T15:20:56.1974340Z CXX=/opt/gcc-15.3/bin/g++
2026-07-27T15:20:56.1974522Z LD_LIBRARY_PATH=/opt/gcc-15.3/lib64
2026-07-27T15:20:56.1974643Z 
2026-07-27T15:20:56.1974653Z 
2026-07-27T15:20:56.1974885Z ======== Computing dependency graph ========
2026-07-27T15:20:56.2261891Z Graph root
2026-07-27T15:20:56.2262356Z     cli
2026-07-27T15:20:56.2262923Z Requirements
2026-07-27T15:20:56.2263872Z     asio/1.36.0#baa8f04f3c2486ca00851c092ab6afb7 - Cache
2026-07-27T15:20:56.2264200Z     coderoast_ipc_core/1.8.4#12f3720a8e91235724270d7e3c457af3 - Cache
2026-07-27T15:20:56.2264512Z     coderoast_ipc_producer/1.8.4#886d10bbc05af2f48ae7bc70e11b8f67 - Cache
2026-07-27T15:20:56.2264790Z     fmt/12.1.0#50abab23274d56bb8f42c94b3b9a40c7 - Cache
2026-07-27T15:20:56.2265193Z     insight_canon/1.8.4#0da1b3be286600c91e9ced800394d36b - Cache
2026-07-27T15:20:56.2265552Z     insight_semantic_github/1.8.4#abab2e1a77ebfc173b7bd465cf196619 - Cache
2026-07-27T15:20:56.2266618Z     logcraft_core/1.8.4#0dd2e8eda0be54f88105420fec3a03db - Cache
2026-07-27T15:20:56.2267022Z     picosha2/1.0.0#61923b65ad21c4bccdc00d2be5709b58 - Cache
2026-07-27T15:20:56.2267607Z     simdjson/4.6.3#57b63b0965065041e5cd871f7973a026 - Cache
2026-07-27T15:20:56.2268117Z     spdlog/1.17.0#bcbaaf7147bda6ad24ffbd1ac3d7142c - Cache
2026-07-27T15:20:56.2268657Z     yaml-cpp/0.9.0#237a808ce73af0e5f32ba2834ae2baf0 - Cache
2026-07-27T15:20:56.2268921Z Test requirements
2026-07-27T15:20:56.2269136Z     benchmark/1.9.5#b885dc73ad67b40a55d45684d1c88ad1 - Cache
2026-07-27T15:20:56.2269450Z     coderoast_ipc_consumer/1.8.4#4cbc2c5fa7a83837a99dda2b262a2c05 - Cache
2026-07-27T15:20:56.2269946Z     gtest/1.17.0#5224b3b3ff3b4ce1133cbdd27d53ee7d - Cache
2026-07-27T15:20:56.2270231Z Build requirements
2026-07-27T15:20:56.2270632Z     cmake/4.4.0#a5dd5d73bd9fc56b0fc3163a04573dc8 - Cache
2026-07-27T15:20:56.2271162Z 
2026-07-27T15:20:56.2271563Z ======== Computing necessary packages ========
2026-07-27T15:20:56.2394621Z Connecting to remote 'conancenter' anonymously
2026-07-27T15:20:56.5731995Z logcraft_core/1.8.4: Main binary package '92a511dc0fb9d85a014667607c4c01d6bff72533' missing
2026-07-27T15:20:56.5732470Z logcraft_core/1.8.4: Checking 13 compatible configurations
2026-07-27T15:20:56.5747388Z logcraft_core/1.8.4: Compatible configurations not found in cache, checking servers
2026-07-27T15:20:56.6956958Z logcraft_core/1.8.4: Found 0 compatible configurations in remotes
2026-07-27T15:20:56.6957867Z logcraft_core/1.8.4: No compatible configuration found
2026-07-27T15:20:56.6958929Z Requirements
2026-07-27T15:20:56.6961337Z     asio/1.36.0#baa8f04f3c2486ca00851c092ab6afb7:da39a3ee5e6b4b0d3255bfef95601890afd80709#c02fdd2b35b8e2b48197b1749056e852 - Cache
2026-07-27T15:20:56.6962157Z     coderoast_ipc_core/1.8.4#12f3720a8e91235724270d7e3c457af3:976572dde09ae4802a96a09ed547708e031572ad#49b2f75b69fd6f823369b8548f7cced8 - Cache
2026-07-27T15:20:56.6962945Z     coderoast_ipc_producer/1.8.4#886d10bbc05af2f48ae7bc70e11b8f67:6ace73e26b8b2f52d30b212418da05663bfbc664#7bc005aeda370098b9845f63f6babf1b - Cache
2026-07-27T15:20:56.6963536Z     fmt/12.1.0#50abab23274d56bb8f42c94b3b9a40c7:ad913eb4f99fc875fffba787e4d80fce29a7f765#39be80cf5ecb8caac2c37f8baa122a79 - Cache
2026-07-27T15:20:56.6964371Z     insight_canon/1.8.4#0da1b3be286600c91e9ced800394d36b:b78615a5f087d90c3deb764e78f1e3407b351ad5#a2ae516ceae922196ec93e5d1cff6218 - Cache
2026-07-27T15:20:56.6965141Z     insight_semantic_github/1.8.4#abab2e1a77ebfc173b7bd465cf196619:f1e532c5052271dbc671c8576c5d2ac5c1635456#8bff92298fc4128dc3f55f9cd43f327d - Cache
2026-07-27T15:20:56.6965727Z     logcraft_core/1.8.4#0dd2e8eda0be54f88105420fec3a03db:92a511dc0fb9d85a014667607c4c01d6bff72533 - Build
2026-07-27T15:20:56.6966225Z     picosha2/1.0.0#61923b65ad21c4bccdc00d2be5709b58:da39a3ee5e6b4b0d3255bfef95601890afd80709#1e86527276bd819290d3531c62615e33 - Cache
2026-07-27T15:20:56.6966996Z     simdjson/4.6.3#57b63b0965065041e5cd871f7973a026:5d1991fbda5f8e42ea0b1fc45dc1f0e08c876862#aaf343449055f180a80e0c56dcf203ea - Cache
2026-07-27T15:20:56.6967744Z     spdlog/1.17.0#bcbaaf7147bda6ad24ffbd1ac3d7142c:dc97e1c73da307d48b15663ff835c7139057ef19#e7174d4ea12a233dcd7fd45c2d9f83d0 - Cache
2026-07-27T15:20:56.6968327Z     yaml-cpp/0.9.0#237a808ce73af0e5f32ba2834ae2baf0:5bcc2325ae24c87a0dbda9fe98b25099fcbadab3#6a44f4e7c342438a031fda01b4b1f46c - Cache
2026-07-27T15:20:56.6968693Z Test requirements
2026-07-27T15:20:56.6969035Z     benchmark/1.9.5#b885dc73ad67b40a55d45684d1c88ad1:450ef64ba4e985ecaa322e7110fecc37f5ba874b#1c54c10c0928d8cc7bd3bdf8b505041a - Cache
2026-07-27T15:20:56.6969638Z     coderoast_ipc_consumer/1.8.4#4cbc2c5fa7a83837a99dda2b262a2c05:6ace73e26b8b2f52d30b212418da05663bfbc664#0d73192167de29e90ddf7be13ae774f7 - Cache
2026-07-27T15:20:56.6970227Z     gtest/1.17.0#5224b3b3ff3b4ce1133cbdd27d53ee7d:2408b5402882dc2df22863610623b66506a4870c#e19edae35da6f5681ecfc11e8f6ed87a - Cache
2026-07-27T15:20:56.6970580Z Build requirements
2026-07-27T15:20:56.6970721Z Skipped binaries
2026-07-27T15:20:56.6971032Z     cmake/4.4.0
2026-07-27T15:20:56.6971289Z 
2026-07-27T15:20:56.6971368Z ======== Installing packages ========
2026-07-27T15:20:56.6972170Z asio/1.36.0: Already installed! (1 of 14)
2026-07-27T15:20:56.6972948Z fmt/12.1.0: Already installed! (2 of 14)
2026-07-27T15:20:56.6976270Z picosha2/1.0.0: Already installed! (3 of 14)
2026-07-27T15:20:56.6978568Z simdjson/4.6.3: Already installed! (4 of 14)
2026-07-27T15:20:56.6981105Z yaml-cpp/0.9.0: Already installed! (5 of 14)
2026-07-27T15:20:56.6984565Z benchmark/1.9.5: Already installed! (6 of 14)
2026-07-27T15:20:56.6987340Z gtest/1.17.0: Already installed! (7 of 14)
2026-07-27T15:20:56.6989822Z coderoast_ipc_core/1.8.4: Already installed! (8 of 14)
2026-07-27T15:20:56.6992199Z spdlog/1.17.0: Already installed! (9 of 14)
2026-07-27T15:20:56.6994844Z coderoast_ipc_consumer/1.8.4: Already installed! (10 of 14)
2026-07-27T15:20:56.6997924Z coderoast_ipc_producer/1.8.4: Already installed! (11 of 14)
2026-07-27T15:20:56.7000224Z insight_canon/1.8.4: Already installed! (12 of 14)
2026-07-27T15:20:56.7002383Z insight_semantic_github/1.8.4: Already installed! (13 of 14)
2026-07-27T15:20:56.7172922Z 
2026-07-27T15:20:56.7173449Z -------- Installing package logcraft_core/1.8.4 (14 of 14) --------
2026-07-27T15:20:56.7173812Z logcraft_core/1.8.4: Building from source
2026-07-27T15:20:56.7174212Z logcraft_core/1.8.4: Package logcraft_core/1.8.4:92a511dc0fb9d85a014667607c4c01d6bff72533
2026-07-27T15:20:56.7174884Z logcraft_core/1.8.4: settings: os=Linux arch=x86_64 compiler=gcc compiler.cppstd=gnu23 compiler.libcxx=libstdc++11 compiler.version=15 build_type=Release
2026-07-27T15:20:56.7175846Z logcraft_core/1.8.4: options: fPIC=True shared=False
2026-07-27T15:20:56.7177905Z logcraft_core/1.8.4: requires: coderoast_ipc_producer/1.8.4#886d10bbc05af2f48ae7bc70e11b8f67:6ace73e26b8b2f52d30b212418da05663bfbc664 yaml-cpp/0.9.0#237a808ce73af0e5f32ba2834ae2baf0:5bcc2325ae24c87a0dbda9fe98b25099fcbadab3 insight_semantic_github/1.8.4#abab2e1a77ebfc173b7bd465cf196619:f1e532c5052271dbc671c8576c5d2ac5c1635456 insight_canon/1.8.4#0da1b3be286600c91e9ced800394d36b:b78615a5f087d90c3deb764e78f1e3407b351ad5 spdlog/1.17.0#bcbaaf7147bda6ad24ffbd1ac3d7142c:dc97e1c73da307d48b15663ff835c7139057ef19 fmt/12.1.0#50abab23274d56bb8f42c94b3b9a40c7:ad913eb4f99fc875fffba787e4d80fce29a7f765 asio/1.36.0#baa8f04f3c2486ca00851c092ab6afb7:da39a3ee5e6b4b0d3255bfef95601890afd80709
2026-07-27T15:20:56.7180966Z logcraft_core/1.8.4: conf: tools.build:cflags=['-O3', '-march=x86-64-v2'] tools.build:cxxflags=['-O3', '-march=x86-64-v2']
2026-07-27T15:20:56.7181439Z logcraft_core/1.8.4: Copying sources to build folder
2026-07-27T15:20:56.7318557Z logcraft_core/1.8.4: Building your package in /home/runner/work/logcraft/logcraft/.conan2/p/b/logcr108efcce6d6c5/b
2026-07-27T15:20:56.7318977Z logcraft_core/1.8.4: Calling generate()
2026-07-27T15:20:56.7319641Z logcraft_core/1.8.4: Generators folder: /home/runner/work/logcraft/logcraft/.conan2/p/b/logcr108efcce6d6c5/b
2026-07-27T15:20:56.7527388Z logcraft_core/1.8.4: CMakeToolchain generated: conan_toolchain.cmake
2026-07-27T15:20:56.7534852Z logcraft_core/1.8.4: CMakeToolchain generated: /home/runner/work/logcraft/logcraft/.conan2/p/b/logcr108efcce6d6c5/b/CMakePresets.json
2026-07-27T15:20:56.7536176Z logcraft_core/1.8.4: WARN: On the fly replacement of CMakeDeps by CMakeConfigDeps generator, because 'tools.cmake.cmakedeps:new' incubating conf activated. This conf is incubating and will break in next releases. CMakeConfigDeps is now experimental and can be used as such in recipes.
2026-07-27T15:20:56.7537421Z logcraft_core/1.8.4: WARN: experimental: CMakeConfigDeps is experimental, and might get breaking changes in future releases
2026-07-27T15:20:56.8491876Z logcraft_core/1.8.4: WARN: deprecated: CMakeConfigDeps does not support module find mode in gtest/1.17.0.
2026-07-27T15:20:56.8492237Z Config mode will be used regardless.
2026-07-27T15:20:56.8797881Z logcraft_core/1.8.4: CMakeDeps necessary find_package() and targets for your CMakeLists.txt
2026-07-27T15:20:56.8799340Z     find_package(yaml-cpp)
2026-07-27T15:20:56.8799994Z     find_package(spdlog)
2026-07-27T15:20:56.8800349Z     find_package(fmt)
2026-07-27T15:20:56.8800799Z     find_package(asio)
2026-07-27T15:20:56.8801034Z     find_package(GTest)
2026-07-27T15:20:56.8801413Z     find_package(benchmark)
2026-07-27T15:20:56.8802120Z     target_link_libraries(... yaml-cpp::yaml-cpp spdlog::spdlog fmt::fmt asio::asio gtest::gtest benchmark::benchmark_main)
2026-07-27T15:20:56.8856488Z logcraft_core/1.8.4: Generating aggregated env files
2026-07-27T15:20:56.8857298Z logcraft_core/1.8.4: Generated aggregated env files: ['conanbuild.sh', 'conanrun.sh']
2026-07-27T15:20:56.8864528Z logcraft_core/1.8.4: Calling build()
2026-07-27T15:20:56.8865097Z logcraft_core/1.8.4: Running CMake.configure()
2026-07-27T15:20:56.8867556Z logcraft_core/1.8.4: RUN: cmake -G "Ninja" -DCMAKE_TOOLCHAIN_FILE="conan_toolchain.cmake" -DCMAKE_INSTALL_PREFIX="/home/runner/work/logcraft/logcraft/.conan2/p/b/logcr108efcce6d6c5/p" -DCMAKE_POLICY_DEFAULT_CMP0091="NEW" -DCMAKE_BUILD_TYPE="Release" -DLOGCRAFT_CORE_BUILD_TESTS="OFF" -DLOGCRAFT_CORE_BUILD_BENCHMARKS="OFF" -DLOGCRAFT_CORE_BUILD_CLI="OFF" "/home/runner/work/logcraft/logcraft/.conan2/p/b/logcr108efcce6d6c5/b"
2026-07-27T15:20:57.0008799Z -- Using Conan toolchain: /home/runner/work/logcraft/logcraft/.conan2/p/b/logcr108efcce6d6c5/b/conan_toolchain.cmake
2026-07-27T15:20:57.0009326Z -- Conan toolchain: Setting CMAKE_POSITION_INDEPENDENT_CODE=ON (options.fPIC)
2026-07-27T15:20:57.0009610Z -- Conan toolchain: Defining architecture flag: -m64
2026-07-27T15:20:57.0010081Z -- Conan toolchain: C++ Standard 23 with extensions ON
2026-07-27T15:20:57.0010405Z -- Conan toolchain: Including CMakeConfigDeps generated conan_cmakedeps_paths.cmake
2026-07-27T15:20:57.0010733Z -- Conan toolchain: Setting BUILD_SHARED_LIBS = OFF
2026-07-27T15:20:57.1327715Z -- The CXX compiler identification is GNU 15.3.0
2026-07-27T15:20:57.2911246Z -- Detecting CXX compiler ABI info
2026-07-27T15:20:57.4106367Z -- Detecting CXX compiler ABI info - done
2026-07-27T15:20:57.4202866Z -- Check for working CXX compiler: /opt/gcc-15.3/bin/g++ - skipped
2026-07-27T15:20:57.4205363Z -- Detecting CXX compile features
2026-07-27T15:20:57.4210318Z CMake Warning (dev) at /home/runner/venvs/common/lib/python3.12/site-packages/cmake/data/share/cmake-4.3/Modules/Compiler/CMakeCommonCompilerMacros.cmake:226 (cmake_language):
2026-07-27T15:20:57.4211044Z   CMake's support for `import std;` in C++23 and newer is experimental.  It
2026-07-27T15:20:57.4211705Z   is meant only for experimentation and feedback to CMake developers.
2026-07-27T15:20:57.4212008Z Call Stack (most recent call first):
2026-07-27T15:20:57.4212690Z   /home/runner/venvs/common/lib/python3.12/site-packages/cmake/data/share/cmake-4.3/Modules/CMakeDetermineCompilerSupport.cmake:110 (cmake_cxx_find_modules_json)
2026-07-27T15:20:57.4213511Z   /home/runner/venvs/common/lib/python3.12/site-packages/cmake/data/share/cmake-4.3/Modules/CMakeTestCXXCompiler.cmake:83 (CMAKE_DETERMINE_COMPILER_SUPPORT)
2026-07-27T15:20:57.4214024Z   CMakeLists.txt:13 (project)
2026-07-27T15:20:57.4214275Z This warning is for project developers.  Use -Wno-dev to suppress it.
2026-07-27T15:20:57.4214627Z 
2026-07-27T15:20:57.4232353Z -- Detecting CXX compile features - done
2026-07-27T15:20:57.4344953Z -- Conan: Configuring Targets for fmt/12.1.0
2026-07-27T15:20:57.4347897Z -- Conan: Target declared imported STATIC library 'fmt::fmt'
2026-07-27T15:20:57.4352039Z -- Conan: Configuring Targets for spdlog/1.17.0
2026-07-27T15:20:57.4354409Z -- Conan: Target declared imported STATIC library 'spdlog::spdlog'
2026-07-27T15:20:57.4357638Z -- Conan: Configuring Targets for yaml-cpp/0.9.0
2026-07-27T15:20:57.4360417Z -- Conan: Target declared imported STATIC library 'yaml-cpp::yaml-cpp'
2026-07-27T15:20:57.4360855Z -- Conan: Target declared alias 'yaml-cpp' for 'yaml-cpp::yaml-cpp'
2026-07-27T15:20:57.4363355Z -- Conan: Configuring Targets for asio/1.36.0
2026-07-27T15:20:57.4365361Z -- Conan: Target declared imported INTERFACE library 'asio::asio'
2026-07-27T15:20:57.4382652Z -- Conan: Configuring Targets for simdjson/4.6.3
2026-07-27T15:20:57.4384956Z -- Conan: Target declared imported STATIC library 'simdjson::simdjson'
2026-07-27T15:20:57.4387895Z -- Conan: Configuring Targets for picosha2/1.0.0
2026-07-27T15:20:57.4389437Z -- Conan: Target declared imported INTERFACE library 'picosha2::picosha2'
2026-07-27T15:20:58.4539629Z -- Found Python3: /home/runner/venvs/common/bin/python3.12 (found version "3.12.3") found components: Interpreter
2026-07-27T15:20:58.4574104Z -- Configuring done (1.5s)
2026-07-27T15:20:58.4738888Z CMake Warning (dev) in CMakeLists.txt:
2026-07-27T15:20:58.4739407Z   Target "logcraft_core" has source file
2026-07-27T15:20:58.4740015Z 
2026-07-27T15:20:58.4740812Z     /home/runner/work/logcraft/logcraft/.conan2/p/b/logcr108efcce6d6c5/b/api/core.cppm
2026-07-27T15:20:58.4741199Z 
2026-07-27T15:20:58.4741459Z   in a "FILE_SET TYPE CXX_MODULES" multiple times.
2026-07-27T15:20:58.4741789Z This warning is for project developers.  Use -Wno-dev to suppress it.
2026-07-27T15:20:58.4741978Z 
2026-07-27T15:20:58.4907477Z -- Generating done (0.0s)
2026-07-27T15:20:58.4912390Z -- Build files have been written to: /home/runner/work/logcraft/logcraft/.conan2/p/b/logcr108efcce6d6c5/b
2026-07-27T15:20:58.4946146Z 
2026-07-27T15:20:58.4946328Z logcraft_core/1.8.4: Running CMake.build()
2026-07-27T15:20:58.4948457Z logcraft_core/1.8.4: RUN: cmake --build "/home/runner/work/logcraft/logcraft/.conan2/p/b/logcr108efcce6d6c5/b" -- -j8
2026-07-27T15:20:58.6060716Z [0/2] Re-checking globbed directories...
2026-07-27T15:20:58.6234313Z [1/184] Scanning /home/runner/work/logcraft/logcraft/.conan2/p/insig82842a8b34a5d/p/include/insight_canon_modules/canon.internal.cppm for CXX dependencies
2026-07-27T15:20:58.6240049Z [2/184] Scanning /home/runner/work/logcraft/logcraft/.conan2/p/coder5604b3e55c296/p/include/coderoast_ipc_core_modules/core.cppm for CXX dependencies
2026-07-27T15:20:58.6241998Z [3/184] Scanning /home/runner/work/logcraft/logcraft/.conan2/p/insig82842a8b34a5d/p/include/insight_canon_modules/canon.spi.cppm for CXX dependencies
2026-07-27T15:20:58.6249977Z [4/184] Scanning /home/runner/work/logcraft/logcraft/.conan2/p/insig82842a8b34a5d/p/include/insight_canon_modules/canon.transport.cppm for CXX dependencies
2026-07-27T15:20:58.6326110Z [5/184] Scanning /home/runner/work/logcraft/logcraft/.conan2/p/insig82842a8b34a5d/p/include/insight_canon_modules/canon.cppm for CXX dependencies
2026-07-27T15:20:58.6340484Z [6/184] Scanning /home/runner/work/logcraft/logcraft/.conan2/p/insig82842a8b34a5d/p/include/insight_canon_modules/conformance/canon.conformance.cppm for CXX dependencies
2026-07-27T15:20:58.6347278Z [7/184] Scanning /home/runner/work/logcraft/logcraft/.conan2/p/insig82842a8b34a5d/p/include/insight_canon_modules/canon.compose.cppm for CXX dependencies
2026-07-27T15:20:58.6356370Z [8/184] Scanning /opt/gcc-15.3/include/c++/15.3.0/bits/std.compat.cc for CXX dependencies
2026-07-27T15:20:58.7047286Z [9/184] intent_library_codegen: --selftest, then generate intent_library.generated.inc
2026-07-27T15:20:58.7048631Z selftest OK — the fence holds: teeth 1-4 rejections fire, the hash is canonical (reformat-stable, edit-sensitive), the manifest partitions edit-vs-stale, emission is byte-deterministic ASCII
2026-07-27T15:20:58.7825260Z [10/184] Scanning /home/runner/work/logcraft/logcraft/.conan2/p/insig82842a8b34a5d/p/include/insight_canon_modules/canon.api.cppm for CXX dependencies
2026-07-27T15:20:58.8147497Z [11/184] Scanning /opt/gcc-15.3/include/c++/15.3.0/bits/std.cc for CXX dependencies
2026-07-27T15:20:58.8196097Z [12/184] Generating CXX dyndep file CMakeFiles/__cmake_cxx_std_23.dir/CXX.dd
2026-07-27T15:20:58.8237228Z [13/184] Generating CXX dyndep file 'CMakeFiles/coderoast__ipc__core@synth_e9ce255f5fee.dir/CXX.dd'
2026-07-27T15:20:58.8246448Z [14/184] Generating CXX dyndep file 'CMakeFiles/insight__canon@synth_e9ce255f5fee.dir/CXX.dd'
2026-07-27T15:20:58.8321210Z [15/184] Scanning /home/runner/work/logcraft/logcraft/.conan2/p/coder81e7ceb433d0f/p/include/coderoast_ipc_producer_modules/producer.cppm for CXX dependencies
2026-07-27T15:20:58.8329802Z [16/184] Scanning /home/runner/work/logcraft/logcraft/.conan2/p/insig5c59307a54f55/p/include/insight_semantic_github_modules/github.cppm for CXX dependencies
2026-07-27T15:20:58.8360850Z [17/184] Generating CXX dyndep file 'CMakeFiles/coderoast__ipc__producer@synth_e9ce255f5fee.dir/CXX.dd'
2026-07-27T15:20:58.8369714Z [18/184] Generating CXX dyndep file 'CMakeFiles/insight__semantic_github@synth_e9ce255f5fee.dir/CXX.dd'
2026-07-27T15:20:58.8464439Z [19/184] Scanning /home/runner/work/logcraft/logcraft/.conan2/p/b/logcr108efcce6d6c5/b/src/agent/field_generator.cpp for CXX dependencies
2026-07-27T15:20:59.0607173Z [20/184] Scanning /home/runner/work/logcraft/logcraft/.conan2/p/b/logcr108efcce6d6c5/b/src/engine/command_facade.cpp for CXX dependencies
2026-07-27T15:20:59.0643552Z [21/184] Scanning /home/runner/work/logcraft/logcraft/.conan2/p/b/logcr108efcce6d6c5/b/src/agent/agent_registry.cpp for CXX dependencies
2026-07-27T15:20:59.0716832Z [22/184] Scanning /home/runner/work/logcraft/logcraft/.conan2/p/b/logcr108efcce6d6c5/b/src/engine/engine_api.cpp for CXX dependencies
2026-07-27T15:20:59.1347497Z [23/184] Scanning /home/runner/work/logcraft/logcraft/.conan2/p/b/logcr108efcce6d6c5/b/src/agent/agent_enrichment.cpp for CXX dependencies
2026-07-27T15:20:59.1416630Z [24/184] Scanning /home/runner/work/logcraft/logcraft/.conan2/p/b/logcr108efcce6d6c5/b/src/agent/agent_generation.cpp for CXX dependencies
2026-07-27T15:20:59.1420884Z [25/184] Scanning /home/runner/work/logcraft/logcraft/.conan2/p/b/logcr108efcce6d6c5/b/src/agent/agent.cpp for CXX dependencies
2026-07-27T15:20:59.1729350Z [26/184] Scanning /home/runner/work/logcraft/logcraft/.conan2/p/b/logcr108efcce6d6c5/b/src/agent/agent_scheduling.cpp for CXX dependencies
2026-07-27T15:20:59.1968417Z [27/184] Scanning /home/runner/work/logcraft/logcraft/.conan2/p/b/logcr108efcce6d6c5/b/src/engine/engine.cpp for CXX dependencies
2026-07-27T15:20:59.2086701Z [28/184] Scanning /home/runner/work/logcraft/logcraft/.conan2/p/b/logcr108efcce6d6c5/b/src/engine/runtime_monitor.cpp for CXX dependencies
2026-07-27T15:20:59.2357386Z [29/184] Scanning /home/runner/work/logcraft/logcraft/.conan2/p/b/logcr108efcce6d6c5/b/src/foundation/sha256.cpp for CXX dependencies
2026-07-27T15:20:59.2577344Z [30/184] Scanning /home/runner/work/logcraft/logcraft/.conan2/p/b/logcr108efcce6d6c5/b/src/foundation/simulation_clock.cpp for CXX dependencies
2026-07-27T15:20:59.2971289Z [31/184] Scanning /home/runner/work/logcraft/logcraft/.conan2/p/b/logcr108efcce6d6c5/b/src/foundation/time_context.cpp for CXX dependencies
2026-07-27T15:20:59.3583467Z [32/184] Scanning /home/runner/work/logcraft/logcraft/.conan2/p/b/logcr108efcce6d6c5/b/src/engine/engine_manager.cpp for CXX dependencies
2026-07-27T15:20:59.3827711Z [33/184] Scanning /home/runner/work/logcraft/logcraft/.conan2/p/b/logcr108efcce6d6c5/b/src/engine/engine_command_surface.cpp for CXX dependencies
2026-07-27T15:20:59.3886716Z [34/184] Scanning /home/runner/work/logcraft/logcraft/.conan2/p/b/logcr108efcce6d6c5/b/src/engine/engine_replay.cpp for CXX dependencies
2026-07-27T15:20:59.3982598Z [35/184] Scanning /home/runner/work/logcraft/logcraft/.conan2/p/b/logcr108efcce6d6c5/b/src/engine/replay_source.cpp for CXX dependencies
2026-07-27T15:20:59.4034656Z [36/184] Scanning /home/runner/work/logcraft/logcraft/.conan2/p/b/logcr108efcce6d6c5/b/src/engine/engine_lifecycle.cpp for CXX dependencies
2026-07-27T15:20:59.4077555Z [37/184] Scanning /home/runner/work/logcraft/logcraft/.conan2/p/b/logcr108efcce6d6c5/b/src/output/gha_intent_medium.cpp for CXX dependencies
2026-07-27T15:20:59.4263226Z [38/184] Scanning /home/runner/work/logcraft/logcraft/.conan2/p/b/logcr108efcce6d6c5/b/src/output/log_formatter.cpp for CXX dependencies
2026-07-27T15:20:59.4359719Z [39/184] Scanning /home/runner/work/logcraft/logcraft/.conan2/p/b/logcr108efcce6d6c5/b/src/output/log_formatter_cloud.cpp for CXX dependencies
2026-07-27T15:20:59.4484686Z [40/184] Scanning /home/runner/work/logcraft/logcraft/.conan2/p/b/logcr108efcce6d6c5/b/src/output/log_formatter_github_actions.cpp for CXX dependencies
2026-07-27T15:20:59.4580442Z [41/184] Scanning /home/runner/work/logcraft/logcraft/.conan2/p/b/logcr108efcce6d6c5/b/src/output/log_formatter_mobile.cpp for CXX dependencies
2026-07-27T15:20:59.4637396Z [42/184] Scanning /home/runner/work/logcraft/logcraft/.conan2/p/b/logcr108efcce6d6c5/b/src/flow/flow_engine.cpp for CXX dependencies
2026-07-27T15:20:59.4714415Z [43/184] Scanning /home/runner/work/logcraft/logcraft/.conan2/p/b/logcr108efcce6d6c5/b/src/output/log_formatter_syslog.cpp for CXX dependencies
2026-07-27T15:20:59.4749905Z [44/184] Scanning /home/runner/work/logcraft/logcraft/.conan2/p/b/logcr108efcce6d6c5/b/src/output/log_formatter_text.cpp for CXX dependencies
2026-07-27T15:20:59.6328407Z [45/184] Scanning /home/runner/work/logcraft/logcraft/.conan2/p/b/logcr108efcce6d6c5/b/src/logging/logger.cpp for CXX dependencies
2026-07-27T15:20:59.6543586Z [46/184] Scanning /home/runner/work/logcraft/logcraft/.conan2/p/b/logcr108efcce6d6c5/b/src/output/console_sink.cpp for CXX dependencies
2026-07-27T15:20:59.6564031Z [47/184] Scanning /home/runner/work/logcraft/logcraft/.conan2/p/b/logcr108efcce6d6c5/b/src/output/file_sink.cpp for CXX dependencies
2026-07-27T15:20:59.6746253Z [48/184] Scanning /home/runner/work/logcraft/logcraft/.conan2/p/b/logcr108efcce6d6c5/b/src/output/shared_memory_sink.cpp for CXX dependencies
2026-07-27T15:20:59.6856730Z [49/184] Scanning /home/runner/work/logcraft/logcraft/.conan2/p/b/logcr108efcce6d6c5/b/src/logging/logging_config.cpp for CXX dependencies
2026-07-27T15:20:59.6942277Z [50/184] Scanning /home/runner/work/logcraft/logcraft/.conan2/p/b/logcr108efcce6d6c5/b/src/scenario/intent_library.cpp for CXX dependencies
2026-07-27T15:20:59.7335567Z [51/184] Scanning /home/runner/work/logcraft/logcraft/.conan2/p/b/logcr108efcce6d6c5/b/src/output/output_manager.cpp for CXX dependencies
2026-07-27T15:20:59.7421888Z [52/184] Scanning /home/runner/work/logcraft/logcraft/.conan2/p/b/logcr108efcce6d6c5/b/src/scenario/scenario_axis.cpp for CXX dependencies
2026-07-27T15:20:59.7547009Z [53/184] Scanning /home/runner/work/logcraft/logcraft/.conan2/p/b/logcr108efcce6d6c5/b/src/scenario/scenario_capabilities.cpp for CXX dependencies
2026-07-27T15:20:59.7993679Z [54/184] Scanning /home/runner/work/logcraft/logcraft/.conan2/p/b/logcr108efcce6d6c5/b/src/output/http_sink.cpp for CXX dependencies
2026-07-27T15:20:59.8407552Z [55/184] Scanning /home/runner/work/logcraft/logcraft/.conan2/p/b/logcr108efcce6d6c5/b/src/output/metrics_sink.cpp for CXX dependencies
2026-07-27T15:20:59.8477230Z [56/184] Scanning /home/runner/work/logcraft/logcraft/.conan2/p/b/logcr108efcce6d6c5/b/src/output/recording_sink.cpp for CXX dependencies
2026-07-27T15:20:59.8987682Z [57/184] Scanning /home/runner/work/logcraft/logcraft/.conan2/p/b/logcr108efcce6d6c5/b/src/output/smf_recording_sink.cpp for CXX dependencies
2026-07-27T15:20:59.9017038Z [58/184] Scanning /home/runner/work/logcraft/logcraft/.conan2/p/b/logcr108efcce6d6c5/b/src/scenario/scenario_component_parsing.cpp for CXX dependencies
2026-07-27T15:20:59.9029197Z [59/184] Scanning /home/runner/work/logcraft/logcraft/.conan2/p/b/logcr108efcce6d6c5/b/src/output/sharded_pipeline.cpp for CXX dependencies
2026-07-27T15:20:59.9265578Z [60/184] Scanning /home/runner/work/logcraft/logcraft/.conan2/p/b/logcr108efcce6d6c5/b/src/scenario/scenario_agent_parsing.cpp for CXX dependencies
2026-07-27T15:20:59.9415389Z [61/184] Scanning /home/runner/work/logcraft/logcraft/.conan2/p/b/logcr108efcce6d6c5/b/src/smf/smf_manifest.cpp for CXX dependencies
2026-07-27T15:20:59.9550511Z [62/184] Scanning /home/runner/work/logcraft/logcraft/.conan2/p/b/logcr108efcce6d6c5/b/src/smf/smf_reader.cpp for CXX dependencies
2026-07-27T15:20:59.9601596Z [63/184] Scanning /home/runner/work/logcraft/logcraft/.conan2/p/b/logcr108efcce6d6c5/b/src/scenario/scenario_flow_parsing.cpp for CXX dependencies
2026-07-27T15:20:59.9635137Z [64/184] Scanning /home/runner/work/logcraft/logcraft/.conan2/p/b/logcr108efcce6d6c5/b/src/smf/smf_writer.cpp for CXX dependencies
2026-07-27T15:21:00.0699950Z [65/184] Scanning /home/runner/work/logcraft/logcraft/.conan2/p/b/logcr108efcce6d6c5/b/src/scenario/scenario_section_dispatch.cpp for CXX dependencies
2026-07-27T15:21:00.0840297Z [66/184] Scanning /home/runner/work/logcraft/logcraft/.conan2/p/b/logcr108efcce6d6c5/b/src/scenario/scenario_registry_resolution.cpp for CXX dependencies
2026-07-27T15:21:00.0858166Z [67/184] Scanning /home/runner/work/logcraft/logcraft/.conan2/p/b/logcr108efcce6d6c5/b/src/timeline/timeline_cursor.cpp for CXX dependencies
2026-07-27T15:21:00.0986001Z [68/184] Scanning /home/runner/work/logcraft/logcraft/.conan2/p/b/logcr108efcce6d6c5/b/src/timeline/timeline_engine.cpp for CXX dependencies
2026-07-27T15:21:00.0997301Z [69/184] Scanning /home/runner/work/logcraft/logcraft/.conan2/p/b/logcr108efcce6d6c5/b/src/scenario/scenario_loader.cpp for CXX dependencies
2026-07-27T15:21:00.1066117Z [70/184] Scanning /home/runner/work/logcraft/logcraft/.conan2/p/b/logcr108efcce6d6c5/b/src/core.internal.cppm for CXX dependencies
2026-07-27T15:21:00.1083480Z [71/184] Scanning /home/runner/work/logcraft/logcraft/.conan2/p/b/logcr108efcce6d6c5/b/api/core.api-agent.cppm for CXX dependencies
2026-07-27T15:21:00.1163596Z [72/184] Scanning /home/runner/work/logcraft/logcraft/.conan2/p/b/logcr108efcce6d6c5/b/src/scenario/scenario_loader_detail.cpp for CXX dependencies
2026-07-27T15:21:00.1209413Z [73/184] Scanning /home/runner/work/logcraft/logcraft/.conan2/p/b/logcr108efcce6d6c5/b/api/core.api-engine.cppm for CXX dependencies
2026-07-27T15:21:00.1227817Z [74/184] Scanning /home/runner/work/logcraft/logcraft/.conan2/p/b/logcr108efcce6d6c5/b/api/core.api-intent_library.cppm for CXX dependencies
2026-07-27T15:21:00.1246181Z [75/184] Scanning /home/runner/work/logcraft/logcraft/.conan2/p/b/logcr108efcce6d6c5/b/api/core.api-output.cppm for CXX dependencies
2026-07-27T15:21:00.1326611Z [76/184] Scanning /home/runner/work/logcraft/logcraft/.conan2/p/b/logcr108efcce6d6c5/b/api/core.api-scenario.cppm for CXX dependencies
2026-07-27T15:21:00.1341186Z [77/184] Scanning /home/runner/work/logcraft/logcraft/.conan2/p/b/logcr108efcce6d6c5/b/api/core.api-value.cppm for CXX dependencies
2026-07-27T15:21:00.1376306Z [78/184] Scanning /home/runner/work/logcraft/logcraft/.conan2/p/b/logcr108efcce6d6c5/b/api/core.api-timeline.cppm for CXX dependencies
2026-07-27T15:21:00.1413452Z [79/184] Scanning /home/runner/work/logcraft/logcraft/.conan2/p/b/logcr108efcce6d6c5/b/api/core.api.cppm for CXX dependencies
2026-07-27T15:21:00.1453907Z [80/184] Scanning /home/runner/work/logcraft/logcraft/.conan2/p/b/logcr108efcce6d6c5/b/api/core.cppm for CXX dependencies
2026-07-27T15:21:00.1536257Z [81/184] Scanning /home/runner/work/logcraft/logcraft/.conan2/p/b/logcr108efcce6d6c5/b/src/scenario/scenario_validation.cpp for CXX dependencies
2026-07-27T15:21:00.1617196Z [82/184] Scanning /home/runner/work/logcraft/logcraft/.conan2/p/b/logcr108efcce6d6c5/b/src/agent/core.detail.agent.cppm for CXX dependencies
2026-07-27T15:21:00.1620036Z [83/184] Scanning /home/runner/work/logcraft/logcraft/.conan2/p/b/logcr108efcce6d6c5/b/src/flow/core.detail.flow.cppm for CXX dependencies
2026-07-27T15:21:00.1678464Z [84/184] Scanning /home/runner/work/logcraft/logcraft/.conan2/p/b/logcr108efcce6d6c5/b/src/foundation/core.detail.foundation-random.cppm for CXX dependencies
2026-07-27T15:21:00.1690539Z [85/184] Scanning /home/runner/work/logcraft/logcraft/.conan2/p/b/logcr108efcce6d6c5/b/src/foundation/core.detail.foundation-pipeline.cppm for CXX dependencies
2026-07-27T15:21:00.1716018Z [86/184] Scanning /home/runner/work/logcraft/logcraft/.conan2/p/b/logcr108efcce6d6c5/b/src/foundation/core.detail.foundation-hash.cppm for CXX dependencies
2026-07-27T15:21:00.1762825Z [87/184] Scanning /home/runner/work/logcraft/logcraft/.conan2/p/b/logcr108efcce6d6c5/b/src/foundation/core.detail.foundation.cppm for CXX dependencies
2026-07-27T15:21:00.1883311Z [88/184] Scanning /home/runner/work/logcraft/logcraft/.conan2/p/b/logcr108efcce6d6c5/b/src/timeline/flow_unfolder.cpp for CXX dependencies
2026-07-27T15:21:00.1977072Z [89/184] Scanning /home/runner/work/logcraft/logcraft/.conan2/p/b/logcr108efcce6d6c5/b/src/timeline/shm_timeline_view.cpp for CXX dependencies
2026-07-27T15:21:00.1995952Z [90/184] Scanning /home/runner/work/logcraft/logcraft/.conan2/p/b/logcr108efcce6d6c5/b/src/output/core.detail.output.cppm for CXX dependencies
2026-07-27T15:21:00.2005250Z [91/184] Scanning /home/runner/work/logcraft/logcraft/.conan2/p/b/logcr108efcce6d6c5/b/src/output/core.detail.output-formatter.cppm for CXX dependencies
2026-07-27T15:21:00.2036169Z [92/184] Scanning /home/runner/work/logcraft/logcraft/.conan2/p/b/logcr108efcce6d6c5/b/src/output/core.detail.output-sink.cppm for CXX dependencies
2026-07-27T15:21:00.2085827Z [93/184] Scanning /home/runner/work/logcraft/logcraft/.conan2/p/b/logcr108efcce6d6c5/b/src/timeline/core.detail.timeline.cppm for CXX dependencies
2026-07-27T15:21:00.2141801Z [94/184] Scanning /home/runner/work/logcraft/logcraft/.conan2/p/b/logcr108efcce6d6c5/b/src/smf/core.detail.smf.cppm for CXX dependencies
2026-07-27T15:21:00.3083447Z [95/184] Scanning /home/runner/work/logcraft/logcraft/.conan2/p/b/logcr108efcce6d6c5/b/src/timeline/timeline_unfolder.cpp for CXX dependencies
2026-07-27T15:21:00.3501733Z [96/184] Scanning /home/runner/work/logcraft/logcraft/.conan2/p/b/logcr108efcce6d6c5/b/src/engine/core.detail.engine.cppm for CXX dependencies
2026-07-27T15:21:00.3760977Z [97/184] Scanning /home/runner/work/logcraft/logcraft/.conan2/p/b/logcr108efcce6d6c5/b/src/logging/core.detail.logging.cppm for CXX dependencies
2026-07-27T15:21:00.3982298Z [98/184] Scanning /home/runner/work/logcraft/logcraft/.conan2/p/b/logcr108efcce6d6c5/b/src/scenario/core.detail.scenario.cppm for CXX dependencies
2026-07-27T15:21:00.4127169Z [99/184] Generating CXX dyndep file CMakeFiles/logcraft_core.dir/CXX.dd
2026-07-27T15:21:02.1087095Z [100/190] Building CXX object CMakeFiles/__cmake_cxx_std_23.dir/opt/gcc-15.3/include/c++/15.3.0/bits/std.cc.o
2026-07-27T15:21:02.1340606Z [101/190] Building CXX object 'CMakeFiles/insight__canon@synth_e9ce255f5fee.dir/cb9ae607ab72.bmi'
2026-07-27T15:21:02.1364017Z [102/190] Building CXX object CMakeFiles/logcraft_core.dir/src/core.internal.cppm.o
2026-07-27T15:21:02.1679111Z [103/190] Building CXX object CMakeFiles/logcraft_core.dir/api/core.api-timeline.cppm.o
2026-07-27T15:21:02.3711656Z [104/190] Building CXX object CMakeFiles/__cmake_cxx_std_23.dir/opt/gcc-15.3/include/c++/15.3.0/bits/std.compat.cc.o
2026-07-27T15:21:02.4290078Z [105/190] Building CXX object CMakeFiles/logcraft_core.dir/src/foundation/core.detail.foundation-hash.cppm.o
2026-07-27T15:21:02.4623997Z [106/190] Linking CXX static library lib__cmake_cxx_std_23.a
2026-07-27T15:21:02.5139949Z [107/190] Building CXX object CMakeFiles/logcraft_core.dir/src/foundation/core.detail.foundation-random.cppm.o
2026-07-27T15:21:02.5625639Z [108/190] Building CXX object CMakeFiles/logcraft_core.dir/api/core.api-value.cppm.o
2026-07-27T15:21:02.5912330Z [109/190] Building CXX object 'CMakeFiles/coderoast__ipc__core@synth_e9ce255f5fee.dir/9f05fa3a05f7.bmi'
2026-07-27T15:21:02.6349877Z [110/190] Building CXX object CMakeFiles/logcraft_core.dir/api/core.api-output.cppm.o
2026-07-27T15:21:02.8221172Z [111/190] Building CXX object 'CMakeFiles/coderoast__ipc__producer@synth_e9ce255f5fee.dir/4e322359ad3a.bmi'
2026-07-27T15:21:02.9647091Z [112/190] Building CXX object CMakeFiles/logcraft_core.dir/api/core.api-intent_library.cppm.o
2026-07-27T15:21:03.2708619Z [113/190] Building CXX object CMakeFiles/logcraft_core.dir/api/core.api-agent.cppm.o
2026-07-27T15:21:03.8757905Z [114/190] Building CXX object CMakeFiles/logcraft_core.dir/api/core.api-scenario.cppm.o
2026-07-27T15:21:03.9392239Z [115/190] Building CXX object 'CMakeFiles/insight__canon@synth_e9ce255f5fee.dir/fe00d9613785.bmi'
2026-07-27T15:21:03.9661094Z [116/190] Building CXX object CMakeFiles/logcraft_core.dir/src/logging/core.detail.logging.cppm.o
2026-07-27T15:21:04.2450655Z [117/190] Building CXX object CMakeFiles/logcraft_core.dir/api/core.api-engine.cppm.o
2026-07-27T15:21:04.4986686Z [118/190] Building CXX object 'CMakeFiles/insight__canon@synth_e9ce255f5fee.dir/a927cb432d79.bmi'
2026-07-27T15:21:04.8590882Z [119/190] Building CXX object CMakeFiles/logcraft_core.dir/api/core.api.cppm.o
2026-07-27T15:21:04.9444638Z [120/190] Building CXX object 'CMakeFiles/insight__semantic_github@synth_e9ce255f5fee.dir/1bc354a1b097.bmi'
2026-07-27T15:21:05.4881651Z [121/190] Building CXX object CMakeFiles/logcraft_core.dir/src/foundation/time_context.cpp.o
2026-07-27T15:21:05.5118431Z [122/190] Building CXX object CMakeFiles/logcraft_core.dir/api/core.cppm.o
2026-07-27T15:21:05.6803983Z [123/190] Building CXX object CMakeFiles/logcraft_core.dir/src/scenario/scenario_axis.cpp.o
2026-07-27T15:21:05.6849304Z [124/190] Building CXX object CMakeFiles/logcraft_core.dir/src/scenario/intent_library.cpp.o
2026-07-27T15:21:05.8223970Z [125/190] Building CXX object CMakeFiles/logcraft_core.dir/src/scenario/scenario_capabilities.cpp.o
2026-07-27T15:21:05.8529205Z [126/190] Building CXX object CMakeFiles/logcraft_core.dir/src/foundation/core.detail.foundation-pipeline.cppm.o
2026-07-27T15:21:06.1327918Z [127/190] Building CXX object CMakeFiles/logcraft_core.dir/src/logging/logger.cpp.o
2026-07-27T15:21:06.3204897Z [128/190] Building CXX object CMakeFiles/logcraft_core.dir/src/foundation/core.detail.foundation.cppm.o
2026-07-27T15:21:06.7944098Z [129/190] Building CXX object CMakeFiles/logcraft_core.dir/src/foundation/simulation_clock.cpp.o
2026-07-27T15:21:06.7948336Z [130/190] Building CXX object CMakeFiles/logcraft_core.dir/src/smf/core.detail.smf.cppm.o
2026-07-27T15:21:06.9159987Z [131/190] Building CXX object CMakeFiles/logcraft_core.dir/src/foundation/sha256.cpp.o
2026-07-27T15:21:06.9455883Z [132/190] Building CXX object CMakeFiles/logcraft_core.dir/src/output/core.detail.output-formatter.cppm.o
2026-07-27T15:21:07.0747406Z [133/190] Building CXX object CMakeFiles/logcraft_core.dir/src/agent/core.detail.agent.cppm.o
2026-07-27T15:21:07.3232370Z [134/190] Building CXX object CMakeFiles/logcraft_core.dir/src/scenario/core.detail.scenario.cppm.o
2026-07-27T15:21:07.5018602Z [135/190] Building CXX object CMakeFiles/logcraft_core.dir/src/logging/logging_config.cpp.o
2026-07-27T15:21:07.7554951Z [136/190] Building CXX object CMakeFiles/logcraft_core.dir/src/smf/smf_writer.cpp.o
2026-07-27T15:21:07.7918349Z [137/190] Building CXX object CMakeFiles/logcraft_core.dir/src/smf/smf_reader.cpp.o
2026-07-27T15:21:07.9401315Z [138/190] Building CXX object CMakeFiles/logcraft_core.dir/src/smf/smf_manifest.cpp.o
2026-07-27T15:21:08.2015262Z [139/190] Building CXX object CMakeFiles/logcraft_core.dir/src/output/core.detail.output-sink.cppm.o
2026-07-27T15:21:10.1135448Z [140/190] Building CXX object CMakeFiles/logcraft_core.dir/src/agent/field_generator.cpp.o
2026-07-27T15:21:10.1224380Z [141/190] Building CXX object CMakeFiles/logcraft_core.dir/src/agent/agent_registry.cpp.o
2026-07-27T15:21:10.2239250Z [142/190] Building CXX object CMakeFiles/logcraft_core.dir/src/agent/agent_generation.cpp.o
2026-07-27T15:21:10.7979982Z [143/190] Building CXX object CMakeFiles/logcraft_core.dir/src/agent/agent_enrichment.cpp.o
2026-07-27T15:21:11.0124004Z [144/190] Building CXX object CMakeFiles/logcraft_core.dir/src/scenario/scenario_component_parsing.cpp.o
2026-07-27T15:21:11.9024762Z [145/190] Building CXX object CMakeFiles/logcraft_core.dir/src/scenario/scenario_flow_parsing.cpp.o
2026-07-27T15:21:12.2492106Z [146/190] Building CXX object CMakeFiles/logcraft_core.dir/src/agent/agent.cpp.o
2026-07-27T15:21:12.5577213Z [147/190] Building CXX object CMakeFiles/logcraft_core.dir/src/flow/core.detail.flow.cppm.o
2026-07-27T15:21:12.9292812Z [148/190] Building CXX object CMakeFiles/logcraft_core.dir/src/agent/agent_scheduling.cpp.o
2026-07-27T15:21:12.9415044Z [149/190] Building CXX object CMakeFiles/logcraft_core.dir/src/scenario/scenario_loader.cpp.o
2026-07-27T15:21:12.9574023Z [150/190] Building CXX object CMakeFiles/logcraft_core.dir/src/output/core.detail.output.cppm.o
2026-07-27T15:21:13.8019695Z [151/190] Building CXX object CMakeFiles/logcraft_core.dir/src/timeline/core.detail.timeline.cppm.o
2026-07-27T15:21:14.3185687Z [152/190] Building CXX object CMakeFiles/logcraft_core.dir/src/scenario/scenario_registry_resolution.cpp.o
2026-07-27T15:21:14.9047835Z [153/190] Building CXX object CMakeFiles/logcraft_core.dir/src/scenario/scenario_section_dispatch.cpp.o
2026-07-27T15:21:14.9599076Z [154/190] Building CXX object CMakeFiles/logcraft_core.dir/src/output/gha_intent_medium.cpp.o
2026-07-27T15:21:15.0818527Z [155/190] Building CXX object CMakeFiles/logcraft_core.dir/src/output/console_sink.cpp.o
2026-07-27T15:21:15.2604168Z [156/190] Building CXX object CMakeFiles/logcraft_core.dir/src/output/file_sink.cpp.o
2026-07-27T15:21:15.5815323Z [157/190] Building CXX object CMakeFiles/logcraft_core.dir/src/output/log_formatter.cpp.o
2026-07-27T15:21:16.0603733Z [158/190] Building CXX object CMakeFiles/logcraft_core.dir/src/output/log_formatter_github_actions.cpp.o
2026-07-27T15:21:17.0550918Z [159/190] Building CXX object CMakeFiles/logcraft_core.dir/src/flow/flow_engine.cpp.o
2026-07-27T15:21:17.1615200Z [160/190] Building CXX object CMakeFiles/logcraft_core.dir/src/output/log_formatter_mobile.cpp.o
2026-07-27T15:21:17.4172895Z [161/190] Building CXX object CMakeFiles/logcraft_core.dir/src/output/log_formatter_cloud.cpp.o
2026-07-27T15:21:17.6392238Z [162/190] Building CXX object CMakeFiles/logcraft_core.dir/src/output/log_formatter_syslog.cpp.o
2026-07-27T15:21:18.0242762Z [163/190] Building CXX object CMakeFiles/logcraft_core.dir/src/scenario/scenario_validation.cpp.o
2026-07-27T15:21:18.1729423Z [164/190] Building CXX object CMakeFiles/logcraft_core.dir/src/output/log_formatter_text.cpp.o
2026-07-27T15:21:19.1472812Z [165/190] Building CXX object CMakeFiles/logcraft_core.dir/src/output/http_sink.cpp.o
2026-07-27T15:21:19.4780048Z [166/190] Building CXX object CMakeFiles/logcraft_core.dir/src/output/shared_memory_sink.cpp.o
2026-07-27T15:21:19.5816564Z [167/190] Building CXX object CMakeFiles/logcraft_core.dir/src/output/output_manager.cpp.o
2026-07-27T15:21:20.0443695Z [168/190] Building CXX object CMakeFiles/logcraft_core.dir/src/output/recording_sink.cpp.o
2026-07-27T15:21:20.2718039Z [169/190] Building CXX object CMakeFiles/logcraft_core.dir/src/output/sharded_pipeline.cpp.o
2026-07-27T15:21:21.4710621Z [170/190] Building CXX object CMakeFiles/logcraft_core.dir/src/output/smf_recording_sink.cpp.o
2026-07-27T15:21:21.9479205Z [171/190] Building CXX object CMakeFiles/logcraft_core.dir/src/output/metrics_sink.cpp.o
2026-07-27T15:21:22.0119790Z [172/190] Building CXX object CMakeFiles/logcraft_core.dir/src/scenario/scenario_loader_detail.cpp.o
2026-07-27T15:21:22.0771975Z [173/190] Building CXX object CMakeFiles/logcraft_core.dir/src/timeline/timeline_cursor.cpp.o
2026-07-27T15:21:22.3040811Z [174/190] Building CXX object CMakeFiles/logcraft_core.dir/src/timeline/flow_unfolder.cpp.o
2026-07-27T15:21:23.6367111Z [175/190] Building CXX object CMakeFiles/logcraft_core.dir/src/timeline/shm_timeline_view.cpp.o
2026-07-27T15:21:24.3856455Z [176/190] Building CXX object CMakeFiles/logcraft_core.dir/src/timeline/timeline_engine.cpp.o
2026-07-27T15:21:25.5146218Z [177/190] Building CXX object CMakeFiles/logcraft_core.dir/src/engine/core.detail.engine.cppm.o
2026-07-27T15:21:26.0977519Z [178/190] Building CXX object CMakeFiles/logcraft_core.dir/src/timeline/timeline_unfolder.cpp.o
2026-07-27T15:21:26.6376072Z [179/190] Building CXX object CMakeFiles/logcraft_core.dir/src/engine/engine_api.cpp.o
2026-07-27T15:21:28.6169180Z [180/190] Building CXX object CMakeFiles/logcraft_core.dir/src/scenario/scenario_agent_parsing.cpp.o
2026-07-27T15:21:28.6933561Z [181/190] Building CXX object CMakeFiles/logcraft_core.dir/src/engine/command_facade.cpp.o
2026-07-27T15:21:28.8305091Z [182/190] Building CXX object CMakeFiles/logcraft_core.dir/src/engine/engine_replay.cpp.o
2026-07-27T15:21:29.2714892Z [183/190] Building CXX object CMakeFiles/logcraft_core.dir/src/engine/engine_command_surface.cpp.o
2026-07-27T15:21:29.8940078Z [184/190] Building CXX object CMakeFiles/logcraft_core.dir/src/engine/replay_source.cpp.o
2026-07-27T15:21:31.7359520Z [185/190] Building CXX object CMakeFiles/logcraft_core.dir/src/engine/engine_lifecycle.cpp.o
2026-07-27T15:21:31.9973143Z [186/190] Building CXX object CMakeFiles/logcraft_core.dir/src/engine/runtime_monitor.cpp.o
2026-07-27T15:21:32.1446891Z [187/190] Building CXX object CMakeFiles/logcraft_core.dir/src/engine/engine_manager.cpp.o
2026-07-27T15:21:32.1930042Z [188/190] Building CXX object CMakeFiles/logcraft_core.dir/src/engine/engine.cpp.o
2026-07-27T15:21:32.3562301Z [189/190] Linking CXX static library liblogcraft_core.a
2026-07-27T15:21:32.3583955Z 
2026-07-27T15:21:32.3584551Z logcraft_core/1.8.4: Package '92a511dc0fb9d85a014667607c4c01d6bff72533' built
2026-07-27T15:21:32.3585115Z logcraft_core/1.8.4: Build folder /home/runner/work/logcraft/logcraft/.conan2/p/b/logcr108efcce6d6c5/b
2026-07-27T15:21:32.3593557Z logcraft_core/1.8.4: Generating the package
2026-07-27T15:21:32.3594078Z logcraft_core/1.8.4: Packaging in folder /home/runner/work/logcraft/logcraft/.conan2/p/b/logcr108efcce6d6c5/p
2026-07-27T15:21:32.3594537Z logcraft_core/1.8.4: Calling package()
2026-07-27T15:21:32.3594789Z logcraft_core/1.8.4: Running CMake.install()
2026-07-27T15:21:32.3599179Z logcraft_core/1.8.4: RUN: cmake --install "/home/runner/work/logcraft/logcraft/.conan2/p/b/logcr108efcce6d6c5/b" --prefix "/home/runner/work/logcraft/logcraft/.conan2/p/b/logcr108efcce6d6c5/p"
2026-07-27T15:21:32.4647293Z -- Install configuration: "Release"
2026-07-27T15:21:32.4653510Z -- Installing: /home/runner/work/logcraft/logcraft/.conan2/p/b/logcr108efcce6d6c5/p/lib/liblogcraft_core.a
2026-07-27T15:21:32.4750909Z -- Installing: /home/runner/work/logcraft/logcraft/.conan2/p/b/logcr108efcce6d6c5/p/include/logcraft_core_modules/api/core.api-agent.cppm
2026-07-27T15:21:32.4753571Z -- Installing: /home/runner/work/logcraft/logcraft/.conan2/p/b/logcr108efcce6d6c5/p/include/logcraft_core_modules/api/core.api-engine.cppm
2026-07-27T15:21:32.4754798Z -- Installing: /home/runner/work/logcraft/logcraft/.conan2/p/b/logcr108efcce6d6c5/p/include/logcraft_core_modules/api/core.api-intent_library.cppm
2026-07-27T15:21:32.4756643Z -- Installing: /home/runner/work/logcraft/logcraft/.conan2/p/b/logcr108efcce6d6c5/p/include/logcraft_core_modules/api/core.api-output.cppm
2026-07-27T15:21:32.4759373Z -- Installing: /home/runner/work/logcraft/logcraft/.conan2/p/b/logcr108efcce6d6c5/p/include/logcraft_core_modules/api/core.api-scenario.cppm
2026-07-27T15:21:32.4761488Z -- Installing: /home/runner/work/logcraft/logcraft/.conan2/p/b/logcr108efcce6d6c5/p/include/logcraft_core_modules/api/core.api-timeline.cppm
2026-07-27T15:21:32.4764951Z -- Installing: /home/runner/work/logcraft/logcraft/.conan2/p/b/logcr108efcce6d6c5/p/include/logcraft_core_modules/api/core.api-value.cppm
2026-07-27T15:21:32.4766293Z -- Installing: /home/runner/work/logcraft/logcraft/.conan2/p/b/logcr108efcce6d6c5/p/include/logcraft_core_modules/api/core.api.cppm
2026-07-27T15:21:32.4767624Z -- Installing: /home/runner/work/logcraft/logcraft/.conan2/p/b/logcr108efcce6d6c5/p/include/logcraft_core_modules/api/core.cppm
2026-07-27T15:21:32.4768782Z -- Up-to-date: /home/runner/work/logcraft/logcraft/.conan2/p/b/logcr108efcce6d6c5/p/include/logcraft_core_modules/api/core.cppm
2026-07-27T15:21:32.4773440Z -- Installing: /home/runner/work/logcraft/logcraft/.conan2/p/b/logcr108efcce6d6c5/p/include/logcraft_core_modules/src/core.internal.cppm
2026-07-27T15:21:32.4782870Z -- Installing: /home/runner/work/logcraft/logcraft/.conan2/p/b/logcr108efcce6d6c5/p/lib/cmake/logcraft_core/logcraft_coreTargets.cmake
2026-07-27T15:21:32.4783987Z -- Installing: /home/runner/work/logcraft/logcraft/.conan2/p/b/logcr108efcce6d6c5/p/lib/cmake/logcraft_core/logcraft_coreTargets-release.cmake
2026-07-27T15:21:32.4786411Z -- Installing: /home/runner/work/logcraft/logcraft/.conan2/p/b/logcr108efcce6d6c5/p/lib/cmake/logcraft_core/logcraft_core-config.cmake
2026-07-27T15:21:32.4800266Z 
2026-07-27T15:21:32.4902687Z logcraft_core/1.8.4: package(): Packaged 10 '.cppm' files
2026-07-27T15:21:32.4903045Z logcraft_core/1.8.4: package(): Packaged 1 '.a' file: liblogcraft_core.a
2026-07-27T15:21:32.4903582Z logcraft_core/1.8.4: package(): Packaged 3 '.cmake' files: logcraft_coreTargets.cmake, logcraft_coreTargets-release.cmake, logcraft_core-config.cmake
2026-07-27T15:21:32.4904124Z logcraft_core/1.8.4: Created package revision ca385a79841783ee3ed97aa90d63847c
2026-07-27T15:21:32.4904511Z logcraft_core/1.8.4: Package '92a511dc0fb9d85a014667607c4c01d6bff72533' created
2026-07-27T15:21:32.4905135Z logcraft_core/1.8.4: Full package reference: logcraft_core/1.8.4#0dd2e8eda0be54f88105420fec3a03db:92a511dc0fb9d85a014667607c4c01d6bff72533#ca385a79841783ee3ed97aa90d63847c
2026-07-27T15:21:32.4988856Z logcraft_core/1.8.4: Package folder /home/runner/work/logcraft/logcraft/.conan2/p/b/logcr108efcce6d6c5/p
2026-07-27T15:21:32.5003743Z 
2026-07-27T15:21:32.5003922Z ======== Launching test_package ========
2026-07-27T15:21:32.5004289Z 
2026-07-27T15:21:32.5004381Z ======== Computing dependency graph ========
2026-07-27T15:21:32.5324403Z Graph root
2026-07-27T15:21:32.5324971Z     logcraft_core/1.8.4 (test package): /home/runner/work/logcraft/logcraft/core/test_package/conanfile.py
2026-07-27T15:21:32.5325349Z Requirements
2026-07-27T15:21:32.5325549Z     asio/1.36.0#baa8f04f3c2486ca00851c092ab6afb7 - Cache
2026-07-27T15:21:32.5326060Z     coderoast_ipc_core/1.8.4#12f3720a8e91235724270d7e3c457af3 - Cache
2026-07-27T15:21:32.5326507Z     coderoast_ipc_producer/1.8.4#886d10bbc05af2f48ae7bc70e11b8f67 - Cache
2026-07-27T15:21:32.5326801Z     fmt/12.1.0#50abab23274d56bb8f42c94b3b9a40c7 - Cache
2026-07-27T15:21:32.5327041Z     insight_canon/1.8.4#0da1b3be286600c91e9ced800394d36b - Cache
2026-07-27T15:21:32.5327317Z     insight_semantic_github/1.8.4#abab2e1a77ebfc173b7bd465cf196619 - Cache
2026-07-27T15:21:32.5327601Z     logcraft_core/1.8.4#0dd2e8eda0be54f88105420fec3a03db - Cache
2026-07-27T15:21:32.5327845Z     picosha2/1.0.0#61923b65ad21c4bccdc00d2be5709b58 - Cache
2026-07-27T15:21:32.5328072Z     simdjson/4.6.3#57b63b0965065041e5cd871f7973a026 - Cache
2026-07-27T15:21:32.5328297Z     spdlog/1.17.0#bcbaaf7147bda6ad24ffbd1ac3d7142c - Cache
2026-07-27T15:21:32.5328737Z     yaml-cpp/0.9.0#237a808ce73af0e5f32ba2834ae2baf0 - Cache
2026-07-27T15:21:32.5329249Z Test requirements
2026-07-27T15:21:32.5329724Z     benchmark/1.9.5#b885dc73ad67b40a55d45684d1c88ad1 - Cache
2026-07-27T15:21:32.5330008Z     coderoast_ipc_consumer/1.8.4#4cbc2c5fa7a83837a99dda2b262a2c05 - Cache
2026-07-27T15:21:32.5330271Z     gtest/1.17.0#5224b3b3ff3b4ce1133cbdd27d53ee7d - Cache
2026-07-27T15:21:32.5330474Z Build requirements
2026-07-27T15:21:32.5330641Z     cmake/4.4.0#a5dd5d73bd9fc56b0fc3163a04573dc8 - Cache
2026-07-27T15:21:32.5330787Z 
2026-07-27T15:21:32.5330861Z ======== Computing necessary packages ========
2026-07-27T15:21:32.5461411Z Requirements
2026-07-27T15:21:32.5462219Z     asio/1.36.0#baa8f04f3c2486ca00851c092ab6afb7:da39a3ee5e6b4b0d3255bfef95601890afd80709#c02fdd2b35b8e2b48197b1749056e852 - Cache
2026-07-27T15:21:32.5462936Z     coderoast_ipc_core/1.8.4#12f3720a8e91235724270d7e3c457af3:976572dde09ae4802a96a09ed547708e031572ad#49b2f75b69fd6f823369b8548f7cced8 - Cache
2026-07-27T15:21:32.5463706Z     coderoast_ipc_producer/1.8.4#886d10bbc05af2f48ae7bc70e11b8f67:6ace73e26b8b2f52d30b212418da05663bfbc664#7bc005aeda370098b9845f63f6babf1b - Cache
2026-07-27T15:21:32.5464358Z     fmt/12.1.0#50abab23274d56bb8f42c94b3b9a40c7:ad913eb4f99fc875fffba787e4d80fce29a7f765#39be80cf5ecb8caac2c37f8baa122a79 - Cache
2026-07-27T15:21:32.5464942Z     insight_canon/1.8.4#0da1b3be286600c91e9ced800394d36b:b78615a5f087d90c3deb764e78f1e3407b351ad5#a2ae516ceae922196ec93e5d1cff6218 - Cache
2026-07-27T15:21:32.5465918Z     insight_semantic_github/1.8.4#abab2e1a77ebfc173b7bd465cf196619:f1e532c5052271dbc671c8576c5d2ac5c1635456#8bff92298fc4128dc3f55f9cd43f327d - Cache
2026-07-27T15:21:32.5466525Z     logcraft_core/1.8.4#0dd2e8eda0be54f88105420fec3a03db:92a511dc0fb9d85a014667607c4c01d6bff72533#ca385a79841783ee3ed97aa90d63847c - Cache
2026-07-27T15:21:32.5467099Z     picosha2/1.0.0#61923b65ad21c4bccdc00d2be5709b58:da39a3ee5e6b4b0d3255bfef95601890afd80709#1e86527276bd819290d3531c62615e33 - Cache
2026-07-27T15:21:32.5467666Z     simdjson/4.6.3#57b63b0965065041e5cd871f7973a026:5d1991fbda5f8e42ea0b1fc45dc1f0e08c876862#aaf343449055f180a80e0c56dcf203ea - Cache
2026-07-27T15:21:32.5468593Z     spdlog/1.17.0#bcbaaf7147bda6ad24ffbd1ac3d7142c:dc97e1c73da307d48b15663ff835c7139057ef19#e7174d4ea12a233dcd7fd45c2d9f83d0 - Cache
2026-07-27T15:21:32.5469612Z     yaml-cpp/0.9.0#237a808ce73af0e5f32ba2834ae2baf0:5bcc2325ae24c87a0dbda9fe98b25099fcbadab3#6a44f4e7c342438a031fda01b4b1f46c - Cache
2026-07-27T15:21:32.5470009Z Test requirements
2026-07-27T15:21:32.5470742Z     coderoast_ipc_consumer/1.8.4#4cbc2c5fa7a83837a99dda2b262a2c05:6ace73e26b8b2f52d30b212418da05663bfbc664#0d73192167de29e90ddf7be13ae774f7 - Cache
2026-07-27T15:21:32.5471371Z     gtest/1.17.0#5224b3b3ff3b4ce1133cbdd27d53ee7d:2408b5402882dc2df22863610623b66506a4870c#e19edae35da6f5681ecfc11e8f6ed87a - Cache
2026-07-27T15:21:32.5471761Z Build requirements
2026-07-27T15:21:32.5471911Z Skipped binaries
2026-07-27T15:21:32.5472239Z     benchmark/1.9.5, cmake/4.4.0
2026-07-27T15:21:32.5472664Z 
2026-07-27T15:21:32.5472893Z ======== Installing packages ========
2026-07-27T15:21:32.5473583Z asio/1.36.0: Already installed! (1 of 13)
2026-07-27T15:21:32.5476514Z fmt/12.1.0: Already installed! (2 of 13)
2026-07-27T15:21:32.5479384Z picosha2/1.0.0: Already installed! (3 of 13)
2026-07-27T15:21:32.5481580Z simdjson/4.6.3: Already installed! (4 of 13)
2026-07-27T15:21:32.5484112Z yaml-cpp/0.9.0: Already installed! (5 of 13)
2026-07-27T15:21:32.5487100Z gtest/1.17.0: Already installed! (6 of 13)
2026-07-27T15:21:32.5492033Z coderoast_ipc_core/1.8.4: Already installed! (7 of 13)
2026-07-27T15:21:32.5493791Z spdlog/1.17.0: Already installed! (8 of 13)
2026-07-27T15:21:32.5496280Z coderoast_ipc_consumer/1.8.4: Already installed! (9 of 13)
2026-07-27T15:21:32.5498703Z coderoast_ipc_producer/1.8.4: Already installed! (10 of 13)
2026-07-27T15:21:32.5500723Z insight_canon/1.8.4: Already installed! (11 of 13)
2026-07-27T15:21:32.5503357Z insight_semantic_github/1.8.4: Already installed! (12 of 13)
2026-07-27T15:21:32.5505708Z logcraft_core/1.8.4: Already installed! (13 of 13)
2026-07-27T15:21:32.5506553Z 
2026-07-27T15:21:32.5506947Z ======== Testing the package ========
2026-07-27T15:21:32.5507516Z Removing previously existing 'test_package' build folder: /home/runner/work/logcraft/logcraft/core/test_package/build/gcc-15-x86_64-gnu23-release
2026-07-27T15:21:32.5515216Z logcraft_core/1.8.4 (test package): Test package build: build/gcc-15-x86_64-gnu23-release
2026-07-27T15:21:32.5515777Z logcraft_core/1.8.4 (test package): Test package build folder: /home/runner/work/logcraft/logcraft/core/test_package/build/gcc-15-x86_64-gnu23-release
2026-07-27T15:21:32.5516246Z logcraft_core/1.8.4 (test package): Calling generate()
2026-07-27T15:21:32.5516714Z logcraft_core/1.8.4 (test package): Generators folder: /home/runner/work/logcraft/logcraft/core/test_package/build/gcc-15-x86_64-gnu23-release/generators
2026-07-27T15:21:32.5743238Z logcraft_core/1.8.4 (test package): CMakeToolchain generated: conan_toolchain.cmake
2026-07-27T15:21:32.5748400Z logcraft_core/1.8.4 (test package): CMakeToolchain generated: /home/runner/work/logcraft/logcraft/core/test_package/build/gcc-15-x86_64-gnu23-release/generators/CMakePresets.json
2026-07-27T15:21:32.5749173Z logcraft_core/1.8.4 (test package): CMakeToolchain generated: /home/runner/work/logcraft/logcraft/core/test_package/CMakeUserPresets.json
2026-07-27T15:21:32.5750368Z logcraft_core/1.8.4 (test package): WARN: On the fly replacement of CMakeDeps by CMakeConfigDeps generator, because 'tools.cmake.cmakedeps:new' incubating conf activated. This conf is incubating and will break in next releases. CMakeConfigDeps is now experimental and can be used as such in recipes.
2026-07-27T15:21:32.5751521Z logcraft_core/1.8.4 (test package): WARN: experimental: CMakeConfigDeps is experimental, and might get breaking changes in future releases
2026-07-27T15:21:32.6739202Z : WARN: deprecated: CMakeConfigDeps does not support module find mode in gtest/1.17.0.
2026-07-27T15:21:32.6739572Z Config mode will be used regardless.
2026-07-27T15:21:32.6905430Z logcraft_core/1.8.4 (test package): CMakeDeps necessary find_package() and targets for your CMakeLists.txt
2026-07-27T15:21:32.6905843Z     find_package(GTest)
2026-07-27T15:21:32.6906215Z     target_link_libraries(... gtest::gtest)
2026-07-27T15:21:32.6972376Z logcraft_core/1.8.4 (test package): Generating aggregated env files
2026-07-27T15:21:32.6972794Z logcraft_core/1.8.4 (test package): Generated aggregated env files: ['conanbuild.sh', 'conanrun.sh']
2026-07-27T15:21:32.6973055Z 
2026-07-27T15:21:32.6973137Z ======== Testing the package: Building ========
2026-07-27T15:21:32.6978248Z logcraft_core/1.8.4 (test package): Calling build()
2026-07-27T15:21:32.6978722Z logcraft_core/1.8.4 (test package): Running CMake.configure()
2026-07-27T15:21:32.6979698Z logcraft_core/1.8.4 (test package): RUN: cmake -G "Ninja" -DCMAKE_TOOLCHAIN_FILE="generators/conan_toolchain.cmake" -DCMAKE_INSTALL_PREFIX="/home/runner/work/logcraft/logcraft/core/test_package" -DCMAKE_POLICY_DEFAULT_CMP0091="NEW" -DCMAKE_BUILD_TYPE="Release" "/home/runner/work/logcraft/logcraft/core/test_package"
2026-07-27T15:21:32.8059631Z -- Using Conan toolchain: /home/runner/work/logcraft/logcraft/core/test_package/build/gcc-15-x86_64-gnu23-release/generators/conan_toolchain.cmake
2026-07-27T15:21:32.8060225Z -- Conan toolchain: Defining architecture flag: -m64
2026-07-27T15:21:32.8060470Z -- Conan toolchain: C++ Standard 23 with extensions ON
2026-07-27T15:21:32.8060791Z -- Conan toolchain: Including CMakeConfigDeps generated conan_cmakedeps_paths.cmake
2026-07-27T15:21:32.9353162Z -- The CXX compiler identification is GNU 15.3.0
2026-07-27T15:21:33.0986050Z -- Detecting CXX compiler ABI info
2026-07-27T15:21:33.2193460Z -- Detecting CXX compiler ABI info - done
2026-07-27T15:21:33.2289054Z -- Check for working CXX compiler: /opt/gcc-15.3/bin/g++ - skipped
2026-07-27T15:21:33.2293422Z -- Detecting CXX compile features
2026-07-27T15:21:33.2298236Z CMake Warning (dev) at /home/runner/venvs/common/lib/python3.12/site-packages/cmake/data/share/cmake-4.3/Modules/Compiler/CMakeCommonCompilerMacros.cmake:226 (cmake_language):
2026-07-27T15:21:33.2298859Z   CMake's support for `import std;` in C++23 and newer is experimental.  It
2026-07-27T15:21:33.2299193Z   is meant only for experimentation and feedback to CMake developers.
2026-07-27T15:21:33.2299449Z Call Stack (most recent call first):
2026-07-27T15:21:33.2299933Z   /home/runner/venvs/common/lib/python3.12/site-packages/cmake/data/share/cmake-4.3/Modules/CMakeDetermineCompilerSupport.cmake:110 (cmake_cxx_find_modules_json)
2026-07-27T15:21:33.2300708Z   /home/runner/venvs/common/lib/python3.12/site-packages/cmake/data/share/cmake-4.3/Modules/CMakeTestCXXCompiler.cmake:83 (CMAKE_DETERMINE_COMPILER_SUPPORT)
2026-07-27T15:21:33.2301171Z   CMakeLists.txt:8 (project)
2026-07-27T15:21:33.2301422Z This warning is for project developers.  Use -Wno-dev to suppress it.
2026-07-27T15:21:33.2301615Z 
2026-07-27T15:21:33.2319252Z -- Detecting CXX compile features - done
2026-07-27T15:21:33.2429001Z -- Conan: Configuring Targets for fmt/12.1.0
2026-07-27T15:21:33.2434291Z -- Conan: Target declared imported STATIC library 'fmt::fmt'
2026-07-27T15:21:33.2439125Z -- Conan: Configuring Targets for spdlog/1.17.0
2026-07-27T15:21:33.2441273Z -- Conan: Target declared imported STATIC library 'spdlog::spdlog'
2026-07-27T15:21:33.2446286Z -- Conan: Configuring Targets for yaml-cpp/0.9.0
2026-07-27T15:21:33.2448700Z -- Conan: Target declared imported STATIC library 'yaml-cpp::yaml-cpp'
2026-07-27T15:21:33.2449047Z -- Conan: Target declared alias 'yaml-cpp' for 'yaml-cpp::yaml-cpp'
2026-07-27T15:21:33.2452579Z -- Conan: Configuring Targets for asio/1.36.0
2026-07-27T15:21:33.2456689Z -- Conan: Target declared imported INTERFACE library 'asio::asio'
2026-07-27T15:21:33.2472125Z -- Conan: Configuring Targets for simdjson/4.6.3
2026-07-27T15:21:33.2474272Z -- Conan: Target declared imported STATIC library 'simdjson::simdjson'
2026-07-27T15:21:33.2477384Z -- Conan: Configuring Targets for picosha2/1.0.0
2026-07-27T15:21:33.2480423Z -- Conan: Target declared imported INTERFACE library 'picosha2::picosha2'
2026-07-27T15:21:33.2495970Z -- Conan: Configuring Targets for gtest/1.17.0
2026-07-27T15:21:33.2498518Z -- Conan: Target declared imported STATIC library 'GTest::gtest'
2026-07-27T15:21:33.2498999Z -- Conan: Target declared alias 'GTest::GTest' for 'GTest::gtest'
2026-07-27T15:21:33.2499303Z -- Conan: Target declared imported STATIC library 'GTest::gtest_main'
2026-07-27T15:21:33.2499583Z -- Conan: Target declared alias 'GTest::Main' for 'GTest::gtest_main'
2026-07-27T15:21:33.2499845Z -- Conan: Target declared imported STATIC library 'GTest::gmock'
2026-07-27T15:21:33.2500113Z -- Conan: Target declared imported STATIC library 'GTest::gmock_main'
2026-07-27T15:21:33.2500383Z -- Conan: Target declared imported INTERFACE library 'gtest::gtest'
2026-07-27T15:21:33.2915966Z -- Configuring done (0.5s)
2026-07-27T15:21:33.3072126Z CMake Warning (dev) in CMakeLists.txt:
2026-07-27T15:21:33.3072497Z   Target "logcraft__core@synth_09c85f8542c6" has source file
2026-07-27T15:21:33.3072728Z 
2026-07-27T15:21:33.3073132Z     /home/runner/work/logcraft/logcraft/.conan2/p/b/logcr108efcce6d6c5/p/include/logcraft_core_modules/api/core.cppm
2026-07-27T15:21:33.3073595Z 
2026-07-27T15:21:33.3073711Z   in a "FILE_SET TYPE CXX_MODULES" multiple times.
2026-07-27T15:21:33.3074065Z This warning is for project developers.  Use -Wno-dev to suppress it.
2026-07-27T15:21:33.3074307Z 
2026-07-27T15:21:33.3148472Z -- Generating done (0.0s)
2026-07-27T15:21:33.3152238Z -- Build files have been written to: /home/runner/work/logcraft/logcraft/core/test_package/build/gcc-15-x86_64-gnu23-release
2026-07-27T15:21:33.3182343Z 
2026-07-27T15:21:33.3182843Z logcraft_core/1.8.4 (test package): Running CMake.build()
2026-07-27T15:21:33.3184973Z logcraft_core/1.8.4 (test package): RUN: cmake --build "/home/runner/work/logcraft/logcraft/core/test_package/build/gcc-15-x86_64-gnu23-release" -- -j8
2026-07-27T15:21:33.4355567Z [1/35] Scanning /home/runner/work/logcraft/logcraft/.conan2/p/coder5604b3e55c296/p/include/coderoast_ipc_core_modules/core.cppm for CXX dependencies
2026-07-27T15:21:33.4400343Z [2/35] Scanning /home/runner/work/logcraft/logcraft/.conan2/p/insig82842a8b34a5d/p/include/insight_canon_modules/canon.spi.cppm for CXX dependencies
2026-07-27T15:21:33.4460582Z [3/35] Scanning /home/runner/work/logcraft/logcraft/.conan2/p/insig82842a8b34a5d/p/include/insight_canon_modules/canon.internal.cppm for CXX dependencies
2026-07-27T15:21:33.4467012Z [4/35] Scanning /home/runner/work/logcraft/logcraft/.conan2/p/insig82842a8b34a5d/p/include/insight_canon_modules/canon.compose.cppm for CXX dependencies
2026-07-27T15:21:33.4473728Z [5/35] Scanning /home/runner/work/logcraft/logcraft/.conan2/p/insig82842a8b34a5d/p/include/insight_canon_modules/canon.cppm for CXX dependencies
2026-07-27T15:21:33.4503498Z [6/35] Scanning /opt/gcc-15.3/include/c++/15.3.0/bits/std.compat.cc for CXX dependencies
2026-07-27T15:21:33.4504120Z [7/35] Scanning /home/runner/work/logcraft/logcraft/.conan2/p/insig82842a8b34a5d/p/include/insight_canon_modules/canon.transport.cppm for CXX dependencies
2026-07-27T15:21:33.4516599Z [8/35] Scanning /home/runner/work/logcraft/logcraft/.conan2/p/insig82842a8b34a5d/p/include/insight_canon_modules/conformance/canon.conformance.cppm for CXX dependencies
2026-07-27T15:21:33.6004689Z [9/35] Scanning /home/runner/work/logcraft/logcraft/.conan2/p/insig82842a8b34a5d/p/include/insight_canon_modules/canon.api.cppm for CXX dependencies
2026-07-27T15:21:33.6329401Z [10/35] Scanning /opt/gcc-15.3/include/c++/15.3.0/bits/std.cc for CXX dependencies
2026-07-27T15:21:33.6376505Z [11/35] Generating CXX dyndep file CMakeFiles/__cmake_cxx_std_23.dir/CXX.dd
2026-07-27T15:21:33.6424799Z [12/35] Generating CXX dyndep file 'CMakeFiles/coderoast__ipc__core@synth_09c85f8542c6.dir/CXX.dd'
2026-07-27T15:21:33.6433215Z [13/35] Generating CXX dyndep file 'CMakeFiles/insight__canon@synth_09c85f8542c6.dir/CXX.dd'
2026-07-27T15:21:33.6511415Z [14/35] Scanning /home/runner/work/logcraft/logcraft/.conan2/p/coder81e7ceb433d0f/p/include/coderoast_ipc_producer_modules/producer.cppm for CXX dependencies
2026-07-27T15:21:33.6517743Z [15/35] Scanning /home/runner/work/logcraft/logcraft/.conan2/p/insig5c59307a54f55/p/include/insight_semantic_github_modules/github.cppm for CXX dependencies
2026-07-27T15:21:33.6552285Z [16/35] Generating CXX dyndep file 'CMakeFiles/coderoast__ipc__producer@synth_09c85f8542c6.dir/CXX.dd'
2026-07-27T15:21:33.6557560Z [17/35] Generating CXX dyndep file 'CMakeFiles/insight__semantic_github@synth_09c85f8542c6.dir/CXX.dd'
2026-07-27T15:21:33.6680551Z [18/35] Scanning /home/runner/work/logcraft/logcraft/.conan2/p/b/logcr108efcce6d6c5/p/include/logcraft_core_modules/api/core.api-timeline.cppm for CXX dependencies
2026-07-27T15:21:33.6681952Z [19/35] Scanning /home/runner/work/logcraft/logcraft/.conan2/p/b/logcr108efcce6d6c5/p/include/logcraft_core_modules/api/core.api-engine.cppm for CXX dependencies
2026-07-27T15:21:33.6684229Z [20/35] Scanning /home/runner/work/logcraft/logcraft/.conan2/p/b/logcr108efcce6d6c5/p/include/logcraft_core_modules/api/core.api-agent.cppm for CXX dependencies
2026-07-27T15:21:33.6685276Z [21/35] Scanning /home/runner/work/logcraft/logcraft/.conan2/p/b/logcr108efcce6d6c5/p/include/logcraft_core_modules/api/core.api-intent_library.cppm for CXX dependencies
2026-07-27T15:21:33.6686331Z [22/35] Scanning /home/runner/work/logcraft/logcraft/.conan2/p/b/logcr108efcce6d6c5/p/include/logcraft_core_modules/api/core.api-scenario.cppm for CXX dependencies
2026-07-27T15:21:33.6688286Z [23/35] Scanning /home/runner/work/logcraft/logcraft/.conan2/p/b/logcr108efcce6d6c5/p/include/logcraft_core_modules/api/core.api-output.cppm for CXX dependencies
2026-07-27T15:21:33.6734770Z [24/35] Scanning /home/runner/work/logcraft/logcraft/.conan2/p/b/logcr108efcce6d6c5/p/include/logcraft_core_modules/api/core.api-value.cppm for CXX dependencies
2026-07-27T15:21:33.6742024Z [25/35] Scanning /home/runner/work/logcraft/logcraft/.conan2/p/b/logcr108efcce6d6c5/p/include/logcraft_core_modules/api/core.api.cppm for CXX dependencies
2026-07-27T15:21:33.6748378Z [26/35] Scanning /home/runner/work/logcraft/logcraft/.conan2/p/b/logcr108efcce6d6c5/p/include/logcraft_core_modules/api/core.cppm for CXX dependencies
2026-07-27T15:21:33.6749199Z [27/35] Scanning /home/runner/work/logcraft/logcraft/.conan2/p/b/logcr108efcce6d6c5/p/include/logcraft_core_modules/src/core.internal.cppm for CXX dependencies
2026-07-27T15:21:33.6812251Z [28/35] Generating CXX dyndep file 'CMakeFiles/logcraft__core@synth_09c85f8542c6.dir/CXX.dd'
2026-07-27T15:21:33.8400990Z [29/35] Scanning /home/runner/work/logcraft/logcraft/core/test_package/test_package.cpp for CXX dependencies
2026-07-27T15:21:33.8453254Z [30/35] Generating CXX dyndep file CMakeFiles/logcraft_core_test_package.dir/CXX.dd
2026-07-27T15:21:36.5718378Z [31/45] Building CXX object CMakeFiles/__cmake_cxx_std_23.dir/opt/gcc-15.3/include/c++/15.3.0/bits/std.cc.o
2026-07-27T15:21:36.5994901Z [32/45] Building CXX object 'CMakeFiles/logcraft__core@synth_09c85f8542c6.dir/6fd33a7c8150.bmi'
2026-07-27T15:21:36.6226456Z [33/45] Building CXX object 'CMakeFiles/logcraft__core@synth_09c85f8542c6.dir/8f0ebcbde9ca.bmi'
2026-07-27T15:21:36.7917851Z [34/45] Building CXX object CMakeFiles/__cmake_cxx_std_23.dir/opt/gcc-15.3/include/c++/15.3.0/bits/std.compat.cc.o
2026-07-27T15:21:36.8485897Z [35/45] Linking CXX static library lib__cmake_cxx_std_23.a
2026-07-27T15:21:36.9220544Z [36/45] Building CXX object 'CMakeFiles/logcraft__core@synth_09c85f8542c6.dir/b90358102672.bmi'
2026-07-27T15:21:37.0029257Z [37/45] Building CXX object 'CMakeFiles/logcraft__core@synth_09c85f8542c6.dir/b5820a7ee0c2.bmi'
2026-07-27T15:21:37.3133425Z [38/45] Building CXX object 'CMakeFiles/logcraft__core@synth_09c85f8542c6.dir/4e8067bd3605.bmi'
2026-07-27T15:21:37.6240412Z [39/45] Building CXX object 'CMakeFiles/logcraft__core@synth_09c85f8542c6.dir/ca9e28602420.bmi'
2026-07-27T15:21:38.1556490Z [40/45] Building CXX object 'CMakeFiles/logcraft__core@synth_09c85f8542c6.dir/2d18c5a26540.bmi'
2026-07-27T15:21:38.5127639Z [41/45] Building CXX object 'CMakeFiles/logcraft__core@synth_09c85f8542c6.dir/6003e703a235.bmi'
2026-07-27T15:21:39.0900634Z [42/45] Building CXX object 'CMakeFiles/logcraft__core@synth_09c85f8542c6.dir/b4b839a23708.bmi'
2026-07-27T15:21:39.5232183Z [43/45] Building CXX object 'CMakeFiles/logcraft__core@synth_09c85f8542c6.dir/7aa21e2881d5.bmi'
2026-07-27T15:21:42.4913969Z [44/45] Building CXX object CMakeFiles/logcraft_core_test_package.dir/test_package.cpp.o
2026-07-27T15:21:42.6590203Z [45/45] Linking CXX executable logcraft_core_test_package
2026-07-27T15:21:42.6613909Z 
2026-07-27T15:21:42.6613983Z 
2026-07-27T15:21:42.6614892Z ======== Testing the package: Executing test ========
2026-07-27T15:21:42.6615245Z logcraft_core/1.8.4 (test package): Running test()
2026-07-27T15:21:42.6619067Z logcraft_core/1.8.4 (test package): RUN: ctest --parallel 8 --output-on-failure
2026-07-27T15:21:42.7688141Z Test project /home/runner/work/logcraft/logcraft/core/test_package/build/gcc-15-x86_64-gnu23-release
2026-07-27T15:21:42.7692031Z     Start 1: ScenarioLoaderConsumerTest.ParsesPublicScenarioApi
2026-07-27T15:21:42.7700811Z     Start 2: EngineApiConsumerTest.LoadsScenarioAndHandlesLifecycle
2026-07-27T15:21:42.7717322Z 1/2 Test #1: ScenarioLoaderConsumerTest.ParsesPublicScenarioApi .......   Passed    0.00 sec
2026-07-27T15:21:43.2889405Z 2/2 Test #2: EngineApiConsumerTest.LoadsScenarioAndHandlesLifecycle ...   Passed    0.52 sec
2026-07-27T15:21:43.2892109Z 
2026-07-27T15:21:43.2892437Z 100% tests passed, 0 tests failed out of 2
2026-07-27T15:21:43.2892579Z 
2026-07-27T15:21:43.2892649Z Total Test time (real) =   0.52 sec
2026-07-27T15:21:43.2919783Z 
2026-07-27T15:21:43.3340128Z ##[endgroup]
2026-07-27T15:21:48.9516084Z Post job cleanup.
2026-07-27T15:21:48.9580679Z Post job cleanup.
2026-07-27T15:21:52.8571235Z Post job cleanup.
2026-07-27T15:21:53.0211960Z [command]/usr/bin/tar --posix -cf cache.tzst --exclude cache.tzst -P -C /home/runner/work/logcraft/logcraft --files-from manifest.txt --use-compress-program zstdmt
2026-07-27T15:21:57.2087565Z Sent 0 of 577699910 (0.0%), 0.0 MBs/sec
2026-07-27T15:21:58.2081689Z Sent 0 of 577699910 (0.0%), 0.0 MBs/sec
2026-07-27T15:21:59.2090036Z Sent 0 of 577699910 (0.0%), 0.0 MBs/sec
2026-07-27T15:22:00.2092391Z Sent 0 of 577699910 (0.0%), 0.0 MBs/sec
2026-07-27T15:22:01.2098088Z Sent 0 of 577699910 (0.0%), 0.0 MBs/sec
2026-07-27T15:22:02.2094342Z Sent 0 of 577699910 (0.0%), 0.0 MBs/sec
2026-07-27T15:22:03.2091846Z Sent 0 of 577699910 (0.0%), 0.0 MBs/sec
2026-07-27T15:22:04.2101060Z Sent 0 of 577699910 (0.0%), 0.0 MBs/sec
2026-07-27T15:22:05.2107503Z Sent 0 of 577699910 (0.0%), 0.0 MBs/sec
2026-07-27T15:22:06.2122854Z Sent 0 of 577699910 (0.0%), 0.0 MBs/sec
2026-07-27T15:22:07.2127245Z Sent 0 of 577699910 (0.0%), 0.0 MBs/sec
2026-07-27T15:22:08.2124165Z Sent 0 of 577699910 (0.0%), 0.0 MBs/sec
2026-07-27T15:22:09.2129861Z Sent 0 of 577699910 (0.0%), 0.0 MBs/sec
2026-07-27T15:22:10.2141476Z Sent 0 of 577699910 (0.0%), 0.0 MBs/sec
2026-07-27T15:22:11.2142085Z Sent 0 of 577699910 (0.0%), 0.0 MBs/sec
2026-07-27T15:22:12.2148928Z Sent 0 of 577699910 (0.0%), 0.0 MBs/sec
2026-07-27T15:22:13.2143706Z Sent 0 of 577699910 (0.0%), 0.0 MBs/sec
2026-07-27T15:22:14.2149541Z Sent 0 of 577699910 (0.0%), 0.0 MBs/sec
2026-07-27T15:22:15.2154933Z Sent 0 of 577699910 (0.0%), 0.0 MBs/sec
2026-07-27T15:22:16.2159464Z Sent 0 of 577699910 (0.0%), 0.0 MBs/sec
2026-07-27T15:22:17.2161639Z Sent 0 of 577699910 (0.0%), 0.0 MBs/sec
2026-07-27T15:22:18.2168134Z Sent 0 of 577699910 (0.0%), 0.0 MBs/sec
2026-07-27T15:22:19.2170445Z Sent 0 of 577699910 (0.0%), 0.0 MBs/sec
2026-07-27T15:22:20.2168124Z Sent 0 of 577699910 (0.0%), 0.0 MBs/sec
2026-07-27T15:22:21.2163685Z Sent 0 of 577699910 (0.0%), 0.0 MBs/sec
2026-07-27T15:22:22.2166285Z Sent 0 of 577699910 (0.0%), 0.0 MBs/sec
2026-07-27T15:22:23.2164175Z Sent 0 of 577699910 (0.0%), 0.0 MBs/sec
2026-07-27T15:22:24.2164673Z Sent 0 of 577699910 (0.0%), 0.0 MBs/sec
2026-07-27T15:22:25.2162413Z Sent 0 of 577699910 (0.0%), 0.0 MBs/sec
2026-07-27T15:22:26.2161879Z Sent 0 of 577699910 (0.0%), 0.0 MBs/sec
2026-07-27T15:22:27.2170533Z Sent 0 of 577699910 (0.0%), 0.0 MBs/sec
2026-07-27T15:22:28.2174315Z Sent 0 of 577699910 (0.0%), 0.0 MBs/sec
2026-07-27T15:22:29.2180549Z Sent 0 of 577699910 (0.0%), 0.0 MBs/sec
2026-07-27T15:22:30.2183757Z Sent 0 of 577699910 (0.0%), 0.0 MBs/sec
2026-07-27T15:22:31.2186994Z Sent 0 of 577699910 (0.0%), 0.0 MBs/sec
2026-07-27T15:22:32.2187664Z Sent 0 of 577699910 (0.0%), 0.0 MBs/sec
2026-07-27T15:22:33.2184401Z Sent 0 of 577699910 (0.0%), 0.0 MBs/sec
2026-07-27T15:22:34.2185056Z Sent 0 of 577699910 (0.0%), 0.0 MBs/sec
2026-07-27T15:22:35.2188496Z Sent 0 of 577699910 (0.0%), 0.0 MBs/sec
2026-07-27T15:22:36.2184621Z Sent 0 of 577699910 (0.0%), 0.0 MBs/sec
2026-07-27T15:22:37.2184775Z Sent 0 of 577699910 (0.0%), 0.0 MBs/sec
2026-07-27T15:22:38.2181601Z Sent 0 of 577699910 (0.0%), 0.0 MBs/sec
2026-07-27T15:22:39.2185471Z Sent 0 of 577699910 (0.0%), 0.0 MBs/sec
2026-07-27T15:22:40.2189939Z Sent 0 of 577699910 (0.0%), 0.0 MBs/sec
2026-07-27T15:22:41.2197711Z Sent 0 of 577699910 (0.0%), 0.0 MBs/sec
2026-07-27T15:22:42.2196587Z Sent 0 of 577699910 (0.0%), 0.0 MBs/sec
2026-07-27T15:22:43.2193627Z Sent 67108864 of 577699910 (11.6%), 1.4 MBs/sec
2026-07-27T15:22:44.2193456Z Sent 268435456 of 577699910 (46.5%), 5.3 MBs/sec
2026-07-27T15:22:45.2193507Z Sent 268435456 of 577699910 (46.5%), 5.2 MBs/sec
2026-07-27T15:22:46.2196709Z Sent 268435456 of 577699910 (46.5%), 5.1 MBs/sec
2026-07-27T15:22:47.2197667Z Sent 402653184 of 577699910 (69.7%), 7.5 MBs/sec
2026-07-27T15:22:48.2197381Z Sent 469762048 of 577699910 (81.3%), 8.6 MBs/sec
2026-07-27T15:22:49.2196409Z Sent 536870912 of 577699910 (92.9%), 9.7 MBs/sec
2026-07-27T15:22:50.2197264Z Sent 536870912 of 577699910 (92.9%), 9.5 MBs/sec
2026-07-27T15:22:50.9643456Z Sent 577699910 of 577699910 (100.0%), 10.1 MBs/sec
2026-07-27T15:22:51.4900466Z Cache saved with key: conan-gcc153-Linux-bd4c223fc427e699bca50edf33ff1aca2e46ae85773d14d30563ca5045b7446e
2026-07-27T15:22:51.5116026Z Post job cleanup.
2026-07-27T15:22:51.5157982Z Post job cleanup.
2026-07-27T15:22:51.6076189Z [command]/usr/bin/git version
2026-07-27T15:22:51.6138294Z git version 2.43.0
2026-07-27T15:22:51.6170092Z Copying '/home/runner/.gitconfig' to '/home/runner/work/_temp/42f29479-5995-4afb-9ae1-154174e26ba8/.gitconfig'
2026-07-27T15:22:51.6180516Z Temporarily overriding HOME='/home/runner/work/_temp/42f29479-5995-4afb-9ae1-154174e26ba8' before making global git config changes
2026-07-27T15:22:51.6181149Z Adding repository directory to the temporary git global config as a safe directory
2026-07-27T15:22:51.6184073Z [command]/usr/bin/git config --global --add safe.directory /home/runner/work/logcraft/logcraft
2026-07-27T15:22:51.6287145Z [command]/usr/bin/git config --local --name-only --get-regexp core\.sshCommand
2026-07-27T15:22:51.6318597Z [command]/usr/bin/git submodule foreach --recursive sh -c "git config --local --name-only --get-regexp 'core\.sshCommand' && git config --local --unset-all 'core.sshCommand' || :"
2026-07-27T15:22:51.6592134Z [command]/usr/bin/git config --local --name-only --get-regexp http\.https\:\/\/github\.com\/\.extraheader
2026-07-27T15:22:51.6615379Z http.https://github.com/.extraheader
2026-07-27T15:22:51.6625163Z [command]/usr/bin/git config --local --unset-all http.https://github.com/.extraheader
2026-07-27T15:22:51.6658220Z [command]/usr/bin/git submodule foreach --recursive sh -c "git config --local --name-only --get-regexp 'http\.https\:\/\/github\.com\/\.extraheader' && git config --local --unset-all 'http.https://github.com/.extraheader' || :"
2026-07-27T15:22:51.6923649Z [command]/usr/bin/git config --local --name-only --get-regexp ^includeIf\.gitdir:
2026-07-27T15:22:51.6953495Z [command]/usr/bin/git submodule foreach --recursive git config --local --show-origin --name-only --get-regexp remote.origin.url
2026-07-27T15:22:51.7360828Z Cleaning up orphan processes
