2026-07-22T10:33:56.3993717Z Current runner version: '2.335.1'
2026-07-22T10:33:56.3998958Z Runner name: 'ci-runner'
2026-07-22T10:33:56.3999486Z Runner group name: 'default'
2026-07-22T10:33:56.4000507Z Machine name: 'BUILD-NODE-04'
2026-07-22T10:33:56.4003592Z ##[group]GITHUB_TOKEN Permissions
2026-07-22T10:33:56.4005387Z Actions: write
2026-07-22T10:33:56.4005936Z Contents: write
2026-07-22T10:33:56.4006414Z Metadata: read
2026-07-22T10:33:56.4006848Z PullRequests: write
2026-07-22T10:33:56.4007281Z ##[endgroup]
2026-07-22T10:33:56.4008730Z Secret source: Actions
2026-07-22T10:33:56.4009304Z Prepare workflow directory
2026-07-22T10:33:56.4347969Z Prepare all required actions
2026-07-22T10:33:56.4375291Z Getting action download info
2026-07-22T10:33:56.8758588Z Download action repository 'CodeRoasted/malf-toolchain@main' (SHA:02a7d9c258e57131dea27a19ca4a77f20cb1527e)
2026-07-22T10:33:57.3192671Z Getting action download info
2026-07-22T10:33:57.5038142Z Download action repository 'actions/checkout@v5' (SHA:fbc6f3992d24b796d5a048ff273f7fcc4a7b6c09)
2026-07-22T10:33:58.0439676Z Getting action download info
2026-07-22T10:33:58.2215444Z Download action repository 'conan-io/setup-conan@v1' (SHA:ed3942a6883243f4af84e13e49c972f9440fa1c2)
2026-07-22T10:33:58.5017686Z Download action repository 'actions/cache@v5' (SHA:caa296126883cff596d87d8935842f9db880ef25)
2026-07-22T10:33:59.2107011Z Getting action download info
2026-07-22T10:33:59.3708965Z Download action repository 'actions/cache@v5.0.3' (SHA:cdf6c1fa76f9f475f3d7449005a359c84ca0f306)
2026-07-22T10:34:00.2831510Z Getting action download info
2026-07-22T10:34:01.0965628Z Download action repository 'actions/upload-artifact@v7' (SHA:043fb46d1a93c77aae656e7c1c64a875d1fc6a0a)
2026-07-22T10:34:02.0490364Z Uses: CodeRoasted/malf-toolchain/.github/workflows/coderoast-ci.yml@refs/heads/main (02a7d9c258e57131dea27a19ca4a77f20cb1527e)
2026-07-22T10:34:02.0492986Z ##[group] Inputs
2026-07-22T10:34:02.0493174Z   modules: core
2026-07-22T10:34:02.0493907Z   vendor: coderoast_ipc_core      1.8.3 CodeRoasted/coderoast-ipc public
coderoast_ipc_producer  1.8.3 CodeRoasted/coderoast-ipc public
coderoast_ipc_consumer  1.8.3 CodeRoasted/coderoast-ipc public
insight_canon           1.8.3 CodeRoasted/insight-canon public
insight_semantic_github 1.8.3 CodeRoasted/insight-canon public

2026-07-22T10:34:02.0494647Z   extra-apt: 
2026-07-22T10:34:02.0495377Z   runs-on: ci-local
2026-07-22T10:34:02.0495514Z ##[endgroup]
2026-07-22T10:34:02.0495651Z Complete job name: ci / ci / build
2026-07-22T10:34:02.1069876Z ##[group]Run CodeRoasted/malf-toolchain/.github/actions/coderoast-ci@main
2026-07-22T10:34:02.1070314Z with:
2026-07-22T10:34:02.1071115Z   vendor: coderoast_ipc_core      1.8.3 CodeRoasted/coderoast-ipc public
coderoast_ipc_producer  1.8.3 CodeRoasted/coderoast-ipc public
coderoast_ipc_consumer  1.8.3 CodeRoasted/coderoast-ipc public
insight_canon           1.8.3 CodeRoasted/insight-canon public
insight_semantic_github 1.8.3 CodeRoasted/insight-canon public

2026-07-22T10:34:02.1071874Z   modules: core
2026-07-22T10:34:02.1073396Z   github-token: ***
2026-07-22T10:34:02.1073541Z   fetch-depth: 0
2026-07-22T10:34:02.1073761Z   profile: linux-gcc15-release
2026-07-22T10:34:02.1074031Z ##[endgroup]
2026-07-22T10:34:02.1163406Z ##[group]Run actions/checkout@v5
2026-07-22T10:34:02.1163688Z with:
2026-07-22T10:34:02.1164082Z   fetch-depth: 0
2026-07-22T10:34:02.1164353Z   repository: CodeRoasted/logcraft
2026-07-22T10:34:02.1166406Z   token: ***
2026-07-22T10:34:02.1166938Z   ssh-strict: true
2026-07-22T10:34:02.1167174Z   ssh-user: git
2026-07-22T10:34:02.1167522Z   persist-credentials: true
2026-07-22T10:34:02.1167786Z   clean: true
2026-07-22T10:34:02.1168716Z   sparse-checkout-cone-mode: true
2026-07-22T10:34:02.1169296Z   fetch-tags: false
2026-07-22T10:34:02.1169591Z   show-progress: true
2026-07-22T10:34:02.1170800Z   lfs: false
2026-07-22T10:34:02.1171660Z   submodules: false
2026-07-22T10:34:02.1172247Z   set-safe-directory: true
2026-07-22T10:34:02.1172664Z   allow-unsafe-pr-checkout: false
2026-07-22T10:34:02.1172981Z ##[endgroup]
2026-07-22T10:34:02.2088257Z Syncing repository: CodeRoasted/logcraft
2026-07-22T10:34:02.2089383Z ##[group]Getting Git version info
2026-07-22T10:34:02.2089838Z Working directory is '/home/runner/work/logcraft/logcraft'
2026-07-22T10:34:02.2300393Z [command]/usr/bin/git version
2026-07-22T10:34:02.2333034Z git version 2.43.0
2026-07-22T10:34:02.2347259Z ##[endgroup]
2026-07-22T10:34:02.2358240Z Copying '/home/runner/.gitconfig' to '/home/runner/work/_temp/f4b88805-4fcc-4bbd-a75d-d14dcf6651ad/.gitconfig'
2026-07-22T10:34:02.2367761Z Temporarily overriding HOME='/home/runner/work/_temp/f4b88805-4fcc-4bbd-a75d-d14dcf6651ad' before making global git config changes
2026-07-22T10:34:02.2368739Z Adding repository directory to the temporary git global config as a safe directory
2026-07-22T10:34:02.2371541Z [command]/usr/bin/git config --global --add safe.directory /home/runner/work/logcraft/logcraft
2026-07-22T10:34:02.2405082Z [command]/usr/bin/git config --local --get remote.origin.url
2026-07-22T10:34:02.2424238Z https://github.com/CodeRoasted/logcraft
2026-07-22T10:34:02.2436343Z ##[group]Removing previously created refs, to avoid conflicts
2026-07-22T10:34:02.2439459Z [command]/usr/bin/git rev-parse --symbolic-full-name --verify --quiet HEAD
2026-07-22T10:34:02.2458556Z HEAD
2026-07-22T10:34:02.2493874Z ##[endgroup]
2026-07-22T10:34:02.2495051Z [command]/usr/bin/git submodule status
2026-07-22T10:34:02.2739587Z ##[group]Cleaning the repository
2026-07-22T10:34:02.2742005Z [command]/usr/bin/git clean -ffdx
2026-07-22T10:34:02.2784669Z Removing actionlint
2026-07-22T10:34:02.2791263Z [command]/usr/bin/git reset --hard HEAD
2026-07-22T10:34:02.2986644Z HEAD is now at de8ca19e5 fix(conan): export library/ — the Intent declarations the codegen reads
2026-07-22T10:34:02.2997506Z ##[endgroup]
2026-07-22T10:34:02.2998159Z ##[group]Disabling automatic garbage collection
2026-07-22T10:34:02.3002143Z [command]/usr/bin/git config --local gc.auto 0
2026-07-22T10:34:02.3030112Z ##[endgroup]
2026-07-22T10:34:02.3030589Z ##[group]Setting up auth
2026-07-22T10:34:02.3036202Z [command]/usr/bin/git config --local --name-only --get-regexp core\.sshCommand
2026-07-22T10:34:02.3062881Z [command]/usr/bin/git submodule foreach --recursive sh -c "git config --local --name-only --get-regexp 'core\.sshCommand' && git config --local --unset-all 'core.sshCommand' || :"
2026-07-22T10:34:02.3304760Z [command]/usr/bin/git config --local --name-only --get-regexp http\.https\:\/\/github\.com\/\.extraheader
2026-07-22T10:34:02.3332592Z [command]/usr/bin/git submodule foreach --recursive sh -c "git config --local --name-only --get-regexp 'http\.https\:\/\/github\.com\/\.extraheader' && git config --local --unset-all 'http.https://github.com/.extraheader' || :"
2026-07-22T10:34:02.3566494Z [command]/usr/bin/git config --local --name-only --get-regexp ^includeIf\.gitdir:
2026-07-22T10:34:02.3593319Z [command]/usr/bin/git submodule foreach --recursive git config --local --show-origin --name-only --get-regexp remote.origin.url
2026-07-22T10:34:02.3831057Z [command]/usr/bin/git config --local http.https://github.com/.extraheader AUTHORIZATION: basic ***
2026-07-22T10:34:02.3867501Z ##[endgroup]
2026-07-22T10:34:02.3867989Z ##[group]Fetching the repository
2026-07-22T10:34:02.3878673Z [command]/usr/bin/git -c protocol.version=2 fetch --prune --no-recurse-submodules --unshallow origin +refs/heads/*:refs/remotes/origin/* +refs/tags/*:refs/tags/*
2026-07-22T10:34:03.1755221Z From https://github.com/CodeRoasted/logcraft
2026-07-22T10:34:03.1755833Z  + 0b2ef356c...de8ca19e5 main       -> origin/main  (forced update)
2026-07-22T10:34:03.1757386Z  t [tag update]          v1.8.3     -> v1.8.3
2026-07-22T10:34:03.1787907Z [command]/usr/bin/git tag --list v1.8.3
2026-07-22T10:34:03.1811214Z v1.8.3
2026-07-22T10:34:03.1818674Z [command]/usr/bin/git rev-parse refs/tags/v1.8.3
2026-07-22T10:34:03.1838262Z ee1c59a01c93476165ec72b3df62eedfc07ec3ca
2026-07-22T10:34:03.1849417Z [command]/usr/bin/git -c protocol.version=2 fetch --no-tags --prune --no-recurse-submodules origin +de8ca19e5e0ddde17a811ec08ce8c5148524a5ee:refs/tags/v1.8.3
2026-07-22T10:34:03.1912551Z From https://github.com/CodeRoasted/logcraft
2026-07-22T10:34:03.1913085Z  t [tag update]          de8ca19e5e0ddde17a811ec08ce8c5148524a5ee -> v1.8.3
2026-07-22T10:34:03.1936851Z ##[endgroup]
2026-07-22T10:34:03.1937449Z ##[group]Determining the checkout info
2026-07-22T10:34:03.1938275Z ##[endgroup]
2026-07-22T10:34:03.1938744Z [command]/usr/bin/git sparse-checkout disable
2026-07-22T10:34:03.1976665Z [command]/usr/bin/git config --local --unset-all extensions.worktreeConfig
2026-07-22T10:34:03.2006592Z ##[group]Checking out the ref
2026-07-22T10:34:03.2009878Z [command]/usr/bin/git checkout --progress --force refs/tags/v1.8.3
2026-07-22T10:34:03.2045705Z HEAD is now at de8ca19e5 fix(conan): export library/ — the Intent declarations the codegen reads
2026-07-22T10:34:03.2051127Z ##[endgroup]
2026-07-22T10:34:03.2082751Z [command]/usr/bin/git log -1 --format=%H
2026-07-22T10:34:03.2106328Z de8ca19e5e0ddde17a811ec08ce8c5148524a5ee
2026-07-22T10:34:03.2295963Z ##[group]Run CodeRoasted/malf-toolchain/.github/actions/setup-gcc153@main
2026-07-22T10:34:03.2296836Z with:
2026-07-22T10:34:03.2297158Z   tag: gcc-15.3.0
2026-07-22T10:34:03.2297481Z ##[endgroup]
2026-07-22T10:34:03.2334993Z ##[group]Run set -euo pipefail
2026-07-22T10:34:03.2335545Z [36;1mset -euo pipefail[0m
2026-07-22T10:34:03.2336017Z [36;1m# Derive the per-ISA asset name from the runner's architecture unless the caller pinned one.[0m
2026-07-22T10:34:03.2336633Z [36;1m# The build workflow publishes gcc-<maj.min>-noble-{x64,arm64}.tar.zst as siblings on the same[0m
2026-07-22T10:34:03.2337224Z [36;1m# gcc-<ver> release; pick the one matching THIS runner so a single action serves both ISAs.[0m
2026-07-22T10:34:03.2337718Z [36;1mif [ -z "${ASSET:-}" ]; then[0m
2026-07-22T10:34:03.2338088Z [36;1m  ver="${TAG#gcc-}"; mm="${ver%.*}"   # gcc-15.3.0 -> 15.3.0 -> 15.3[0m
2026-07-22T10:34:03.2338468Z [36;1m  case "$(uname -m)" in[0m
2026-07-22T10:34:03.2338802Z [36;1m    x86_64|amd64) arch=x64 ;;[0m
2026-07-22T10:34:03.2339133Z [36;1m    aarch64|arm64) arch=arm64 ;;[0m
2026-07-22T10:34:03.2339554Z [36;1m    *) echo "::error::setup-gcc153: unsupported arch '$(uname -m)' (no published gcc-15.3 asset)"; exit 1 ;;[0m
2026-07-22T10:34:03.2340033Z [36;1m  esac[0m
2026-07-22T10:34:03.2340567Z [36;1m  ASSET="gcc-${mm}-noble-${arch}.tar.zst"[0m
2026-07-22T10:34:03.2340947Z [36;1m  echo "setup-gcc153: ISA $(uname -m) → asset ${ASSET}"[0m
2026-07-22T10:34:03.2341327Z [36;1mfi[0m
2026-07-22T10:34:03.2341731Z [36;1m# Idempotent on a persistent (self-hosted) runner: /opt/gcc-15.3 survives between jobs, so a[0m
2026-07-22T10:34:03.2342366Z [36;1m# re-provision (download + `sudo tar -C /opt`) is pure waste AND needs sudo — which prompts[0m
2026-07-22T10:34:03.2342890Z [36;1m# for a password on a self-hosted box (the runner user is not in passwordless sudoers). Skip[0m
2026-07-22T10:34:03.2343434Z [36;1m# when the compiler is already present at the required version; the first provision installs.[0m
2026-07-22T10:34:03.2343920Z [36;1mif [ -x /opt/gcc-15.3/bin/g++ ]; then[0m
2026-07-22T10:34:03.2344294Z [36;1m  have=$(/opt/gcc-15.3/bin/g++ -dumpversion 2>/dev/null || echo 0)[0m
2026-07-22T10:34:03.2344717Z [36;1m  case "$have" in[0m
2026-07-22T10:34:03.2344995Z [36;1m    15.3*|15.[4-9]*|1[6-9].*)[0m
2026-07-22T10:34:03.2345396Z [36;1m      echo "gcc $have already at /opt/gcc-15.3 — skipping provision (idempotent skip)"; exit 0 ;;[0m
2026-07-22T10:34:03.2345912Z [36;1m  esac[0m
2026-07-22T10:34:03.2346206Z [36;1mfi[0m
2026-07-22T10:34:03.2346720Z [36;1mbase="https://github.com/${REPO}/releases/download/${TAG}"[0m
2026-07-22T10:34:03.2347101Z [36;1mcd "$RUNNER_TEMP"[0m
2026-07-22T10:34:03.2347509Z [36;1m# Retry the pull: the toolchain layer is ~450 MB and the CDN occasionally drops the[0m
2026-07-22T10:34:03.2348475Z [36;1m# connection mid-download. Wipe partials between attempts so the checksum can't pass[0m
2026-07-22T10:34:03.2348913Z [36;1m# on a truncated file.[0m
2026-07-22T10:34:03.2349211Z [36;1mpulled=""[0m
2026-07-22T10:34:03.2349556Z [36;1mfor attempt in 1 2 3; do[0m
2026-07-22T10:34:03.2349910Z [36;1m  rm -f "$ASSET" "$ASSET.sha256" 2>/dev/null || true[0m
2026-07-22T10:34:03.2350303Z [36;1m  if curl -fsSL -o "$ASSET" "${base}/${ASSET}" \[0m
2026-07-22T10:34:03.2350802Z [36;1m     && curl -fsSL -o "$ASSET.sha256" "${base}/${ASSET}.sha256"; then pulled=1; break; fi[0m
2026-07-22T10:34:03.2351365Z [36;1m  echo "::warning::toolchain download failed (attempt ${attempt}/3) — retrying after backoff"[0m
2026-07-22T10:34:03.2351852Z [36;1m  sleep $((attempt * 10))[0m
2026-07-22T10:34:03.2352162Z [36;1mdone[0m
2026-07-22T10:34:03.2352591Z [36;1m[ -n "$pulled" ] || { echo "::error::toolchain download failed after 3 attempts (network)"; exit 1; }[0m
2026-07-22T10:34:03.2353130Z [36;1m# Verify the published checksum before trusting the archive.[0m
2026-07-22T10:34:03.2353518Z [36;1msha256sum -c "$ASSET.sha256"[0m
2026-07-22T10:34:03.2354047Z [36;1mcommand -v zstd >/dev/null 2>&1 || sudo apt-get install -y zstd[0m
2026-07-22T10:34:03.2354477Z [36;1msudo tar -C /opt -I zstd -xf "$ASSET"[0m
2026-07-22T10:34:03.2354819Z [36;1m# Confirm the compiler is present and ≥15.3 (PR124309 fix).[0m
2026-07-22T10:34:03.2355299Z [36;1mv=$(/opt/gcc-15.3/bin/g++ -dumpversion)[0m
2026-07-22T10:34:03.2355717Z [36;1mecho "Provisioned gcc $v at /opt/gcc-15.3 (from ${REPO}@${TAG})"[0m
2026-07-22T10:34:03.2356256Z [36;1mcase "$v" in 15.3*|15.[4-9]*|1[6-9].*) ;; *) echo "::error::/opt/gcc-15.3 reports $v (<15.3 — PR124309 not fixed)"; exit 1 ;; esac[0m
2026-07-22T10:34:03.2390094Z shell: /usr/bin/bash --noprofile --norc -e -o pipefail {0}
2026-07-22T10:34:03.2390495Z env:
2026-07-22T10:34:03.2390757Z   REPO: CodeRoasted/malf-toolchain
2026-07-22T10:34:03.2391116Z   TAG: gcc-15.3.0
2026-07-22T10:34:03.2391372Z   ASSET: 
2026-07-22T10:34:03.2391596Z ##[endgroup]
2026-07-22T10:34:03.2481871Z setup-gcc153: ISA x86_64 → asset gcc-15.3-noble-x64.tar.zst
2026-07-22T10:34:03.2499958Z gcc 15.3.0 already at /opt/gcc-15.3 — skipping provision (idempotent skip)
2026-07-22T10:34:03.2580267Z ##[group]Run CodeRoasted/malf-toolchain/.github/actions/setup-build-env@main
2026-07-22T10:34:03.2581015Z with:
2026-07-22T10:34:03.2581313Z   profile: linux-gcc15-release
2026-07-22T10:34:03.2581582Z   conan-version: 2.28.1
2026-07-22T10:34:03.2582124Z ##[endgroup]
2026-07-22T10:34:03.2602020Z ##[group]Run set -euo pipefail
2026-07-22T10:34:03.2602433Z [36;1mset -euo pipefail[0m
2026-07-22T10:34:03.2602859Z [36;1m# CONAN_HOME owned here (single definition) — visible to every later step as $CONAN_HOME.[0m
2026-07-22T10:34:03.2603363Z [36;1mecho "CONAN_HOME=$GITHUB_WORKSPACE/.conan2" >> "$GITHUB_ENV"[0m
2026-07-22T10:34:03.2603867Z [36;1m# Idempotent on a persistent (self-hosted) runner: apt state survives between jobs, so the[0m
2026-07-22T10:34:03.2604387Z [36;1m# apt/pip provision is pure waste AND needs sudo → a password prompt on a self-hosted box.[0m
2026-07-22T10:34:03.2604937Z [36;1m# Install only what's actually missing; on a hosted (ephemeral) runner everything is missing[0m
2026-07-22T10:34:03.2605386Z [36;1m# so the full provision still runs.[0m
2026-07-22T10:34:03.2605665Z [36;1mneed_apt=0[0m
2026-07-22T10:34:03.2606096Z [36;1mfor pkg in ninja-build python3-pip build-essential $EXTRA_APT; do[0m
2026-07-22T10:34:03.2606503Z [36;1m  dpkg -s "$pkg" >/dev/null 2>&1 || { need_apt=1; break; }[0m
2026-07-22T10:34:03.2606849Z [36;1mdone[0m
2026-07-22T10:34:03.2607145Z [36;1mif [ "$need_apt" = 1 ]; then[0m
2026-07-22T10:34:03.2607592Z [36;1m  sudo apt-get update[0m
2026-07-22T10:34:03.2608031Z [36;1m  sudo apt-get install -y ninja-build python3-pip build-essential $EXTRA_APT[0m
2026-07-22T10:34:03.2608399Z [36;1melse[0m
2026-07-22T10:34:03.2608855Z [36;1m  echo "apt base (+ extra: '${EXTRA_APT:-none}') already present — skipping apt (idempotent skip)"[0m
2026-07-22T10:34:03.2609269Z [36;1mfi[0m
2026-07-22T10:34:03.2609633Z [36;1m# Pin the dev-validated CMake 4.3.x workspace-wide (dev/CI parity). Repos that arm[0m
2026-07-22T10:34:03.2610152Z [36;1m# `import std` need CXX_MODULE_STD (experimental UUID 451f2fe2 — present only in CMake[0m
2026-07-22T10:34:03.2610630Z [36;1m# 4.3.x); Ubuntu Noble ships 3.28 without that gate. Install only if not already 4.3.x[0m
2026-07-22T10:34:03.2611098Z [36;1m# (the pip install needs sudo → skip it when the pin is already satisfied).[0m
2026-07-22T10:34:03.2611600Z [36;1mcase "$(cmake --version 2>/dev/null | head -1)" in[0m
2026-07-22T10:34:03.2611949Z [36;1m  *" 4.3."*) ;;[0m
2026-07-22T10:34:03.2612340Z [36;1m  *) sudo python3 -m pip install --break-system-packages "cmake==4.3.1"; hash -r ;;[0m
2026-07-22T10:34:03.2612739Z [36;1mesac[0m
2026-07-22T10:34:03.2613070Z [36;1mcase "$(cmake --version | head -1)" in[0m
2026-07-22T10:34:03.2613422Z [36;1m  *" 4.3."*) cmake --version ;;[0m
2026-07-22T10:34:03.2614621Z [36;1m  *) echo "::error::expected CMake 4.3.x (got: $(cmake --version | head -1))"; exit 1 ;;[0m
2026-07-22T10:34:03.2615030Z [36;1mesac[0m
2026-07-22T10:34:03.2646136Z shell: /usr/bin/bash --noprofile --norc -e -o pipefail {0}
2026-07-22T10:34:03.2646633Z env:
2026-07-22T10:34:03.2646883Z   EXTRA_APT: 
2026-07-22T10:34:03.2647200Z ##[endgroup]
2026-07-22T10:34:03.3019267Z apt base (+ extra: 'none') already present — skipping apt (idempotent skip)
2026-07-22T10:34:03.5920856Z cmake version 4.3.1
2026-07-22T10:34:03.5921287Z 
2026-07-22T10:34:03.5921548Z CMake suite maintained and supported by Kitware (kitware.com/cmake).
2026-07-22T10:34:03.6009736Z ##[group]Run conan-io/setup-conan@v1
2026-07-22T10:34:03.6010070Z with:
2026-07-22T10:34:03.6010372Z   version: 2.28.1
2026-07-22T10:34:03.6010720Z   home: /home/runner/work/logcraft/logcraft/.conan2
2026-07-22T10:34:03.6011094Z   cache_packages: false
2026-07-22T10:34:03.6011372Z   profile_detect: false
2026-07-22T10:34:03.6011649Z   python_version: 3.10
2026-07-22T10:34:03.6011939Z   use_venv: false
2026-07-22T10:34:03.6012203Z env:
2026-07-22T10:34:03.6012491Z   CONAN_HOME: /home/runner/work/logcraft/logcraft/.conan2
2026-07-22T10:34:03.6012910Z ##[endgroup]
2026-07-22T10:34:03.6048475Z ##[group]Run if [ -n "2.28.1" ]; then
2026-07-22T10:34:03.6048828Z [36;1mif [ -n "2.28.1" ]; then[0m
2026-07-22T10:34:03.6049149Z [36;1m  conan_version="2.28.1"[0m
2026-07-22T10:34:03.6049622Z [36;1m  if [[ "$conan_version" == 1.* ]]; then[0m
2026-07-22T10:34:03.6050112Z [36;1m    echo "ERROR: Conan 1.x is not supported. Please use Conan 2.x"[0m
2026-07-22T10:34:03.6050451Z [36;1m    exit 1[0m
2026-07-22T10:34:03.6050689Z [36;1m  fi[0m
2026-07-22T10:34:03.6051018Z [36;1mfi[0m
2026-07-22T10:34:03.6081211Z shell: /usr/bin/bash --noprofile --norc -e -o pipefail {0}
2026-07-22T10:34:03.6081547Z env:
2026-07-22T10:34:03.6081937Z   CONAN_HOME: /home/runner/work/logcraft/logcraft/.conan2
2026-07-22T10:34:03.6082316Z ##[endgroup]
2026-07-22T10:34:03.6162239Z ##[group]Run echo "CONAN_HOME=/home/runner/work/logcraft/logcraft/.conan2" >> $GITHUB_ENV
2026-07-22T10:34:03.6162830Z [36;1mecho "CONAN_HOME=/home/runner/work/logcraft/logcraft/.conan2" >> $GITHUB_ENV[0m
2026-07-22T10:34:03.6189152Z shell: /usr/bin/bash --noprofile --norc -e -o pipefail {0}
2026-07-22T10:34:03.6189588Z env:
2026-07-22T10:34:03.6189924Z   CONAN_HOME: /home/runner/work/logcraft/logcraft/.conan2
2026-07-22T10:34:03.6190370Z ##[endgroup]
2026-07-22T10:34:03.6267570Z ##[group]Run PYTHON_CMD=${VENV_PYTHON:-python}
2026-07-22T10:34:03.6268146Z [36;1mPYTHON_CMD=${VENV_PYTHON:-python}[0m
2026-07-22T10:34:03.6268467Z [36;1m$PYTHON_CMD -m pip install --upgrade pip[0m
2026-07-22T10:34:03.6268808Z [36;1mif [ -n "2.28.1" ]; then[0m
2026-07-22T10:34:03.6269164Z [36;1m  $PYTHON_CMD -m pip install conan==2.28.1[0m
2026-07-22T10:34:03.6269492Z [36;1melse[0m
2026-07-22T10:34:03.6269775Z [36;1m  $PYTHON_CMD -m pip install conan[0m
2026-07-22T10:34:03.6270079Z [36;1mfi[0m
2026-07-22T10:34:03.6270428Z [36;1mecho "conan-version=$(conan --version | cut -d' ' -f3)" >> $GITHUB_OUTPUT[0m
2026-07-22T10:34:03.6296267Z shell: /usr/bin/bash --noprofile --norc -e -o pipefail {0}
2026-07-22T10:34:03.6296679Z env:
2026-07-22T10:34:03.6297028Z   CONAN_HOME: /home/runner/work/logcraft/logcraft/.conan2
2026-07-22T10:34:03.6297399Z ##[endgroup]
2026-07-22T10:34:03.8633309Z Requirement already satisfied: pip in /home/runner/venvs/common/lib/python3.12/site-packages (26.1.2)
2026-07-22T10:34:04.2854657Z Requirement already satisfied: conan==2.28.1 in /home/runner/venvs/common/lib/python3.12/site-packages (2.28.1)
2026-07-22T10:34:04.2861567Z Requirement already satisfied: requests<3.0.0,>=2.25 in /home/runner/venvs/common/lib/python3.12/site-packages (from conan==2.28.1) (2.33.1)
2026-07-22T10:34:04.2864795Z Requirement already satisfied: urllib3<3.0,>=1.26.6 in /home/runner/venvs/common/lib/python3.12/site-packages (from conan==2.28.1) (2.6.3)
2026-07-22T10:34:04.2867794Z Requirement already satisfied: colorama<0.5.0,>=0.4.3 in /home/runner/venvs/common/lib/python3.12/site-packages (from conan==2.28.1) (0.4.6)
2026-07-22T10:34:04.2871126Z Requirement already satisfied: PyYAML<7.0,>=6.0 in /home/runner/venvs/common/lib/python3.12/site-packages (from conan==2.28.1) (6.0.3)
2026-07-22T10:34:04.2874207Z Requirement already satisfied: patch-ng<1.20,>=1.18.0 in /home/runner/venvs/common/lib/python3.12/site-packages (from conan==2.28.1) (1.18.1)
2026-07-22T10:34:04.2876875Z Requirement already satisfied: fasteners>=0.15 in /home/runner/venvs/common/lib/python3.12/site-packages (from conan==2.28.1) (0.20)
2026-07-22T10:34:04.2880101Z Requirement already satisfied: Jinja2<4.0.0,>=3.0 in /home/runner/venvs/common/lib/python3.12/site-packages (from conan==2.28.1) (3.1.6)
2026-07-22T10:34:04.2883318Z Requirement already satisfied: python-dateutil<3,>=2.8.0 in /home/runner/venvs/common/lib/python3.12/site-packages (from conan==2.28.1) (2.9.0.post0)
2026-07-22T10:34:04.2887826Z Requirement already satisfied: distro<2.0.0,>=1.4.0 in /home/runner/venvs/common/lib/python3.12/site-packages (from conan==2.28.1) (1.9.0)
2026-07-22T10:34:04.2905857Z Requirement already satisfied: MarkupSafe>=2.0 in /home/runner/venvs/common/lib/python3.12/site-packages (from Jinja2<4.0.0,>=3.0->conan==2.28.1) (3.0.3)
2026-07-22T10:34:04.2914676Z Requirement already satisfied: six>=1.5 in /home/runner/venvs/common/lib/python3.12/site-packages (from python-dateutil<3,>=2.8.0->conan==2.28.1) (1.17.0)
2026-07-22T10:34:04.2923683Z Requirement already satisfied: charset_normalizer<4,>=2 in /home/runner/venvs/common/lib/python3.12/site-packages (from requests<3.0.0,>=2.25->conan==2.28.1) (3.4.7)
2026-07-22T10:34:04.2926395Z Requirement already satisfied: idna<4,>=2.5 in /home/runner/venvs/common/lib/python3.12/site-packages (from requests<3.0.0,>=2.25->conan==2.28.1) (3.11)
2026-07-22T10:34:04.2930168Z Requirement already satisfied: certifi>=2023.5.7 in /home/runner/venvs/common/lib/python3.12/site-packages (from requests<3.0.0,>=2.25->conan==2.28.1) (2026.2.25)
2026-07-22T10:34:04.5603107Z ##[group]Run echo "conan-home=$(conan config home)" >> $GITHUB_OUTPUT
2026-07-22T10:34:04.5603554Z [36;1mecho "conan-home=$(conan config home)" >> $GITHUB_OUTPUT[0m
2026-07-22T10:34:04.5633724Z shell: /usr/bin/bash --noprofile --norc -e -o pipefail {0}
2026-07-22T10:34:04.5634097Z env:
2026-07-22T10:34:04.5634513Z   CONAN_HOME: /home/runner/work/logcraft/logcraft/.conan2
2026-07-22T10:34:04.5634901Z ##[endgroup]
2026-07-22T10:34:04.7583548Z ##[group]Run set -euo pipefail
2026-07-22T10:34:04.7584077Z [36;1mset -euo pipefail[0m
2026-07-22T10:34:04.7584493Z [36;1m# The profile + global.conf live ONCE in this toolchain repo (no per-repo vendored copy).[0m
2026-07-22T10:34:04.7584985Z [36;1m# Stage both into the workspace under .malf-toolchain/ so the cache key below hashes them[0m
2026-07-22T10:34:04.7585786Z [36;1m# (hashFiles is workspace-relative); they are installed into $CONAN_HOME in the step after[0m
2026-07-22T10:34:04.7586327Z [36;1m# cache. global.conf carries the package_id policy — hashing it means a policy change (e.g.[0m
2026-07-22T10:34:04.7586977Z [36;1m# a package_id mode) BUSTS the binary cache (its package_ids are recomputed anyway), and the[0m
2026-07-22T10:34:04.7587517Z [36;1m# post-cache install below OVERWRITES a stale cached copy. Without this a PERSISTENT/restored[0m
2026-07-22T10:34:04.7588053Z [36;1m# conan home shadows the policy forever (the stale-binary ABI-skew segfault, bugs.md 2026-07-10).[0m
2026-07-22T10:34:04.7588548Z [36;1mmkdir -p "$GITHUB_WORKSPACE/.malf-toolchain"[0m
2026-07-22T10:34:04.7588962Z [36;1mcp "$ACTION_PATH/../../../profiles/$PROFILE" "$GITHUB_WORKSPACE/.malf-toolchain/$PROFILE"[0m
2026-07-22T10:34:04.7589436Z [36;1mcp "$ACTION_PATH/../../../global.conf" "$GITHUB_WORKSPACE/.malf-toolchain/global.conf"[0m
2026-07-22T10:34:04.7619662Z shell: /usr/bin/bash --noprofile --norc -e -o pipefail {0}
2026-07-22T10:34:04.7620097Z env:
2026-07-22T10:34:04.7620453Z   CONAN_HOME: /home/runner/work/logcraft/logcraft/.conan2
2026-07-22T10:34:04.7620865Z   PROFILE: linux-gcc15-release
2026-07-22T10:34:04.7621376Z   ACTION_PATH: /home/runner/work/_actions/CodeRoasted/malf-toolchain/main/.github/actions/setup-build-env
2026-07-22T10:34:04.7621840Z ##[endgroup]
2026-07-22T10:34:04.9793881Z ##[group]Run actions/cache@v5
2026-07-22T10:34:04.9794229Z with:
2026-07-22T10:34:04.9794671Z   path: /home/runner/work/logcraft/logcraft/.conan2
2026-07-22T10:34:04.9795291Z   key: conan-gcc153-Linux-6006e8a1b9c69107b5259771ede488e414dc2bdfa9bcbea97f0b309bdd765488
2026-07-22T10:34:04.9795771Z   restore-keys: conan-gcc153-Linux-

2026-07-22T10:34:04.9796243Z   enableCrossOsArchive: false
2026-07-22T10:34:04.9796600Z   fail-on-cache-miss: false
2026-07-22T10:34:04.9796894Z   lookup-only: false
2026-07-22T10:34:04.9797561Z   save-always: false
2026-07-22T10:34:04.9797827Z env:
2026-07-22T10:34:04.9798634Z   CONAN_HOME: /home/runner/work/logcraft/logcraft/.conan2
2026-07-22T10:34:04.9799038Z ##[endgroup]
2026-07-22T10:34:05.4729564Z Cache hit for restore-key: conan-gcc153-Linux-917cf3919724f80ae706f68b2a43634c05716645a69799fdc143e115ff4c3ec8
2026-07-22T10:34:06.9098183Z Received 0 of 524373486 (0.0%), 0.0 MBs/sec
2026-07-22T10:34:07.9091574Z Received 0 of 524373486 (0.0%), 0.0 MBs/sec
2026-07-22T10:34:08.9097870Z Received 12582912 of 524373486 (2.4%), 4.0 MBs/sec
2026-07-22T10:34:09.9090534Z Received 25165824 of 524373486 (4.8%), 6.0 MBs/sec
2026-07-22T10:34:10.9090508Z Received 41943040 of 524373486 (8.0%), 8.0 MBs/sec
2026-07-22T10:34:11.9098968Z Received 54525952 of 524373486 (10.4%), 8.7 MBs/sec
2026-07-22T10:34:12.9100642Z Received 62914560 of 524373486 (12.0%), 8.6 MBs/sec
2026-07-22T10:34:13.9099442Z Received 88080384 of 524373486 (16.8%), 10.5 MBs/sec
2026-07-22T10:34:14.9102810Z Received 96468992 of 524373486 (18.4%), 10.2 MBs/sec
2026-07-22T10:34:15.9110159Z Received 117440512 of 524373486 (22.4%), 11.2 MBs/sec
2026-07-22T10:34:16.9113039Z Received 134217728 of 524373486 (25.6%), 11.6 MBs/sec
2026-07-22T10:34:17.9109581Z Received 134217728 of 524373486 (25.6%), 10.7 MBs/sec
2026-07-22T10:34:18.9110433Z Received 142606336 of 524373486 (27.2%), 10.5 MBs/sec
2026-07-22T10:34:19.9110549Z Received 167772160 of 524373486 (32.0%), 11.4 MBs/sec
2026-07-22T10:34:20.9110360Z Received 167772160 of 524373486 (32.0%), 10.7 MBs/sec
2026-07-22T10:34:21.9119583Z Received 188743680 of 524373486 (36.0%), 11.2 MBs/sec
2026-07-22T10:34:22.9129974Z Received 205520896 of 524373486 (39.2%), 11.5 MBs/sec
2026-07-22T10:34:23.9131111Z Received 222298112 of 524373486 (42.4%), 11.8 MBs/sec
2026-07-22T10:34:24.9130368Z Received 230686720 of 524373486 (44.0%), 11.6 MBs/sec
2026-07-22T10:34:25.9136571Z Received 255852544 of 524373486 (48.8%), 12.2 MBs/sec
2026-07-22T10:34:26.9130066Z Received 268435456 of 524373486 (51.2%), 12.2 MBs/sec
2026-07-22T10:34:27.9135018Z Received 268435456 of 524373486 (51.2%), 11.6 MBs/sec
2026-07-22T10:34:28.9130168Z Received 293601280 of 524373486 (56.0%), 12.2 MBs/sec
2026-07-22T10:34:29.9130551Z Received 301989888 of 524373486 (57.6%), 12.0 MBs/sec
2026-07-22T10:34:30.9129390Z Received 310378496 of 524373486 (59.2%), 11.8 MBs/sec
2026-07-22T10:34:31.9135188Z Received 331350016 of 524373486 (63.2%), 12.2 MBs/sec
2026-07-22T10:34:32.9136469Z Received 343932928 of 524373486 (65.6%), 12.1 MBs/sec
2026-07-22T10:34:33.9130810Z Received 356515840 of 524373486 (68.0%), 12.1 MBs/sec
2026-07-22T10:34:34.9138166Z Received 369098752 of 524373486 (70.4%), 12.1 MBs/sec
2026-07-22T10:34:35.9137172Z Received 385875968 of 524373486 (73.6%), 12.3 MBs/sec
2026-07-22T10:34:36.9134475Z Received 398458880 of 524373486 (76.0%), 12.3 MBs/sec
2026-07-22T10:34:37.9136300Z Received 402653184 of 524373486 (76.8%), 12.0 MBs/sec
2026-07-22T10:34:38.9132675Z Received 402653184 of 524373486 (76.8%), 11.6 MBs/sec
2026-07-22T10:34:39.9138265Z Received 423624704 of 524373486 (80.8%), 11.9 MBs/sec
2026-07-22T10:34:40.9135754Z Received 427819008 of 524373486 (81.6%), 11.7 MBs/sec
2026-07-22T10:34:41.9140593Z Received 440401920 of 524373486 (84.0%), 11.7 MBs/sec
2026-07-22T10:34:42.9140486Z Received 461373440 of 524373486 (88.0%), 11.9 MBs/sec
2026-07-22T10:34:43.9143720Z Received 473956352 of 524373486 (90.4%), 11.9 MBs/sec
2026-07-22T10:34:44.9147282Z Received 494927872 of 524373486 (94.4%), 12.1 MBs/sec
2026-07-22T10:34:45.9141083Z Received 503401966 of 524373486 (96.0%), 12.0 MBs/sec
2026-07-22T10:34:46.6726640Z Received 524373486 of 524373486 (100.0%), 12.3 MBs/sec
2026-07-22T10:34:46.6727773Z Cache Size: ~500 MB (524373486 B)
2026-07-22T10:34:46.6967853Z [command]/usr/bin/tar -xf /home/runner/work/_temp/c0e68b11-9428-4530-8038-2271da614dc1/cache.tzst -P -C /home/runner/work/logcraft/logcraft --use-compress-program unzstd
2026-07-22T10:34:55.0281207Z Cache restored successfully
2026-07-22T10:34:55.1681971Z Cache restored from key: conan-gcc153-Linux-917cf3919724f80ae706f68b2a43634c05716645a69799fdc143e115ff4c3ec8
2026-07-22T10:34:55.2207373Z ##[group]Run set -euo pipefail
2026-07-22T10:34:55.2207576Z [36;1mset -euo pipefail[0m
2026-07-22T10:34:55.2207755Z [36;1mmkdir -p "$CONAN_HOME/profiles"[0m
2026-07-22T10:34:55.2208043Z [36;1mcp "$GITHUB_WORKSPACE/.malf-toolchain/$PROFILE" "$CONAN_HOME/profiles/$PROFILE"[0m
2026-07-22T10:34:55.2208726Z [36;1m# OVERWRITE global.conf from the source of truth — a cache-restored home may carry a stale[0m
2026-07-22T10:34:55.2209169Z [36;1m# copy (seeded before the current policy). This is the CI counterpart of the malf script's[0m
2026-07-22T10:34:55.2209664Z [36;1m# _malf_sync_global_conf; the package_id policy must always match the in-tree global.conf.[0m
2026-07-22T10:34:55.2210219Z [36;1mcp "$GITHUB_WORKSPACE/.malf-toolchain/global.conf" "$CONAN_HOME/global.conf"[0m
2026-07-22T10:34:55.2246838Z shell: /usr/bin/bash --noprofile --norc -e -o pipefail {0}
2026-07-22T10:34:55.2247060Z env:
2026-07-22T10:34:55.2247280Z   CONAN_HOME: /home/runner/work/logcraft/logcraft/.conan2
2026-07-22T10:34:55.2247549Z   PROFILE: linux-gcc15-release
2026-07-22T10:34:55.2247971Z ##[endgroup]
2026-07-22T10:34:55.2404729Z ##[group]Run CodeRoasted/malf-toolchain/.github/actions/coderoast-vendor@main
2026-07-22T10:34:55.2404986Z with:
2026-07-22T10:34:55.2406002Z   vendor: coderoast_ipc_core      1.8.3 CodeRoasted/coderoast-ipc public
coderoast_ipc_producer  1.8.3 CodeRoasted/coderoast-ipc public
coderoast_ipc_consumer  1.8.3 CodeRoasted/coderoast-ipc public
insight_canon           1.8.3 CodeRoasted/insight-canon public
insight_semantic_github 1.8.3 CodeRoasted/insight-canon public

2026-07-22T10:34:55.2408962Z   github-token: ***
2026-07-22T10:34:55.2409169Z env:
2026-07-22T10:34:55.2409388Z   CONAN_HOME: /home/runner/work/logcraft/logcraft/.conan2
2026-07-22T10:34:55.2409869Z ##[endgroup]
2026-07-22T10:34:55.2428069Z ##[group]Run set -euo pipefail
2026-07-22T10:34:55.2428275Z [36;1mset -euo pipefail[0m
2026-07-22T10:34:55.2428567Z [36;1m# Restore each declared cross-repo dep from its GitHub Release, choosing the token by declared[0m
2026-07-22T10:34:55.2428986Z [36;1m# visibility (public -> GITHUB_TOKEN; private -> CR_RELEASE_TOKEN). The fetch script is[0m
2026-07-22T10:34:55.2429407Z [36;1m# single-sourced with this action (no per-repo copy) and is itself idempotent.[0m
2026-07-22T10:34:55.2429685Z [36;1mwhile IFS= read -r row; do[0m
2026-07-22T10:34:55.2430108Z [36;1m  row="${row%%#*}"                                 # strip trailing comments[0m
2026-07-22T10:34:55.2430486Z [36;1m  # shellcheck disable=SC2086                       # intentional word-split of the manifest row[0m
2026-07-22T10:34:55.2430826Z [36;1m  set -- $row[0m
2026-07-22T10:34:55.2431076Z [36;1m  [ "$#" -ge 1 ] || continue                       # skip blank / comment-only lines[0m
2026-07-22T10:34:55.2431326Z [36;1m  if [ "$#" -lt 4 ]; then[0m
2026-07-22T10:34:55.2431645Z [36;1m    echo "::error::vendor row needs >=4 fields '<pkg> <ver> <owner/repo> <public|private> [tag]', got: $row"[0m
2026-07-22T10:34:55.2432263Z [36;1m    exit 1[0m
2026-07-22T10:34:55.2432434Z [36;1m  fi[0m
2026-07-22T10:34:55.2432607Z [36;1m  pkg="$1"; ver="$2"; repo="$3"; vis="$4"; tag="${5:-}"[0m
2026-07-22T10:34:55.2432839Z [36;1m  case "$vis" in[0m
2026-07-22T10:34:55.2433016Z [36;1m    public)  tok="$GH_PUBLIC_TOKEN" ;;[0m
2026-07-22T10:34:55.2433213Z [36;1m    private) tok="$GH_RELEASE_TOKEN" ;;[0m
2026-07-22T10:34:55.2433509Z [36;1m    *) echo "::error::vendor row '$pkg' has bad visibility '$vis' (want public|private)"; exit 1 ;;[0m
2026-07-22T10:34:55.2433860Z [36;1m  esac[0m
2026-07-22T10:34:55.2434014Z [36;1m  if [ -z "$tok" ]; then[0m
2026-07-22T10:34:55.2434305Z [36;1m    echo "::error::vendor row '$pkg' is '$vis' but coderoast-vendor got no ${vis}-token"; exit 1[0m
2026-07-22T10:34:55.2434588Z [36;1m  fi[0m
2026-07-22T10:34:55.2434794Z [36;1m  echo "coderoast-vendor: vendoring $pkg/$ver from $repo ($vis)"[0m
2026-07-22T10:34:55.2435089Z [36;1m  GH_TOKEN="$tok" bash "$CIFETCH" "$pkg" "$ver" "$repo" ${tag:+"$tag"}[0m
2026-07-22T10:34:55.2435312Z [36;1mdone <<< "$VENDOR"[0m
2026-07-22T10:34:55.2465091Z shell: /usr/bin/bash --noprofile --norc -e -o pipefail {0}
2026-07-22T10:34:55.2465306Z env:
2026-07-22T10:34:55.2465709Z   CONAN_HOME: /home/runner/work/logcraft/logcraft/.conan2
2026-07-22T10:34:55.2466580Z   VENDOR: coderoast_ipc_core      1.8.3 CodeRoasted/coderoast-ipc public
coderoast_ipc_producer  1.8.3 CodeRoasted/coderoast-ipc public
coderoast_ipc_consumer  1.8.3 CodeRoasted/coderoast-ipc public
insight_canon           1.8.3 CodeRoasted/insight-canon public
insight_semantic_github 1.8.3 CodeRoasted/insight-canon public

2026-07-22T10:34:55.2468710Z   GH_PUBLIC_TOKEN: ***
2026-07-22T10:34:55.2468895Z   GH_RELEASE_TOKEN: 
2026-07-22T10:34:55.2469311Z   CIFETCH: /home/runner/work/_actions/CodeRoasted/malf-toolchain/main/.github/actions/coderoast-vendor/ci_fetch_conan_package.sh
2026-07-22T10:34:55.2469717Z ##[endgroup]
2026-07-22T10:34:55.2523285Z coderoast-vendor: vendoring coderoast_ipc_core/1.8.3 from CodeRoasted/coderoast-ipc (public)
2026-07-22T10:34:55.4948507Z ci_fetch_conan_package: downloading coderoast_ipc_core-1.8.3.tgz from CodeRoasted/coderoast-ipc@v1.8.3
2026-07-22T10:34:56.3523549Z ci_fetch_conan_package: restoring /tmp/ci_fetch_conan_package.rGLUGI/coderoast_ipc_core-1.8.3.tgz into CONAN_HOME=/home/runner/work/logcraft/logcraft/.conan2
2026-07-22T10:34:56.5391251Z Restore: coderoast_ipc_core/1.8.3 in coder39f559f24ca38
2026-07-22T10:34:56.5441475Z Restore: coderoast_ipc_core/1.8.3:976572dde09ae4802a96a09ed547708e031572ad in b/coder0cbca5d99929f/p
2026-07-22T10:34:56.5442498Z Restore: coderoast_ipc_core/1.8.3:976572dde09ae4802a96a09ed547708e031572ad metadata in b/coder0cbca5d99929f/d/metadata
2026-07-22T10:34:56.5722715Z ci_fetch_conan_package: coderoast_ipc_core/1.8.3 vendored OK
2026-07-22T10:34:56.5740320Z coderoast-vendor: vendoring coderoast_ipc_producer/1.8.3 from CodeRoasted/coderoast-ipc (public)
2026-07-22T10:34:56.7651924Z ci_fetch_conan_package: downloading coderoast_ipc_producer-1.8.3.tgz from CodeRoasted/coderoast-ipc@v1.8.3
2026-07-22T10:34:57.5873593Z ci_fetch_conan_package: restoring /tmp/ci_fetch_conan_package.gKwbBp/coderoast_ipc_producer-1.8.3.tgz into CONAN_HOME=/home/runner/work/logcraft/logcraft/.conan2
2026-07-22T10:34:57.7658854Z Restore: coderoast_ipc_producer/1.8.3 in codera9698c0e97881
2026-07-22T10:34:57.7714732Z Restore: coderoast_ipc_producer/1.8.3:fc80aeffbd4ec8fb019a975dca81d8576c982531 in b/coder195bbaf8574c0/p
2026-07-22T10:34:57.7715280Z Restore: coderoast_ipc_producer/1.8.3:fc80aeffbd4ec8fb019a975dca81d8576c982531 metadata in b/coder195bbaf8574c0/d/metadata
2026-07-22T10:34:57.7993705Z ci_fetch_conan_package: coderoast_ipc_producer/1.8.3 vendored OK
2026-07-22T10:34:57.8010506Z coderoast-vendor: vendoring coderoast_ipc_consumer/1.8.3 from CodeRoasted/coderoast-ipc (public)
2026-07-22T10:34:57.9921453Z ci_fetch_conan_package: downloading coderoast_ipc_consumer-1.8.3.tgz from CodeRoasted/coderoast-ipc@v1.8.3
2026-07-22T10:34:58.8257978Z ci_fetch_conan_package: restoring /tmp/ci_fetch_conan_package.gvr2sW/coderoast_ipc_consumer-1.8.3.tgz into CONAN_HOME=/home/runner/work/logcraft/logcraft/.conan2
2026-07-22T10:34:59.0387775Z Restore: coderoast_ipc_consumer/1.8.3 in coder07c7b74656428
2026-07-22T10:34:59.0668096Z Restore: coderoast_ipc_consumer/1.8.3:fc80aeffbd4ec8fb019a975dca81d8576c982531 in b/coder8d3498081d73e/p
2026-07-22T10:34:59.0668633Z Restore: coderoast_ipc_consumer/1.8.3:fc80aeffbd4ec8fb019a975dca81d8576c982531 metadata in b/coder8d3498081d73e/d/metadata
2026-07-22T10:34:59.0940122Z ci_fetch_conan_package: coderoast_ipc_consumer/1.8.3 vendored OK
2026-07-22T10:34:59.0958666Z coderoast-vendor: vendoring insight_canon/1.8.3 from CodeRoasted/insight-canon (public)
2026-07-22T10:34:59.3041528Z ci_fetch_conan_package: downloading insight_canon-1.8.3.tgz from CodeRoasted/insight-canon@v1.8.3
2026-07-22T10:35:00.2847696Z ci_fetch_conan_package: restoring /tmp/ci_fetch_conan_package.Dl5cdJ/insight_canon-1.8.3.tgz into CONAN_HOME=/home/runner/work/logcraft/logcraft/.conan2
2026-07-22T10:35:00.5086226Z Restore: insight_canon/1.8.3 in insig960def26d5a31
2026-07-22T10:35:00.5140632Z Restore: insight_canon/1.8.3:b78615a5f087d90c3deb764e78f1e3407b351ad5 in b/insigb6524ad6b70d6/p
2026-07-22T10:35:00.5141309Z Restore: insight_canon/1.8.3:b78615a5f087d90c3deb764e78f1e3407b351ad5 metadata in b/insigb6524ad6b70d6/d/metadata
2026-07-22T10:35:00.5417115Z ci_fetch_conan_package: insight_canon/1.8.3 vendored OK
2026-07-22T10:35:00.5438975Z coderoast-vendor: vendoring insight_semantic_github/1.8.3 from CodeRoasted/insight-canon (public)
2026-07-22T10:35:00.7377915Z ci_fetch_conan_package: downloading insight_semantic_github-1.8.3.tgz from CodeRoasted/insight-canon@v1.8.3
2026-07-22T10:35:01.7083488Z ci_fetch_conan_package: restoring /tmp/ci_fetch_conan_package.4YqHzV/insight_semantic_github-1.8.3.tgz into CONAN_HOME=/home/runner/work/logcraft/logcraft/.conan2
2026-07-22T10:35:01.8836555Z Restore: insight_semantic_github/1.8.3 in insigb225be73208bf
2026-07-22T10:35:01.8894022Z Restore: insight_semantic_github/1.8.3:df942b337ca24eac7d9164e22b217601aa33eb1a in b/insig4190753c42fb5/p
2026-07-22T10:35:01.8894664Z Restore: insight_semantic_github/1.8.3:df942b337ca24eac7d9164e22b217601aa33eb1a metadata in b/insig4190753c42fb5/d/metadata
2026-07-22T10:35:01.9167383Z ci_fetch_conan_package: insight_semantic_github/1.8.3 vendored OK
2026-07-22T10:35:01.9207947Z ##[group]Run : > "$GITHUB_WORKSPACE/build.log"
2026-07-22T10:35:01.9208223Z [36;1m: > "$GITHUB_WORKSPACE/build.log"[0m
2026-07-22T10:35:01.9239840Z shell: /usr/bin/bash --noprofile --norc -e -o pipefail {0}
2026-07-22T10:35:01.9240057Z env:
2026-07-22T10:35:01.9240477Z   CONAN_HOME: /home/runner/work/logcraft/logcraft/.conan2
2026-07-22T10:35:01.9240780Z ##[endgroup]
2026-07-22T10:35:01.9306675Z ##[group]Run set -euo pipefail
2026-07-22T10:35:01.9306867Z [36;1mset -euo pipefail[0m
2026-07-22T10:35:01.9307305Z [36;1m# Build each declared module in order through the single-sourced per-module logic (shared with[0m
2026-07-22T10:35:01.9307733Z [36;1m# the conan-module action). A composite cannot loop a `uses:` step, so the loop calls the[0m
2026-07-22T10:35:01.9308125Z [36;1m# script directly; `set -e` aborts on the first failing module (which the script has already[0m
2026-07-22T10:35:01.9308436Z [36;1m# post-mortemed) exactly as separate steps would.[0m
2026-07-22T10:35:01.9308651Z [36;1mwhile IFS= read -r row; do[0m
2026-07-22T10:35:01.9308818Z [36;1m  row="${row%%#*}"[0m
2026-07-22T10:35:01.9308981Z [36;1m  # shellcheck disable=SC2086[0m
2026-07-22T10:35:01.9309151Z [36;1m  set -- $row[0m
2026-07-22T10:35:01.9309468Z [36;1m  [ "$#" -ge 1 ] || continue[0m
2026-07-22T10:35:01.9309706Z [36;1m  module="$1"; test="${2:-true}"; create="${3:-true}"[0m
2026-07-22T10:35:01.9309992Z [36;1m  shift $(( $# < 3 ? $# : 3 ))   # any remaining fields are extra cmake configure flags[0m
2026-07-22T10:35:01.9310255Z [36;1m  cmake_args="$*"[0m
2026-07-22T10:35:01.9310576Z [36;1m  echo "::group::coderoast-ci: module $module (test=$test create=$create${cmake_args:+ cmake:$cmake_args})"[0m
2026-07-22T10:35:01.9310981Z [36;1m  bash "$CONAN_MODULE" "$module" "$test" "$create" "$PROFILE_NAME" "$cmake_args"[0m
2026-07-22T10:35:01.9311246Z [36;1m  echo "::endgroup::"[0m
2026-07-22T10:35:01.9311406Z [36;1mdone <<< "$MODULES"[0m
2026-07-22T10:35:01.9337793Z shell: /usr/bin/bash --noprofile --norc -e -o pipefail {0}
2026-07-22T10:35:01.9338027Z env:
2026-07-22T10:35:01.9338251Z   CONAN_HOME: /home/runner/work/logcraft/logcraft/.conan2
2026-07-22T10:35:01.9338503Z   MODULES: core
2026-07-22T10:35:01.9338646Z   PROFILE_NAME: linux-gcc15-release
2026-07-22T10:35:01.9339062Z   CONAN_MODULE: /home/runner/work/_actions/CodeRoasted/malf-toolchain/main/.github/actions/coderoast-ci/../conan-module/conan_module.sh
2026-07-22T10:35:01.9339697Z   MALF_LOCKFILE: /home/runner/work/_actions/CodeRoasted/malf-toolchain/main/.github/actions/coderoast-ci/../../../conan.lock
2026-07-22T10:35:01.9340094Z   MALF_LOCKFILE_PARTIAL: 1
2026-07-22T10:35:01.9341135Z   MALF_TOOLCHAIN_DIR: /home/runner/work/_actions/CodeRoasted/malf-toolchain/main/.github/actions/coderoast-ci/../../..
2026-07-22T10:35:01.9343912Z ##[endgroup]
2026-07-22T10:35:01.9389335Z ##[group]coderoast-ci: module core (test=true create=true)
2026-07-22T10:35:01.9404575Z conan_module: using lockfile /home/runner/work/_actions/CodeRoasted/malf-toolchain/main/.github/actions/coderoast-ci/../../../conan.lock --lockfile=/home/runner/work/_actions/CodeRoasted/malf-toolchain/main/.github/actions/coderoast-ci/../../../conan.lock --lockfile-partial
2026-07-22T10:35:02.1032784Z Using lockfile: '/home/runner/work/_actions/CodeRoasted/malf-toolchain/main/.github/actions/coderoast-ci/../../../conan.lock'
2026-07-22T10:35:02.1251073Z 
2026-07-22T10:35:02.1251301Z ======== Input profiles ========
2026-07-22T10:35:02.1251505Z Profile host:
2026-07-22T10:35:02.1251645Z [settings]
2026-07-22T10:35:02.1251772Z arch=x86_64
2026-07-22T10:35:02.1251893Z build_type=Release
2026-07-22T10:35:02.1252055Z compiler=gcc
2026-07-22T10:35:02.1252420Z compiler.cppstd=gnu23
2026-07-22T10:35:02.1252614Z compiler.libcxx=libstdc++11
2026-07-22T10:35:02.1252781Z compiler.version=15
2026-07-22T10:35:02.1252915Z os=Linux
2026-07-22T10:35:02.1253323Z [conf]
2026-07-22T10:35:02.1253477Z tools.build:cflags=['-O3', '-march=x86-64-v2']
2026-07-22T10:35:02.1253685Z tools.build:cxxflags=['-O3', '-march=x86-64-v2']
2026-07-22T10:35:02.1253946Z tools.build:exelinkflags=['-Wl,-rpath,/opt/gcc-15.3/lib64']
2026-07-22T10:35:02.1254210Z tools.build:sharedlinkflags=['-Wl,-rpath,/opt/gcc-15.3/lib64']
2026-07-22T10:35:02.1254481Z tools.cmake.cmakedeps:new=will_break_next
2026-07-22T10:35:02.1254729Z tools.info.package_id:confs=['tools.build:cflags', 'tools.build:cxxflags']
2026-07-22T10:35:02.1254988Z user.malf:editable_build_dir=build-gcc15-release
2026-07-22T10:35:02.1255167Z [buildenv]
2026-07-22T10:35:02.1255289Z CC=/opt/gcc-15.3/bin/gcc
2026-07-22T10:35:02.1255433Z CXX=/opt/gcc-15.3/bin/g++
2026-07-22T10:35:02.1255589Z LD_LIBRARY_PATH=/opt/gcc-15.3/lib64
2026-07-22T10:35:02.1255699Z 
2026-07-22T10:35:02.1255760Z Profile build:
2026-07-22T10:35:02.1255904Z [settings]
2026-07-22T10:35:02.1256020Z arch=x86_64
2026-07-22T10:35:02.1256145Z build_type=Release
2026-07-22T10:35:02.1256274Z compiler=gcc
2026-07-22T10:35:02.1256407Z compiler.cppstd=gnu23
2026-07-22T10:35:02.1256558Z compiler.libcxx=libstdc++11
2026-07-22T10:35:02.1256703Z compiler.version=15
2026-07-22T10:35:02.1256829Z os=Linux
2026-07-22T10:35:02.1256941Z [conf]
2026-07-22T10:35:02.1257077Z tools.build:cflags=['-O3', '-march=x86-64-v2']
2026-07-22T10:35:02.1257275Z tools.build:cxxflags=['-O3', '-march=x86-64-v2']
2026-07-22T10:35:02.1257489Z tools.build:exelinkflags=['-Wl,-rpath,/opt/gcc-15.3/lib64']
2026-07-22T10:35:02.1257742Z tools.build:sharedlinkflags=['-Wl,-rpath,/opt/gcc-15.3/lib64']
2026-07-22T10:35:02.1257961Z tools.cmake.cmakedeps:new=will_break_next
2026-07-22T10:35:02.1258197Z tools.info.package_id:confs=['tools.build:cflags', 'tools.build:cxxflags']
2026-07-22T10:35:02.1258457Z user.malf:editable_build_dir=build-gcc15-release
2026-07-22T10:35:02.1258635Z [buildenv]
2026-07-22T10:35:02.1258759Z CC=/opt/gcc-15.3/bin/gcc
2026-07-22T10:35:02.1259091Z CXX=/opt/gcc-15.3/bin/g++
2026-07-22T10:35:02.1259299Z LD_LIBRARY_PATH=/opt/gcc-15.3/lib64
2026-07-22T10:35:02.1259418Z 
2026-07-22T10:35:02.1264451Z 
2026-07-22T10:35:02.1264602Z ======== Computing dependency graph ========
2026-07-22T10:35:02.1345685Z cmake/4.4.0: Not found in local cache, looking in remotes...
2026-07-22T10:35:02.1345943Z cmake/4.4.0: Checking remote: conancenter
2026-07-22T10:35:02.1346905Z Connecting to remote 'conancenter' anonymously
2026-07-22T10:35:02.4818271Z cmake/4.4.0: Downloaded recipe revision a5dd5d73bd9fc56b0fc3163a04573dc8
2026-07-22T10:35:02.5024274Z Graph root
2026-07-22T10:35:02.5024644Z     conanfile.py (logcraft_core/1.8.3): /home/runner/work/logcraft/logcraft/core/conanfile.py
2026-07-22T10:35:02.5025042Z Requirements
2026-07-22T10:35:02.5025511Z     asio/1.36.0#baa8f04f3c2486ca00851c092ab6afb7 - Cache
2026-07-22T10:35:02.5025783Z     coderoast_ipc_core/1.8.3#0a8aa4068016dac8f416ccb0d97f2258 - Cache
2026-07-22T10:35:02.5026073Z     coderoast_ipc_producer/1.8.3#795464896cc5b903186a28ec3af6e333 - Cache
2026-07-22T10:35:02.5026344Z     fmt/12.1.0#50abab23274d56bb8f42c94b3b9a40c7 - Cache
2026-07-22T10:35:02.5027396Z     insight_canon/1.8.3#160f17296dfdcda0910dd6421c27e5c0 - Cache
2026-07-22T10:35:02.5028096Z     insight_semantic_github/1.8.3#7385ba6f4d9f483ee003ca13cdba1ffa - Cache
2026-07-22T10:35:02.5028554Z     picosha2/1.0.0#61923b65ad21c4bccdc00d2be5709b58 - Cache
2026-07-22T10:35:02.5028819Z     simdjson/4.6.3#57b63b0965065041e5cd871f7973a026 - Cache
2026-07-22T10:35:02.5029065Z     spdlog/1.17.0#bcbaaf7147bda6ad24ffbd1ac3d7142c - Cache
2026-07-22T10:35:02.5029552Z     yaml-cpp/0.9.0#237a808ce73af0e5f32ba2834ae2baf0 - Cache
2026-07-22T10:35:02.5029934Z Test requirements
2026-07-22T10:35:02.5030139Z     benchmark/1.9.5#b885dc73ad67b40a55d45684d1c88ad1 - Cache
2026-07-22T10:35:02.5030427Z     coderoast_ipc_consumer/1.8.3#12f9d0a52870bf015b7c9a706162601b - Cache
2026-07-22T10:35:02.5030694Z     gtest/1.17.0#5224b3b3ff3b4ce1133cbdd27d53ee7d - Cache
2026-07-22T10:35:02.5031114Z Build requirements
2026-07-22T10:35:02.5031387Z     cmake/4.4.0#a5dd5d73bd9fc56b0fc3163a04573dc8 - Downloaded (conancenter)
2026-07-22T10:35:02.5031573Z 
2026-07-22T10:35:02.5031653Z ======== Computing necessary packages ========
2026-07-22T10:35:02.5404313Z Requirements
2026-07-22T10:35:02.5404699Z     asio/1.36.0#baa8f04f3c2486ca00851c092ab6afb7:da39a3ee5e6b4b0d3255bfef95601890afd80709#c02fdd2b35b8e2b48197b1749056e852 - Cache
2026-07-22T10:35:02.5405682Z     coderoast_ipc_core/1.8.3#0a8aa4068016dac8f416ccb0d97f2258:976572dde09ae4802a96a09ed547708e031572ad#681c17c9fea18b4fa15b8edf03bdf321 - Cache
2026-07-22T10:35:02.5406292Z     coderoast_ipc_producer/1.8.3#795464896cc5b903186a28ec3af6e333:fc80aeffbd4ec8fb019a975dca81d8576c982531#3c95f7da1066d1b18d8be4f7215965b6 - Cache
2026-07-22T10:35:02.5406882Z     fmt/12.1.0#50abab23274d56bb8f42c94b3b9a40c7:ad913eb4f99fc875fffba787e4d80fce29a7f765#39be80cf5ecb8caac2c37f8baa122a79 - Cache
2026-07-22T10:35:02.5407620Z     insight_canon/1.8.3#160f17296dfdcda0910dd6421c27e5c0:b78615a5f087d90c3deb764e78f1e3407b351ad5#1346f8ea699d054e2d6b6af51e13b654 - Cache
2026-07-22T10:35:02.5408226Z     insight_semantic_github/1.8.3#7385ba6f4d9f483ee003ca13cdba1ffa:df942b337ca24eac7d9164e22b217601aa33eb1a#443e707d4a1c54515046f3253f56c990 - Cache
2026-07-22T10:35:02.5408796Z     picosha2/1.0.0#61923b65ad21c4bccdc00d2be5709b58:da39a3ee5e6b4b0d3255bfef95601890afd80709#1e86527276bd819290d3531c62615e33 - Cache
2026-07-22T10:35:02.5409336Z     simdjson/4.6.3#57b63b0965065041e5cd871f7973a026:5d1991fbda5f8e42ea0b1fc45dc1f0e08c876862#aaf343449055f180a80e0c56dcf203ea - Cache
2026-07-22T10:35:02.5409864Z     spdlog/1.17.0#bcbaaf7147bda6ad24ffbd1ac3d7142c:dc97e1c73da307d48b15663ff835c7139057ef19#e7174d4ea12a233dcd7fd45c2d9f83d0 - Cache
2026-07-22T10:35:02.5410403Z     yaml-cpp/0.9.0#237a808ce73af0e5f32ba2834ae2baf0:5bcc2325ae24c87a0dbda9fe98b25099fcbadab3#6a44f4e7c342438a031fda01b4b1f46c - Cache
2026-07-22T10:35:02.5410750Z Test requirements
2026-07-22T10:35:02.5411069Z     benchmark/1.9.5#b885dc73ad67b40a55d45684d1c88ad1:450ef64ba4e985ecaa322e7110fecc37f5ba874b#1c54c10c0928d8cc7bd3bdf8b505041a - Cache
2026-07-22T10:35:02.5411632Z     coderoast_ipc_consumer/1.8.3#12f9d0a52870bf015b7c9a706162601b:fc80aeffbd4ec8fb019a975dca81d8576c982531#d3d1175b40a54ceb3a44704d882b2e7f - Cache
2026-07-22T10:35:02.5412195Z     gtest/1.17.0#5224b3b3ff3b4ce1133cbdd27d53ee7d:2408b5402882dc2df22863610623b66506a4870c#e19edae35da6f5681ecfc11e8f6ed87a - Cache
2026-07-22T10:35:02.5412545Z Build requirements
2026-07-22T10:35:02.5412676Z Skipped binaries
2026-07-22T10:35:02.5412806Z     cmake/4.4.0
2026-07-22T10:35:02.5412885Z 
2026-07-22T10:35:02.5412954Z ======== Installing packages ========
2026-07-22T10:35:02.5413164Z asio/1.36.0: Already installed! (1 of 13)
2026-07-22T10:35:02.5413913Z fmt/12.1.0: Already installed! (2 of 13)
2026-07-22T10:35:02.5416936Z picosha2/1.0.0: Already installed! (3 of 13)
2026-07-22T10:35:02.5420016Z simdjson/4.6.3: Already installed! (4 of 13)
2026-07-22T10:35:02.5422959Z yaml-cpp/0.9.0: Already installed! (5 of 13)
2026-07-22T10:35:02.5426448Z benchmark/1.9.5: Already installed! (6 of 13)
2026-07-22T10:35:02.5431377Z gtest/1.17.0: Already installed! (7 of 13)
2026-07-22T10:35:02.5434373Z coderoast_ipc_core/1.8.3: Already installed! (8 of 13)
2026-07-22T10:35:02.5436878Z spdlog/1.17.0: Already installed! (9 of 13)
2026-07-22T10:35:02.5439813Z coderoast_ipc_consumer/1.8.3: Already installed! (10 of 13)
2026-07-22T10:35:02.5441964Z coderoast_ipc_producer/1.8.3: Already installed! (11 of 13)
2026-07-22T10:35:02.5444389Z insight_canon/1.8.3: Already installed! (12 of 13)
2026-07-22T10:35:02.5446497Z insight_semantic_github/1.8.3: Already installed! (13 of 13)
2026-07-22T10:35:02.5447515Z 
2026-07-22T10:35:02.5447633Z ======== Finalizing install (deploy, generators) ========
2026-07-22T10:35:02.5448367Z conanfile.py (logcraft_core/1.8.3): Calling generate()
2026-07-22T10:35:02.5683826Z conanfile.py (logcraft_core/1.8.3): Generators folder: /home/runner/work/logcraft/logcraft/build/core
2026-07-22T10:35:02.5684572Z conanfile.py (logcraft_core/1.8.3): CMakeToolchain generated: conan_toolchain.cmake
2026-07-22T10:35:02.5687187Z conanfile.py (logcraft_core/1.8.3): CMakeToolchain: Preset 'conan-release' added to CMakePresets.json.
2026-07-22T10:35:02.5687545Z     (cmake>=3.23) cmake --preset conan-release
2026-07-22T10:35:02.5688365Z     (cmake<3.23) cmake <path> -G Ninja -DCMAKE_TOOLCHAIN_FILE=<output_folder>/conan_toolchain.cmake  -DCMAKE_POLICY_DEFAULT_CMP0091=NEW -DCMAKE_BUILD_TYPE=Release
2026-07-22T10:35:02.5689771Z conanfile.py (logcraft_core/1.8.3): CMakeToolchain generated: /home/runner/work/logcraft/logcraft/build/core/CMakePresets.json
2026-07-22T10:35:02.5690457Z conanfile.py (logcraft_core/1.8.3): CMakeToolchain generated: /home/runner/work/logcraft/logcraft/core/CMakeUserPresets.json
2026-07-22T10:35:02.5691412Z conanfile.py (logcraft_core/1.8.3): WARN: On the fly replacement of CMakeDeps by CMakeConfigDeps generator, because 'tools.cmake.cmakedeps:new' incubating conf activated. This conf is incubating and will break in next releases. CMakeConfigDeps is now experimental and can be used as such in recipes.
2026-07-22T10:35:02.6644025Z conanfile.py (logcraft_core/1.8.3): WARN: experimental: CMakeConfigDeps is experimental, and might get breaking changes in future releases
2026-07-22T10:35:02.6644572Z logcraft_core/1.8.3: WARN: deprecated: CMakeConfigDeps does not support module find mode in gtest/1.17.0.
2026-07-22T10:35:02.6644876Z Config mode will be used regardless.
2026-07-22T10:35:02.6972278Z conanfile.py (logcraft_core/1.8.3): CMakeDeps necessary find_package() and targets for your CMakeLists.txt
2026-07-22T10:35:02.6972637Z     find_package(yaml-cpp)
2026-07-22T10:35:02.6973203Z     find_package(spdlog)
2026-07-22T10:35:02.6973503Z     find_package(fmt)
2026-07-22T10:35:02.6973718Z     find_package(asio)
2026-07-22T10:35:02.6973924Z     find_package(GTest)
2026-07-22T10:35:02.6974135Z     find_package(benchmark)
2026-07-22T10:35:02.6978652Z     target_link_libraries(... yaml-cpp::yaml-cpp spdlog::spdlog fmt::fmt asio::asio gtest::gtest benchmark::benchmark_main)
2026-07-22T10:35:02.7048348Z conanfile.py (logcraft_core/1.8.3): Generating aggregated env files
2026-07-22T10:35:02.7049216Z conanfile.py (logcraft_core/1.8.3): Generated aggregated env files: ['conanbuild.sh', 'conanrun.sh']
2026-07-22T10:35:02.7049701Z Install finished successfully
2026-07-22T10:35:02.8438995Z -- Using Conan toolchain: /home/runner/work/logcraft/logcraft/build/core/conan_toolchain.cmake
2026-07-22T10:35:02.8439444Z -- Conan toolchain: Setting CMAKE_POSITION_INDEPENDENT_CODE=ON (options.fPIC)
2026-07-22T10:35:02.8439727Z -- Conan toolchain: Defining architecture flag: -m64
2026-07-22T10:35:02.8440206Z -- Conan toolchain: C++ Standard 23 with extensions ON
2026-07-22T10:35:02.8440487Z -- Conan toolchain: Including CMakeConfigDeps generated conan_cmakedeps_paths.cmake
2026-07-22T10:35:02.8440776Z -- Conan toolchain: Setting BUILD_SHARED_LIBS = OFF
2026-07-22T10:35:02.9707937Z -- The CXX compiler identification is GNU 15.3.0
2026-07-22T10:35:03.1248137Z -- Detecting CXX compiler ABI info
2026-07-22T10:35:03.2428860Z -- Detecting CXX compiler ABI info - done
2026-07-22T10:35:03.2527110Z -- Check for working CXX compiler: /opt/gcc-15.3/bin/g++ - skipped
2026-07-22T10:35:03.2529487Z -- Detecting CXX compile features
2026-07-22T10:35:03.2534041Z CMake Warning (dev) at /home/runner/venvs/common/lib/python3.12/site-packages/cmake/data/share/cmake-4.3/Modules/Compiler/CMakeCommonCompilerMacros.cmake:226 (cmake_language):
2026-07-22T10:35:03.2534601Z   CMake's support for `import std;` in C++23 and newer is experimental.  It
2026-07-22T10:35:03.2534891Z   is meant only for experimentation and feedback to CMake developers.
2026-07-22T10:35:03.2535148Z Call Stack (most recent call first):
2026-07-22T10:35:03.2535799Z   /home/runner/venvs/common/lib/python3.12/site-packages/cmake/data/share/cmake-4.3/Modules/CMakeDetermineCompilerSupport.cmake:110 (cmake_cxx_find_modules_json)
2026-07-22T10:35:03.2536769Z   /home/runner/venvs/common/lib/python3.12/site-packages/cmake/data/share/cmake-4.3/Modules/CMakeTestCXXCompiler.cmake:83 (CMAKE_DETERMINE_COMPILER_SUPPORT)
2026-07-22T10:35:03.2537198Z   CMakeLists.txt:13 (project)
2026-07-22T10:35:03.2537428Z This warning is for project developers.  Use -Wno-dev to suppress it.
2026-07-22T10:35:03.2537601Z 
2026-07-22T10:35:03.2553146Z -- Detecting CXX compile features - done
2026-07-22T10:35:03.2657386Z -- Conan: Configuring Targets for fmt/12.1.0
2026-07-22T10:35:03.2659812Z -- Conan: Target declared imported STATIC library 'fmt::fmt'
2026-07-22T10:35:03.2663773Z -- Conan: Configuring Targets for spdlog/1.17.0
2026-07-22T10:35:03.2666113Z -- Conan: Target declared imported STATIC library 'spdlog::spdlog'
2026-07-22T10:35:03.2668969Z -- Conan: Configuring Targets for yaml-cpp/0.9.0
2026-07-22T10:35:03.2671193Z -- Conan: Target declared imported STATIC library 'yaml-cpp::yaml-cpp'
2026-07-22T10:35:03.2671523Z -- Conan: Target declared alias 'yaml-cpp' for 'yaml-cpp::yaml-cpp'
2026-07-22T10:35:03.2673954Z -- Conan: Configuring Targets for asio/1.36.0
2026-07-22T10:35:03.2676061Z -- Conan: Target declared imported INTERFACE library 'asio::asio'
2026-07-22T10:35:03.2693542Z -- Conan: Configuring Targets for simdjson/4.6.3
2026-07-22T10:35:03.2695877Z -- Conan: Target declared imported STATIC library 'simdjson::simdjson'
2026-07-22T10:35:03.2699102Z -- Conan: Configuring Targets for picosha2/1.0.0
2026-07-22T10:35:03.2701186Z -- Conan: Target declared imported INTERFACE library 'picosha2::picosha2'
2026-07-22T10:35:04.2697559Z -- Found Python3: /home/runner/venvs/common/bin/python3.12 (found version "3.12.3") found components: Interpreter
2026-07-22T10:35:04.3129253Z -- Conan: Configuring Targets for gtest/1.17.0
2026-07-22T10:35:04.3131653Z -- Conan: Target declared imported STATIC library 'GTest::gtest'
2026-07-22T10:35:04.3131956Z -- Conan: Target declared alias 'GTest::GTest' for 'GTest::gtest'
2026-07-22T10:35:04.3132620Z -- Conan: Target declared imported STATIC library 'GTest::gtest_main'
2026-07-22T10:35:04.3133328Z -- Conan: Target declared alias 'GTest::Main' for 'GTest::gtest_main'
2026-07-22T10:35:04.3133698Z -- Conan: Target declared imported STATIC library 'GTest::gmock'
2026-07-22T10:35:04.3134031Z -- Conan: Target declared imported STATIC library 'GTest::gmock_main'
2026-07-22T10:35:04.3134372Z -- Conan: Target declared imported INTERFACE library 'gtest::gtest'
2026-07-22T10:35:04.3160730Z -- Conan: Configuring Targets for benchmark/1.9.5
2026-07-22T10:35:04.3163455Z -- Conan: Target declared imported STATIC library 'benchmark::benchmark'
2026-07-22T10:35:04.3163797Z -- Conan: Target declared imported STATIC library 'benchmark::benchmark_main'
2026-07-22T10:35:04.3172452Z -- Configuring done (1.5s)
2026-07-22T10:35:04.3392046Z CMake Warning (dev) in CMakeLists.txt:
2026-07-22T10:35:04.3392281Z   Target "logcraft_core" has source file
2026-07-22T10:35:04.3392530Z 
2026-07-22T10:35:04.3392827Z     /home/runner/work/logcraft/logcraft/core/api/core.cppm
2026-07-22T10:35:04.3393155Z 
2026-07-22T10:35:04.3393286Z   in a "FILE_SET TYPE CXX_MODULES" multiple times.
2026-07-22T10:35:04.3393655Z This warning is for project developers.  Use -Wno-dev to suppress it.
2026-07-22T10:35:04.3393897Z 
2026-07-22T10:35:04.3611314Z CMake Warning (dev) in CMakeLists.txt:
2026-07-22T10:35:04.3612025Z   Target "logcraft_core_tests" has source file
2026-07-22T10:35:04.3612254Z 
2026-07-22T10:35:04.3612475Z     /home/runner/work/logcraft/logcraft/core/api/core.cppm
2026-07-22T10:35:04.3612760Z 
2026-07-22T10:35:04.3612895Z   in a "FILE_SET TYPE CXX_MODULES" multiple times.
2026-07-22T10:35:04.3613264Z This warning is for project developers.  Use -Wno-dev to suppress it.
2026-07-22T10:35:04.3613529Z 
2026-07-22T10:35:04.3777481Z CMake Warning (dev) in CMakeLists.txt:
2026-07-22T10:35:04.3778165Z   Target "logcraft_core_bench" has source file
2026-07-22T10:35:04.3778399Z 
2026-07-22T10:35:04.3778945Z     /home/runner/work/logcraft/logcraft/core/api/core.cppm
2026-07-22T10:35:04.3779233Z 
2026-07-22T10:35:04.3779356Z   in a "FILE_SET TYPE CXX_MODULES" multiple times.
2026-07-22T10:35:04.3779721Z This warning is for project developers.  Use -Wno-dev to suppress it.
2026-07-22T10:35:04.3779965Z 
2026-07-22T10:35:04.3938181Z -- Generating done (0.1s)
2026-07-22T10:35:04.3942293Z -- Build files have been written to: /home/runner/work/logcraft/logcraft/build/core
2026-07-22T10:35:04.5062261Z [0/2] Re-checking globbed directories...
2026-07-22T10:35:04.5279250Z [1/691] Scanning /home/runner/work/logcraft/logcraft/.conan2/p/insig6e3d1225ed231/p/include/insight_canon_modules/canon.internal.cppm for CXX dependencies
2026-07-22T10:35:04.5285265Z [2/691] Scanning /home/runner/work/logcraft/logcraft/.conan2/p/insig6e3d1225ed231/p/include/insight_canon_modules/canon.spi.cppm for CXX dependencies
2026-07-22T10:35:04.5294099Z [3/691] Scanning /home/runner/work/logcraft/logcraft/.conan2/p/insig6e3d1225ed231/p/include/insight_canon_modules/canon.compose.cppm for CXX dependencies
2026-07-22T10:35:04.5319198Z [4/691] Scanning /opt/gcc-15.3/include/c++/15.3.0/bits/std.compat.cc for CXX dependencies
2026-07-22T10:35:04.5361279Z [5/691] Scanning /home/runner/work/logcraft/logcraft/.conan2/p/codercb88d1082ab2c/p/include/coderoast_ipc_core_modules/core.cppm for CXX dependencies
2026-07-22T10:35:04.5384455Z [6/691] Scanning /home/runner/work/logcraft/logcraft/.conan2/p/insig6e3d1225ed231/p/include/insight_canon_modules/conformance/canon.conformance.cppm for CXX dependencies
2026-07-22T10:35:04.5395085Z [7/691] Scanning /home/runner/work/logcraft/logcraft/.conan2/p/insig6e3d1225ed231/p/include/insight_canon_modules/canon.cppm for CXX dependencies
2026-07-22T10:35:04.6198653Z [8/691] intent_library_codegen: --selftest, then generate intent_library.generated.inc
2026-07-22T10:35:04.6199596Z selftest OK — the fence holds: teeth 1-4 rejections fire, the hash is canonical (reformat-stable, edit-sensitive), the manifest partitions edit-vs-stale, emission is byte-deterministic ASCII
2026-07-22T10:35:04.6850533Z [9/691] Scanning /home/runner/work/logcraft/logcraft/.conan2/p/insig6e3d1225ed231/p/include/insight_canon_modules/canon.api.cppm for CXX dependencies
2026-07-22T10:35:04.7193569Z [10/691] Scanning /opt/gcc-15.3/include/c++/15.3.0/bits/std.cc for CXX dependencies
2026-07-22T10:35:04.7239875Z [11/691] Generating CXX dyndep file CMakeFiles/__cmake_cxx_std_23.dir/CXX.dd
2026-07-22T10:35:04.7281293Z [12/691] Generating CXX dyndep file 'CMakeFiles/coderoast__ipc__core@synth_bb333fe43d17.dir/CXX.dd'
2026-07-22T10:35:04.7297120Z [13/691] Generating CXX dyndep file 'CMakeFiles/insight__canon@synth_bb333fe43d17.dir/CXX.dd'
2026-07-22T10:35:04.7384005Z [14/691] Scanning /home/runner/work/logcraft/logcraft/.conan2/p/coder83c8353627e87/p/include/coderoast_ipc_producer_modules/producer.cppm for CXX dependencies
2026-07-22T10:35:04.7388235Z [15/691] Scanning /home/runner/work/logcraft/logcraft/.conan2/p/insigeb616a23e171f/p/include/insight_semantic_github_modules/github.cppm for CXX dependencies
2026-07-22T10:35:04.7391613Z [16/691] Scanning /home/runner/work/logcraft/logcraft/.conan2/p/coderc8b3f1816db12/p/include/coderoast_ipc_consumer_modules/consumer.cppm for CXX dependencies
2026-07-22T10:35:04.7422983Z [17/691] Generating CXX dyndep file 'CMakeFiles/coderoast__ipc__producer@synth_bb333fe43d17.dir/CXX.dd'
2026-07-22T10:35:04.7430959Z [18/691] Generating CXX dyndep file 'CMakeFiles/insight__semantic_github@synth_bb333fe43d17.dir/CXX.dd'
2026-07-22T10:35:04.7518025Z [19/691] Generating CXX dyndep file 'CMakeFiles/coderoast__ipc__consumer@synth_bb333fe43d17.dir/CXX.dd'
2026-07-22T10:35:04.7551060Z [20/691] Scanning /home/runner/work/logcraft/logcraft/core/src/agent/field_generator.cpp for CXX dependencies
2026-07-22T10:35:04.7878638Z [21/691] Scanning /home/runner/work/logcraft/logcraft/core/src/engine/engine_api.cpp for CXX dependencies
2026-07-22T10:35:05.0638829Z [22/691] Scanning /home/runner/work/logcraft/logcraft/core/src/agent/agent_registry.cpp for CXX dependencies
2026-07-22T10:35:05.0924752Z [23/691] Scanning /home/runner/work/logcraft/logcraft/core/src/agent/agent_generation.cpp for CXX dependencies
2026-07-22T10:35:05.1079698Z [24/691] Scanning /home/runner/work/logcraft/logcraft/core/src/engine/engine_command_surface.cpp for CXX dependencies
2026-07-22T10:35:05.1182189Z [25/691] Scanning /home/runner/work/logcraft/logcraft/core/src/engine/engine.cpp for CXX dependencies
2026-07-22T10:35:05.1681884Z [26/691] Scanning /home/runner/work/logcraft/logcraft/core/src/agent/agent.cpp for CXX dependencies
2026-07-22T10:35:05.1812700Z [27/691] Scanning /home/runner/work/logcraft/logcraft/core/src/engine/runtime_monitor.cpp for CXX dependencies
2026-07-22T10:35:05.2069519Z [28/691] Scanning /home/runner/work/logcraft/logcraft/core/src/foundation/sha256.cpp for CXX dependencies
2026-07-22T10:35:05.2617498Z [29/691] Scanning /home/runner/work/logcraft/logcraft/core/src/foundation/simulation_clock.cpp for CXX dependencies
2026-07-22T10:35:05.2643941Z [30/691] Scanning /home/runner/work/logcraft/logcraft/core/src/engine/command_facade.cpp for CXX dependencies
2026-07-22T10:35:05.2770975Z [31/691] Scanning /home/runner/work/logcraft/logcraft/core/src/agent/agent_enrichment.cpp for CXX dependencies
2026-07-22T10:35:05.3142560Z [32/691] Scanning /home/runner/work/logcraft/logcraft/core/src/foundation/time_context.cpp for CXX dependencies
2026-07-22T10:35:05.3595357Z [33/691] Scanning /home/runner/work/logcraft/logcraft/core/src/engine/engine_lifecycle.cpp for CXX dependencies
2026-07-22T10:35:05.3856884Z [34/691] Scanning /home/runner/work/logcraft/logcraft/core/src/engine/engine_replay.cpp for CXX dependencies
2026-07-22T10:35:05.4042704Z [35/691] Scanning /home/runner/work/logcraft/logcraft/core/src/engine/replay_source.cpp for CXX dependencies
2026-07-22T10:35:05.4158250Z [36/691] Scanning /home/runner/work/logcraft/logcraft/core/src/output/gha_intent_medium.cpp for CXX dependencies
2026-07-22T10:35:05.4308052Z [37/691] Scanning /home/runner/work/logcraft/logcraft/core/src/output/log_formatter.cpp for CXX dependencies
2026-07-22T10:35:05.4369616Z [38/691] Scanning /home/runner/work/logcraft/logcraft/core/src/agent/agent_scheduling.cpp for CXX dependencies
2026-07-22T10:35:05.4464758Z [39/691] Scanning /home/runner/work/logcraft/logcraft/core/src/output/log_formatter_cloud.cpp for CXX dependencies
2026-07-22T10:35:05.4555604Z [40/691] Scanning /home/runner/work/logcraft/logcraft/core/src/output/log_formatter_github_actions.cpp for CXX dependencies
2026-07-22T10:35:05.4771286Z [41/691] Scanning /home/runner/work/logcraft/logcraft/core/src/output/log_formatter_mobile.cpp for CXX dependencies
2026-07-22T10:35:05.4890765Z [42/691] Scanning /home/runner/work/logcraft/logcraft/core/src/output/log_formatter_syslog.cpp for CXX dependencies
2026-07-22T10:35:05.5001999Z [43/691] Scanning /home/runner/work/logcraft/logcraft/core/src/engine/engine_manager.cpp for CXX dependencies
2026-07-22T10:35:05.5147861Z [44/691] Scanning /home/runner/work/logcraft/logcraft/core/src/output/log_formatter_text.cpp for CXX dependencies
2026-07-22T10:35:05.5332177Z [45/691] Scanning /home/runner/work/logcraft/logcraft/core/src/flow/flow_engine.cpp for CXX dependencies
2026-07-22T10:35:05.5960789Z [46/691] Scanning /home/runner/work/logcraft/logcraft/core/src/logging/logger.cpp for CXX dependencies
2026-07-22T10:35:05.6602163Z [47/691] Scanning /home/runner/work/logcraft/logcraft/core/src/output/console_sink.cpp for CXX dependencies
2026-07-22T10:35:05.6753772Z [48/691] Scanning /home/runner/work/logcraft/logcraft/core/src/output/shared_memory_sink.cpp for CXX dependencies
2026-07-22T10:35:05.6916340Z [49/691] Scanning /home/runner/work/logcraft/logcraft/core/src/output/file_sink.cpp for CXX dependencies
2026-07-22T10:35:05.7181828Z [50/691] Scanning /home/runner/work/logcraft/logcraft/core/src/scenario/intent_library.cpp for CXX dependencies
2026-07-22T10:35:05.7342113Z [51/691] Scanning /home/runner/work/logcraft/logcraft/core/src/logging/logging_config.cpp for CXX dependencies
2026-07-22T10:35:05.7393745Z [52/691] Scanning /home/runner/work/logcraft/logcraft/core/src/scenario/scenario_axis.cpp for CXX dependencies
2026-07-22T10:35:05.7521356Z [53/691] Scanning /home/runner/work/logcraft/logcraft/core/src/scenario/scenario_capabilities.cpp for CXX dependencies
2026-07-22T10:35:05.7875613Z [54/691] Scanning /home/runner/work/logcraft/logcraft/core/src/output/output_manager.cpp for CXX dependencies
2026-07-22T10:35:05.8320434Z [55/691] Scanning /home/runner/work/logcraft/logcraft/core/src/output/http_sink.cpp for CXX dependencies
2026-07-22T10:35:05.9406344Z [56/691] Scanning /home/runner/work/logcraft/logcraft/core/src/output/smf_recording_sink.cpp for CXX dependencies
2026-07-22T10:35:05.9464949Z [57/691] Scanning /home/runner/work/logcraft/logcraft/core/src/output/sharded_pipeline.cpp for CXX dependencies
2026-07-22T10:35:05.9610853Z [58/691] Scanning /home/runner/work/logcraft/logcraft/core/src/scenario/scenario_component_parsing.cpp for CXX dependencies
2026-07-22T10:35:05.9805647Z [59/691] Scanning /home/runner/work/logcraft/logcraft/core/src/output/metrics_sink.cpp for CXX dependencies
2026-07-22T10:35:06.0144305Z [60/691] Scanning /home/runner/work/logcraft/logcraft/core/src/smf/smf_manifest.cpp for CXX dependencies
2026-07-22T10:35:06.0283063Z [61/691] Scanning /home/runner/work/logcraft/logcraft/core/src/scenario/scenario_loader.cpp for CXX dependencies
2026-07-22T10:35:06.0373095Z [62/691] Scanning /home/runner/work/logcraft/logcraft/core/src/smf/smf_reader.cpp for CXX dependencies
2026-07-22T10:35:06.0451426Z [63/691] Scanning /home/runner/work/logcraft/logcraft/core/src/smf/smf_writer.cpp for CXX dependencies
2026-07-22T10:35:06.0920135Z [64/691] Scanning /home/runner/work/logcraft/logcraft/core/src/scenario/scenario_agent_parsing.cpp for CXX dependencies
2026-07-22T10:35:06.1032506Z [65/691] Scanning /home/runner/work/logcraft/logcraft/core/src/timeline/timeline_cursor.cpp for CXX dependencies
2026-07-22T10:35:06.1035480Z [66/691] Scanning /home/runner/work/logcraft/logcraft/core/src/output/recording_sink.cpp for CXX dependencies
2026-07-22T10:35:06.1252401Z [67/691] Scanning /home/runner/work/logcraft/logcraft/core/src/timeline/timeline_engine.cpp for CXX dependencies
2026-07-22T10:35:06.1293100Z [68/691] Scanning /home/runner/work/logcraft/logcraft/core/src/scenario/scenario_flow_parsing.cpp for CXX dependencies
2026-07-22T10:35:06.1436040Z [69/691] Scanning /home/runner/work/logcraft/logcraft/core/src/scenario/scenario_section_dispatch.cpp for CXX dependencies
2026-07-22T10:35:06.1526233Z [70/691] Scanning /home/runner/work/logcraft/logcraft/core/src/scenario/scenario_registry_resolution.cpp for CXX dependencies
2026-07-22T10:35:06.1599551Z [71/691] Scanning /home/runner/work/logcraft/logcraft/core/src/core.internal.cppm for CXX dependencies
2026-07-22T10:35:06.1679544Z [72/691] Scanning /home/runner/work/logcraft/logcraft/core/api/core.api-engine.cppm for CXX dependencies
2026-07-22T10:35:06.1724387Z [73/691] Scanning /home/runner/work/logcraft/logcraft/core/api/core.api-agent.cppm for CXX dependencies
2026-07-22T10:35:06.1772026Z [74/691] Scanning /home/runner/work/logcraft/logcraft/core/api/core.api-intent_library.cppm for CXX dependencies
2026-07-22T10:35:06.1845053Z [75/691] Scanning /home/runner/work/logcraft/logcraft/core/api/core.api-timeline.cppm for CXX dependencies
2026-07-22T10:35:06.1931344Z [76/691] Scanning /home/runner/work/logcraft/logcraft/core/api/core.api-output.cppm for CXX dependencies
2026-07-22T10:35:06.2001726Z [77/691] Scanning /home/runner/work/logcraft/logcraft/core/api/core.api-scenario.cppm for CXX dependencies
2026-07-22T10:35:06.2077916Z [78/691] Scanning /home/runner/work/logcraft/logcraft/core/api/core.api.cppm for CXX dependencies
2026-07-22T10:35:06.2136084Z [79/691] Scanning /home/runner/work/logcraft/logcraft/core/api/core.api-value.cppm for CXX dependencies
2026-07-22T10:35:06.2224028Z [80/691] Scanning /home/runner/work/logcraft/logcraft/core/api/core.cppm for CXX dependencies
2026-07-22T10:35:06.2361348Z [81/691] Scanning /home/runner/work/logcraft/logcraft/core/src/flow/core.detail.flow.cppm for CXX dependencies
2026-07-22T10:35:06.2447490Z [82/691] Scanning /home/runner/work/logcraft/logcraft/core/src/foundation/core.detail.foundation-hash.cppm for CXX dependencies
2026-07-22T10:35:06.2546156Z [83/691] Scanning /home/runner/work/logcraft/logcraft/core/src/agent/core.detail.agent.cppm for CXX dependencies
2026-07-22T10:35:06.2583964Z [84/691] Scanning /home/runner/work/logcraft/logcraft/core/src/scenario/scenario_loader_detail.cpp for CXX dependencies
2026-07-22T10:35:06.2610521Z [85/691] Scanning /home/runner/work/logcraft/logcraft/core/src/foundation/core.detail.foundation-pipeline.cppm for CXX dependencies
2026-07-22T10:35:06.2674674Z [86/691] Scanning /home/runner/work/logcraft/logcraft/core/src/foundation/core.detail.foundation-random.cppm for CXX dependencies
2026-07-22T10:35:06.2915016Z [87/691] Scanning /home/runner/work/logcraft/logcraft/core/src/foundation/core.detail.foundation.cppm for CXX dependencies
2026-07-22T10:35:06.3058304Z [88/691] Scanning /home/runner/work/logcraft/logcraft/core/src/scenario/scenario_validation.cpp for CXX dependencies
2026-07-22T10:35:06.3119220Z [89/691] Scanning /home/runner/work/logcraft/logcraft/core/src/output/core.detail.output-sink.cppm for CXX dependencies
2026-07-22T10:35:06.3143618Z [90/691] Scanning /home/runner/work/logcraft/logcraft/core/src/output/core.detail.output.cppm for CXX dependencies
2026-07-22T10:35:06.3170933Z [91/691] Scanning /home/runner/work/logcraft/logcraft/core/src/output/core.detail.output-formatter.cppm for CXX dependencies
2026-07-22T10:35:06.3272773Z [92/691] Scanning /home/runner/work/logcraft/logcraft/core/src/timeline/flow_unfolder.cpp for CXX dependencies
2026-07-22T10:35:06.3308040Z [93/691] Scanning /home/runner/work/logcraft/logcraft/core/src/smf/core.detail.smf.cppm for CXX dependencies
2026-07-22T10:35:06.3375214Z [94/691] Scanning /home/runner/work/logcraft/logcraft/core/cli/logcraft_validate.cpp for CXX dependencies
2026-07-22T10:35:06.3421767Z [95/691] Scanning /home/runner/work/logcraft/logcraft/core/src/timeline/core.detail.timeline.cppm for CXX dependencies
2026-07-22T10:35:06.4028104Z [96/691] Scanning /home/runner/work/logcraft/logcraft/core/src/timeline/shm_timeline_view.cpp for CXX dependencies
2026-07-22T10:35:06.4111492Z [97/691] Scanning /home/runner/work/logcraft/logcraft/core/src/timeline/timeline_unfolder.cpp for CXX dependencies
2026-07-22T10:35:06.5135660Z [98/691] Scanning /home/runner/work/logcraft/logcraft/core/src/logging/core.detail.logging.cppm for CXX dependencies
2026-07-22T10:35:06.5423978Z [99/691] Scanning /home/runner/work/logcraft/logcraft/core/tests/module/test_logcraft_core_module_import.cpp for CXX dependencies
2026-07-22T10:35:06.6330482Z [100/691] Scanning /home/runner/work/logcraft/logcraft/core/tests/agent/test_error_cascading.cpp for CXX dependencies
2026-07-22T10:35:06.6587155Z [101/691] Scanning /home/runner/work/logcraft/logcraft/core/src/scenario/core.detail.scenario.cppm for CXX dependencies
2026-07-22T10:35:06.6716366Z [102/691] Scanning /home/runner/work/logcraft/logcraft/core/src/engine/core.detail.engine.cppm for CXX dependencies
2026-07-22T10:35:06.7221847Z [103/691] Generating CXX dyndep file CMakeFiles/logcraft_core.dir/CXX.dd
2026-07-22T10:35:06.7530560Z [104/697] Scanning /home/runner/work/logcraft/logcraft/core/tests/agent/test_emit_false_template_input.cpp for CXX dependencies
2026-07-22T10:35:06.7604374Z [105/697] Scanning /home/runner/work/logcraft/logcraft/core/tests/agent/test_generate_record_kernel.cpp for CXX dependencies
2026-07-22T10:35:06.7642142Z [106/697] Scanning /home/runner/work/logcraft/logcraft/core/tests/agent/test_football_whatif.cpp for CXX dependencies
2026-07-22T10:35:06.8950408Z [107/697] Scanning /home/runner/work/logcraft/logcraft/core/tests/determinism/test_branch_weight_ramp.cpp for CXX dependencies
2026-07-22T10:35:06.8974702Z [108/697] Scanning /home/runner/work/logcraft/logcraft/core/tests/agent/test_agent_behaviors.cpp for CXX dependencies
2026-07-22T10:35:06.9631828Z [109/697] Scanning /home/runner/work/logcraft/logcraft/core/tests/determinism/test_degenerate_flux_gate.cpp for CXX dependencies
2026-07-22T10:35:06.9806836Z [110/697] Scanning /home/runner/work/logcraft/logcraft/core/tests/determinism/test_counter_rng_phi_golden.cpp for CXX dependencies
2026-07-22T10:35:07.0252783Z [111/697] Scanning /home/runner/work/logcraft/logcraft/core/tests/determinism/test_determinism_bit_identical.cpp for CXX dependencies
2026-07-22T10:35:07.0287530Z [112/697] Scanning /home/runner/work/logcraft/logcraft/core/tests/determinism/test_determinism_causal_axis.cpp for CXX dependencies
2026-07-22T10:35:07.0964158Z [113/697] Scanning /home/runner/work/logcraft/logcraft/core/tests/determinism/test_determinism_build_axis.cpp for CXX dependencies
2026-07-22T10:35:07.2080368Z [114/697] Scanning /home/runner/work/logcraft/logcraft/core/tests/determinism/test_determinism_comprehensive.cpp for CXX dependencies
2026-07-22T10:35:07.2204919Z [115/697] Scanning /home/runner/work/logcraft/logcraft/core/tests/determinism/test_determinism_flow.cpp for CXX dependencies
2026-07-22T10:35:07.2359358Z [116/697] Scanning /home/runner/work/logcraft/logcraft/core/tests/determinism/test_determinism_shm_gate.cpp for CXX dependencies
2026-07-22T10:35:07.2829995Z [117/697] Scanning /home/runner/work/logcraft/logcraft/core/tests/determinism/test_determinism_e2e.cpp for CXX dependencies
2026-07-22T10:35:07.3098020Z [118/697] Scanning /home/runner/work/logcraft/logcraft/core/tests/determinism/test_flow_field_ramp.cpp for CXX dependencies
2026-07-22T10:35:07.3605079Z [119/697] Scanning /home/runner/work/logcraft/logcraft/core/tests/determinism/test_field_weight_ramp.cpp for CXX dependencies
2026-07-22T10:35:07.3929837Z [120/697] Scanning /home/runner/work/logcraft/logcraft/core/tests/determinism/test_determinism_do_operator.cpp for CXX dependencies
2026-07-22T10:35:07.4120821Z [121/697] Scanning /home/runner/work/logcraft/logcraft/core/tests/determinism/test_level_weight_ramp.cpp for CXX dependencies
2026-07-22T10:35:07.4968428Z [122/697] Scanning /home/runner/work/logcraft/logcraft/core/tests/determinism/test_locale_independence_gate.cpp for CXX dependencies
2026-07-22T10:35:07.5145773Z [123/697] Scanning /home/runner/work/logcraft/logcraft/core/tests/determinism/test_noise_duplication_replay.cpp for CXX dependencies
2026-07-22T10:35:07.5280979Z [124/697] Scanning /home/runner/work/logcraft/logcraft/core/tests/determinism/test_runtime_timer_determinism.cpp for CXX dependencies
2026-07-22T10:35:07.5796285Z [125/697] Scanning /home/runner/work/logcraft/logcraft/core/tests/determinism/test_phase_rate_zero.cpp for CXX dependencies
2026-07-22T10:35:07.7215341Z [126/697] Scanning /home/runner/work/logcraft/logcraft/core/tests/engine/test_engine_commands.cpp for CXX dependencies
2026-07-22T10:35:07.7561783Z [127/697] Scanning /home/runner/work/logcraft/logcraft/core/tests/determinism/test_span_fanout.cpp for CXX dependencies
2026-07-22T10:35:07.7643477Z [128/697] Scanning /home/runner/work/logcraft/logcraft/core/tests/determinism/test_virtual_clock_progression.cpp for CXX dependencies
2026-07-22T10:35:07.7908496Z [129/697] Scanning /home/runner/work/logcraft/logcraft/core/tests/determinism/test_time_source_lint.cpp for CXX dependencies
2026-07-22T10:35:07.8079472Z [130/697] Scanning /home/runner/work/logcraft/logcraft/core/tests/determinism/test_span_trace_diff.cpp for CXX dependencies
2026-07-22T10:35:07.8119406Z [131/697] Scanning /home/runner/work/logcraft/logcraft/core/tests/engine/test_engine_lifecycle.cpp for CXX dependencies
2026-07-22T10:35:07.8817975Z [132/697] Scanning /home/runner/work/logcraft/logcraft/core/tests/engine/test_runtime_monitor.cpp for CXX dependencies
2026-07-22T10:35:07.9364969Z [133/697] Scanning /home/runner/work/logcraft/logcraft/core/tests/engine/test_engine_integration.cpp for CXX dependencies
2026-07-22T10:35:07.9982634Z [134/697] Scanning /home/runner/work/logcraft/logcraft/core/tests/engine/test_engine_manager.cpp for CXX dependencies
2026-07-22T10:35:08.0303398Z [135/697] Scanning /home/runner/work/logcraft/logcraft/core/tests/foundation/test_simulation_clock.cpp for CXX dependencies
2026-07-22T10:35:08.0538275Z [136/697] Scanning /home/runner/work/logcraft/logcraft/core/tests/output/test_engine_snapshot.cpp for CXX dependencies
2026-07-22T10:35:08.0894262Z [137/697] Scanning /home/runner/work/logcraft/logcraft/core/tests/foundation/test_sha256.cpp for CXX dependencies
2026-07-22T10:35:08.0915239Z [138/697] Scanning /home/runner/work/logcraft/logcraft/core/tests/foundation/test_spsc_ring.cpp for CXX dependencies
2026-07-22T10:35:08.1982422Z [139/697] Scanning /home/runner/work/logcraft/logcraft/core/tests/output/test_gha_document_g2.cpp for CXX dependencies
2026-07-22T10:35:08.2065022Z [140/697] Scanning /home/runner/work/logcraft/logcraft/core/tests/output/test_gha_document_use_intent.cpp for CXX dependencies
2026-07-22T10:35:08.2784754Z [141/697] Scanning /home/runner/work/logcraft/logcraft/core/tests/output/test_json_serializer.cpp for CXX dependencies
2026-07-22T10:35:08.3199729Z [142/697] Scanning /home/runner/work/logcraft/logcraft/core/tests/output/test_metric_emission.cpp for CXX dependencies
2026-07-22T10:35:08.3358307Z [143/697] Scanning /home/runner/work/logcraft/logcraft/core/tests/output/test_gha_intent_medium.cpp for CXX dependencies
2026-07-22T10:35:08.4205864Z [144/697] Scanning /home/runner/work/logcraft/logcraft/core/tests/output/test_output_formats.cpp for CXX dependencies
2026-07-22T10:35:08.4374281Z [145/697] Scanning /home/runner/work/logcraft/logcraft/core/tests/output/test_multi_format_output.cpp for CXX dependencies
2026-07-22T10:35:08.5081265Z [146/697] Scanning /home/runner/work/logcraft/logcraft/core/tests/output/test_per_agent_routing.cpp for CXX dependencies
2026-07-22T10:35:08.5265795Z [147/697] Scanning /home/runner/work/logcraft/logcraft/core/tests/output/test_http_sink.cpp for CXX dependencies
2026-07-22T10:35:08.5395823Z [148/697] Scanning /home/runner/work/logcraft/logcraft/core/tests/output/test_sharded_pipeline.cpp for CXX dependencies
2026-07-22T10:35:08.6767662Z [149/697] Scanning /home/runner/work/logcraft/logcraft/core/tests/output/test_shared_memory_sink.cpp for CXX dependencies
2026-07-22T10:35:08.6874383Z [150/697] Scanning /home/runner/work/logcraft/logcraft/core/tests/output/test_window_seal_cursor.cpp for CXX dependencies
2026-07-22T10:35:08.7195906Z [151/697] Scanning /home/runner/work/logcraft/logcraft/core/tests/output/test_structured_schemas.cpp for CXX dependencies
2026-07-22T10:35:08.7282018Z [152/697] Scanning /home/runner/work/logcraft/logcraft/core/tests/scenario/test_dsl_advanced.cpp for CXX dependencies
2026-07-22T10:35:08.7617270Z [153/697] Scanning /home/runner/work/logcraft/logcraft/core/tests/output/test_replay_mode.cpp for CXX dependencies
2026-07-22T10:35:08.8538011Z [154/697] Scanning /home/runner/work/logcraft/logcraft/core/tests/scenario/test_dsl_build_axis.cpp for CXX dependencies
2026-07-22T10:35:08.8948190Z [155/697] Scanning /home/runner/work/logcraft/logcraft/core/tests/scenario/test_dsl_capabilities.cpp for CXX dependencies
2026-07-22T10:35:08.9573333Z [156/697] Scanning /home/runner/work/logcraft/logcraft/core/tests/scenario/test_dsl_archetypes.cpp for CXX dependencies
2026-07-22T10:35:08.9604084Z [157/697] Scanning /home/runner/work/logcraft/logcraft/core/tests/scenario/test_dsl_auto_determinism.cpp for CXX dependencies
2026-07-22T10:35:08.9629409Z [158/697] Scanning /home/runner/work/logcraft/logcraft/core/tests/scenario/test_dsl_fields.cpp for CXX dependencies
2026-07-22T10:35:08.9727138Z [159/697] Scanning /home/runner/work/logcraft/logcraft/core/tests/scenario/test_dsl_causal_axis.cpp for CXX dependencies
2026-07-22T10:35:09.1038987Z [160/697] Scanning /home/runner/work/logcraft/logcraft/core/tests/scenario/test_dsl_flows.cpp for CXX dependencies
2026-07-22T10:35:09.1468555Z [161/697] Scanning /home/runner/work/logcraft/logcraft/core/tests/scenario/test_dsl_knob_axis.cpp for CXX dependencies
2026-07-22T10:35:09.1864071Z [162/697] Scanning /home/runner/work/logcraft/logcraft/core/tests/scenario/test_dsl_incidents.cpp for CXX dependencies
2026-07-22T10:35:09.2081170Z [163/697] Scanning /home/runner/work/logcraft/logcraft/core/tests/scenario/test_dsl_intent_axis.cpp for CXX dependencies
2026-07-22T10:35:09.2195358Z [164/697] Scanning /home/runner/work/logcraft/logcraft/core/tests/scenario/test_dsl_intent_library.cpp for CXX dependencies
2026-07-22T10:35:09.3192306Z [165/697] Scanning /home/runner/work/logcraft/logcraft/core/tests/scenario/test_dsl_outputs.cpp for CXX dependencies
2026-07-22T10:35:09.3281235Z [166/697] Scanning /home/runner/work/logcraft/logcraft/core/tests/scenario/test_dsl_scenario.cpp for CXX dependencies
2026-07-22T10:35:09.3786453Z [167/697] Scanning /home/runner/work/logcraft/logcraft/core/tests/scenario/test_dsl_tower.cpp for CXX dependencies
2026-07-22T10:35:09.3998549Z [168/697] Scanning /home/runner/work/logcraft/logcraft/core/tests/scenario/test_dsl_validation.cpp for CXX dependencies
2026-07-22T10:35:09.4440621Z [169/697] Scanning /home/runner/work/logcraft/logcraft/core/tests/scenario/test_field_value_type_derivation.cpp for CXX dependencies
2026-07-22T10:35:09.4769164Z [170/697] Scanning /home/runner/work/logcraft/logcraft/core/tests/smf/test_smf_recording.cpp for CXX dependencies
2026-07-22T10:35:09.5229017Z [171/697] Scanning /home/runner/work/logcraft/logcraft/core/tests/scenario/test_dsl_phases.cpp for CXX dependencies
2026-07-22T10:35:09.5640805Z [172/697] Scanning /home/runner/work/logcraft/logcraft/core/tests/timeline/test_shm_timeline_view.cpp for CXX dependencies
2026-07-22T10:35:09.6122056Z [173/697] Scanning /home/runner/work/logcraft/logcraft/core/tests/timeline/test_timeline_checkpoint.cpp for CXX dependencies
2026-07-22T10:35:09.6363876Z [174/697] Scanning /home/runner/work/logcraft/logcraft/core/tests/smf/test_smf_v0.cpp for CXX dependencies
2026-07-22T10:35:09.7120718Z [175/697] Scanning /home/runner/work/logcraft/logcraft/core/tests/timeline/test_timeline_cursor.cpp for CXX dependencies
2026-07-22T10:35:09.7266854Z [176/697] Scanning /home/runner/work/logcraft/logcraft/core/tests/timeline/test_timeline_unfolder.cpp for CXX dependencies
2026-07-22T10:35:09.7362412Z [177/697] Scanning /home/runner/work/logcraft/logcraft/core/src/agent/field_generator.cpp for CXX dependencies
2026-07-22T10:35:09.7441028Z [178/697] Scanning /home/runner/work/logcraft/logcraft/core/tests/scenario/test_loader_limits.cpp for CXX dependencies
2026-07-22T10:35:09.7734849Z [179/697] Scanning /home/runner/work/logcraft/logcraft/core/src/engine/engine_api.cpp for CXX dependencies
2026-07-22T10:35:09.9128021Z [180/697] Scanning /home/runner/work/logcraft/logcraft/core/tests/timeline/test_timeline_metadata.cpp for CXX dependencies
2026-07-22T10:35:09.9842714Z [181/697] Scanning /home/runner/work/logcraft/logcraft/core/src/agent/agent_generation.cpp for CXX dependencies
2026-07-22T10:35:10.0390243Z [182/697] Scanning /home/runner/work/logcraft/logcraft/core/src/agent/agent_registry.cpp for CXX dependencies
2026-07-22T10:35:10.0558799Z [183/697] Scanning /home/runner/work/logcraft/logcraft/core/src/agent/agent_scheduling.cpp for CXX dependencies
2026-07-22T10:35:10.0748118Z [184/697] Scanning /home/runner/work/logcraft/logcraft/core/src/engine/command_facade.cpp for CXX dependencies
2026-07-22T10:35:10.0805677Z [185/697] Scanning /home/runner/work/logcraft/logcraft/core/src/agent/agent_enrichment.cpp for CXX dependencies
2026-07-22T10:35:10.1415251Z [186/697] Scanning /home/runner/work/logcraft/logcraft/core/src/agent/agent.cpp for CXX dependencies
2026-07-22T10:35:10.1505093Z [187/697] Scanning /home/runner/work/logcraft/logcraft/core/src/foundation/sha256.cpp for CXX dependencies
2026-07-22T10:35:10.1581905Z [188/697] Scanning /home/runner/work/logcraft/logcraft/core/src/engine/runtime_monitor.cpp for CXX dependencies
2026-07-22T10:35:10.1586421Z [189/697] Scanning /home/runner/work/logcraft/logcraft/core/src/foundation/simulation_clock.cpp for CXX dependencies
2026-07-22T10:35:10.1984086Z [190/697] Scanning /home/runner/work/logcraft/logcraft/core/src/foundation/time_context.cpp for CXX dependencies
2026-07-22T10:35:10.2879138Z [191/697] Scanning /home/runner/work/logcraft/logcraft/core/src/engine/engine_manager.cpp for CXX dependencies
2026-07-22T10:35:10.2970126Z [192/697] Building CXX object CMakeFiles/__cmake_cxx_std_23.dir/opt/gcc-15.3/include/c++/15.3.0/bits/std.cc.o
2026-07-22T10:35:10.3088256Z [193/697] Scanning /home/runner/work/logcraft/logcraft/core/src/engine/engine_replay.cpp for CXX dependencies
2026-07-22T10:35:10.3267019Z [194/697] Scanning /home/runner/work/logcraft/logcraft/core/src/output/gha_intent_medium.cpp for CXX dependencies
2026-07-22T10:35:10.3443725Z [195/697] Scanning /home/runner/work/logcraft/logcraft/core/src/engine/engine_command_surface.cpp for CXX dependencies
2026-07-22T10:35:10.3587689Z [196/697] Scanning /home/runner/work/logcraft/logcraft/core/src/engine/engine.cpp for CXX dependencies
2026-07-22T10:35:10.3722536Z [197/697] Scanning /home/runner/work/logcraft/logcraft/core/src/output/log_formatter.cpp for CXX dependencies
2026-07-22T10:35:10.3758163Z [198/697] Scanning /home/runner/work/logcraft/logcraft/core/src/engine/replay_source.cpp for CXX dependencies
2026-07-22T10:35:10.3781462Z [199/697] Scanning /home/runner/work/logcraft/logcraft/core/src/output/log_formatter_cloud.cpp for CXX dependencies
2026-07-22T10:35:10.3935643Z [200/697] Scanning /home/runner/work/logcraft/logcraft/core/src/output/log_formatter_github_actions.cpp for CXX dependencies
2026-07-22T10:35:10.3945393Z [201/697] Scanning /home/runner/work/logcraft/logcraft/core/src/output/log_formatter_mobile.cpp for CXX dependencies
2026-07-22T10:35:10.3981761Z [202/697] Scanning /home/runner/work/logcraft/logcraft/core/src/output/log_formatter_syslog.cpp for CXX dependencies
2026-07-22T10:35:10.4078021Z [203/697] Scanning /home/runner/work/logcraft/logcraft/core/src/output/log_formatter_text.cpp for CXX dependencies
2026-07-22T10:35:10.4325163Z [204/697] Scanning /home/runner/work/logcraft/logcraft/core/src/engine/engine_lifecycle.cpp for CXX dependencies
2026-07-22T10:35:10.4449565Z [205/697] Scanning /home/runner/work/logcraft/logcraft/core/src/flow/flow_engine.cpp for CXX dependencies
2026-07-22T10:35:10.4794569Z [206/697] Scanning /home/runner/work/logcraft/logcraft/core/src/output/shared_memory_sink.cpp for CXX dependencies
2026-07-22T10:35:10.6344457Z [207/697] Scanning /home/runner/work/logcraft/logcraft/core/src/output/console_sink.cpp for CXX dependencies
2026-07-22T10:35:10.6396016Z [208/697] Scanning /home/runner/work/logcraft/logcraft/core/src/logging/logging_config.cpp for CXX dependencies
2026-07-22T10:35:10.6631013Z [209/697] Scanning /home/runner/work/logcraft/logcraft/core/src/output/file_sink.cpp for CXX dependencies
2026-07-22T10:35:10.6709754Z [210/697] Scanning /home/runner/work/logcraft/logcraft/core/src/scenario/intent_library.cpp for CXX dependencies
2026-07-22T10:35:10.6833795Z [211/697] Scanning /home/runner/work/logcraft/logcraft/core/src/scenario/scenario_axis.cpp for CXX dependencies
2026-07-22T10:35:10.6910138Z [212/697] Scanning /home/runner/work/logcraft/logcraft/core/src/scenario/scenario_capabilities.cpp for CXX dependencies
2026-07-22T10:35:10.7036300Z [213/697] Scanning /home/runner/work/logcraft/logcraft/core/src/output/output_manager.cpp for CXX dependencies
2026-07-22T10:35:10.7559344Z [214/697] Scanning /home/runner/work/logcraft/logcraft/core/src/logging/logger.cpp for CXX dependencies
2026-07-22T10:35:10.7965343Z [215/697] Scanning /home/runner/work/logcraft/logcraft/core/src/output/recording_sink.cpp for CXX dependencies
2026-07-22T10:35:10.8389596Z [216/697] Scanning /home/runner/work/logcraft/logcraft/core/src/output/http_sink.cpp for CXX dependencies
2026-07-22T10:35:10.8542804Z [217/697] Scanning /home/runner/work/logcraft/logcraft/core/src/output/metrics_sink.cpp for CXX dependencies
2026-07-22T10:35:10.8826893Z [218/697] Scanning /home/runner/work/logcraft/logcraft/core/src/output/smf_recording_sink.cpp for CXX dependencies
2026-07-22T10:35:10.9038596Z [219/697] Scanning /home/runner/work/logcraft/logcraft/core/src/smf/smf_manifest.cpp for CXX dependencies
2026-07-22T10:35:10.9099752Z [220/697] Scanning /home/runner/work/logcraft/logcraft/core/src/scenario/scenario_component_parsing.cpp for CXX dependencies
2026-07-22T10:35:10.9271217Z [221/697] Scanning /home/runner/work/logcraft/logcraft/core/src/smf/smf_reader.cpp for CXX dependencies
2026-07-22T10:35:10.9406155Z [222/697] Scanning /home/runner/work/logcraft/logcraft/core/src/scenario/scenario_agent_parsing.cpp for CXX dependencies
2026-07-22T10:35:10.9453317Z [223/697] Scanning /home/runner/work/logcraft/logcraft/core/src/output/sharded_pipeline.cpp for CXX dependencies
2026-07-22T10:35:10.9471858Z [224/697] Scanning /home/runner/work/logcraft/logcraft/core/src/smf/smf_writer.cpp for CXX dependencies
2026-07-22T10:35:10.9561836Z [225/697] Scanning /home/runner/work/logcraft/logcraft/core/src/scenario/scenario_flow_parsing.cpp for CXX dependencies
2026-07-22T10:35:10.9613127Z [226/697] Scanning /home/runner/work/logcraft/logcraft/core/src/timeline/timeline_cursor.cpp for CXX dependencies
2026-07-22T10:35:10.9708684Z [227/697] Scanning /home/runner/work/logcraft/logcraft/core/src/timeline/timeline_engine.cpp for CXX dependencies
2026-07-22T10:35:10.9846009Z [228/697] Scanning /home/runner/work/logcraft/logcraft/core/api/core.cppm for CXX dependencies
2026-07-22T10:35:10.9891789Z [229/697] Scanning /home/runner/work/logcraft/logcraft/core/api/core.api-agent.cppm for CXX dependencies
2026-07-22T10:35:11.0097193Z [230/697] Scanning /home/runner/work/logcraft/logcraft/core/api/core.api-engine.cppm for CXX dependencies
2026-07-22T10:35:11.0119906Z [231/697] Scanning /home/runner/work/logcraft/logcraft/core/api/core.api-intent_library.cppm for CXX dependencies
2026-07-22T10:35:11.0307327Z [232/697] Scanning /home/runner/work/logcraft/logcraft/core/api/core.api-output.cppm for CXX dependencies
2026-07-22T10:35:11.0370389Z [233/697] Scanning /home/runner/work/logcraft/logcraft/core/src/scenario/scenario_section_dispatch.cpp for CXX dependencies
2026-07-22T10:35:11.0371399Z [234/697] Scanning /home/runner/work/logcraft/logcraft/core/api/core.api-scenario.cppm for CXX dependencies
2026-07-22T10:35:11.0487898Z [235/697] Scanning /home/runner/work/logcraft/logcraft/core/api/core.api-value.cppm for CXX dependencies
2026-07-22T10:35:11.0514774Z [236/697] Scanning /home/runner/work/logcraft/logcraft/core/api/core.api.cppm for CXX dependencies
2026-07-22T10:35:11.0549356Z [237/697] Scanning /home/runner/work/logcraft/logcraft/core/api/core.api-timeline.cppm for CXX dependencies
2026-07-22T10:35:11.0687687Z [238/697] Scanning /home/runner/work/logcraft/logcraft/core/src/agent/core.detail.agent.cppm for CXX dependencies
2026-07-22T10:35:11.0719327Z [239/697] Scanning /home/runner/work/logcraft/logcraft/core/src/scenario/scenario_loader_detail.cpp for CXX dependencies
2026-07-22T10:35:11.0794901Z [240/697] Scanning /home/runner/work/logcraft/logcraft/core/src/core.internal.cppm for CXX dependencies
2026-07-22T10:35:11.0838744Z [241/697] Scanning /home/runner/work/logcraft/logcraft/core/src/flow/core.detail.flow.cppm for CXX dependencies
2026-07-22T10:35:11.0943425Z [242/697] Scanning /home/runner/work/logcraft/logcraft/core/src/foundation/core.detail.foundation-pipeline.cppm for CXX dependencies
2026-07-22T10:35:11.1045355Z [243/697] Scanning /home/runner/work/logcraft/logcraft/core/src/foundation/core.detail.foundation-hash.cppm for CXX dependencies
2026-07-22T10:35:11.1048881Z [244/697] Scanning /home/runner/work/logcraft/logcraft/core/src/foundation/core.detail.foundation-random.cppm for CXX dependencies
2026-07-22T10:35:11.1079917Z [245/697] Scanning /home/runner/work/logcraft/logcraft/core/src/scenario/scenario_registry_resolution.cpp for CXX dependencies
2026-07-22T10:35:11.1152031Z [246/697] Scanning /home/runner/work/logcraft/logcraft/core/src/scenario/scenario_loader.cpp for CXX dependencies
2026-07-22T10:35:11.1273445Z [247/697] Scanning /home/runner/work/logcraft/logcraft/core/src/foundation/core.detail.foundation.cppm for CXX dependencies
2026-07-22T10:35:11.1279262Z [248/697] Scanning /home/runner/work/logcraft/logcraft/core/src/scenario/scenario_validation.cpp for CXX dependencies
2026-07-22T10:35:11.1377311Z [249/697] Scanning /home/runner/work/logcraft/logcraft/core/src/smf/core.detail.smf.cppm for CXX dependencies
2026-07-22T10:35:11.1429589Z [250/697] Scanning /home/runner/work/logcraft/logcraft/core/src/output/core.detail.output.cppm for CXX dependencies
2026-07-22T10:35:11.1437671Z [251/697] Scanning /home/runner/work/logcraft/logcraft/core/src/output/core.detail.output-sink.cppm for CXX dependencies
2026-07-22T10:35:11.1620638Z [252/697] Scanning /home/runner/work/logcraft/logcraft/core/src/output/core.detail.output-formatter.cppm for CXX dependencies
2026-07-22T10:35:11.1627594Z [253/697] Scanning /home/runner/work/logcraft/logcraft/core/tests/core.test.cppm for CXX dependencies
2026-07-22T10:35:11.1630664Z [254/697] Scanning /home/runner/work/logcraft/logcraft/core/src/timeline/core.detail.timeline.cppm for CXX dependencies
2026-07-22T10:35:11.2438405Z [255/697] Scanning /home/runner/work/logcraft/logcraft/core/src/timeline/flow_unfolder.cpp for CXX dependencies
2026-07-22T10:35:11.2482262Z [256/697] Scanning /home/runner/work/logcraft/logcraft/core/src/timeline/timeline_unfolder.cpp for CXX dependencies
2026-07-22T10:35:11.2953600Z [257/697] Scanning /home/runner/work/logcraft/logcraft/core/src/timeline/shm_timeline_view.cpp for CXX dependencies
2026-07-22T10:35:11.3804826Z [258/697] Scanning /home/runner/work/logcraft/logcraft/core/benchmarks/bench_engine_throughput.cpp for CXX dependencies
2026-07-22T10:35:11.3883638Z [259/697] Scanning /home/runner/work/logcraft/logcraft/core/benchmarks/bench_field_generators.cpp for CXX dependencies
2026-07-22T10:35:11.4048761Z [260/697] Scanning /home/runner/work/logcraft/logcraft/core/src/engine/core.detail.engine.cppm for CXX dependencies
2026-07-22T10:35:11.4172223Z [261/697] Scanning /home/runner/work/logcraft/logcraft/core/src/logging/core.detail.logging.cppm for CXX dependencies
2026-07-22T10:35:11.4240729Z [262/697] Scanning /home/runner/work/logcraft/logcraft/core/benchmarks/bench_log_formatter.cpp for CXX dependencies
2026-07-22T10:35:11.4811728Z [263/697] Scanning /home/runner/work/logcraft/logcraft/core/benchmarks/bench_deterministic_replay.cpp for CXX dependencies
2026-07-22T10:35:11.4889340Z [264/697] Scanning /home/runner/work/logcraft/logcraft/core/src/scenario/core.detail.scenario.cppm for CXX dependencies
2026-07-22T10:35:11.5489553Z [265/697] Scanning /home/runner/work/logcraft/logcraft/core/benchmarks/bench_phase_split.cpp for CXX dependencies
2026-07-22T10:35:11.5765084Z [266/697] Scanning /home/runner/work/logcraft/logcraft/core/src/agent/field_generator.cpp for CXX dependencies
2026-07-22T10:35:11.6110696Z [267/697] Scanning /home/runner/work/logcraft/logcraft/core/benchmarks/bench_ring_throughput.cpp for CXX dependencies
2026-07-22T10:35:11.6120995Z [268/697] Scanning /home/runner/work/logcraft/logcraft/core/benchmarks/bench_main.cpp for CXX dependencies
2026-07-22T10:35:11.6531075Z [269/697] Scanning /home/runner/work/logcraft/logcraft/core/src/engine/engine_api.cpp for CXX dependencies
2026-07-22T10:35:11.6588254Z [270/697] Scanning /home/runner/work/logcraft/logcraft/core/benchmarks/bench_sharded_pipeline.cpp for CXX dependencies
2026-07-22T10:35:11.7141970Z [271/697] Scanning /home/runner/work/logcraft/logcraft/core/benchmarks/bench_timeline_seek.cpp for CXX dependencies
2026-07-22T10:35:11.7873158Z [272/697] Scanning /home/runner/work/logcraft/logcraft/core/src/agent/agent.cpp for CXX dependencies
2026-07-22T10:35:11.8747597Z [273/697] Scanning /home/runner/work/logcraft/logcraft/core/src/agent/agent_registry.cpp for CXX dependencies
2026-07-22T10:35:11.8926943Z [274/697] Scanning /home/runner/work/logcraft/logcraft/core/src/agent/agent_scheduling.cpp for CXX dependencies
2026-07-22T10:35:11.9097545Z [275/697] Scanning /home/runner/work/logcraft/logcraft/core/src/agent/agent_generation.cpp for CXX dependencies
2026-07-22T10:35:11.9772481Z [276/697] Scanning /home/runner/work/logcraft/logcraft/core/src/engine/runtime_monitor.cpp for CXX dependencies
2026-07-22T10:35:11.9808758Z [277/697] Scanning /home/runner/work/logcraft/logcraft/core/src/agent/agent_enrichment.cpp for CXX dependencies
2026-07-22T10:35:12.0026769Z [278/697] Scanning /home/runner/work/logcraft/logcraft/core/src/foundation/sha256.cpp for CXX dependencies
2026-07-22T10:35:12.0079886Z [279/697] Scanning /home/runner/work/logcraft/logcraft/core/src/foundation/simulation_clock.cpp for CXX dependencies
2026-07-22T10:35:12.0399168Z [280/697] Scanning /home/runner/work/logcraft/logcraft/core/src/engine/engine_command_surface.cpp for CXX dependencies
2026-07-22T10:35:12.0541561Z [281/697] Scanning /home/runner/work/logcraft/logcraft/core/src/engine/engine_manager.cpp for CXX dependencies
2026-07-22T10:35:12.0598578Z [282/697] Scanning /home/runner/work/logcraft/logcraft/core/src/engine/command_facade.cpp for CXX dependencies
2026-07-22T10:35:12.0776802Z [283/697] Scanning /home/runner/work/logcraft/logcraft/core/src/foundation/time_context.cpp for CXX dependencies
2026-07-22T10:35:12.1126721Z [284/697] Scanning /home/runner/work/logcraft/logcraft/core/src/output/gha_intent_medium.cpp for CXX dependencies
2026-07-22T10:35:12.1358773Z [285/697] Scanning /home/runner/work/logcraft/logcraft/core/src/engine/engine_replay.cpp for CXX dependencies
2026-07-22T10:35:12.1475801Z [286/697] Scanning /home/runner/work/logcraft/logcraft/core/src/engine/engine_lifecycle.cpp for CXX dependencies
2026-07-22T10:35:12.1585354Z [287/697] Scanning /home/runner/work/logcraft/logcraft/core/src/output/log_formatter.cpp for CXX dependencies
2026-07-22T10:35:12.1765487Z [288/697] Scanning /home/runner/work/logcraft/logcraft/core/src/output/log_formatter_cloud.cpp for CXX dependencies
2026-07-22T10:35:12.1820942Z [289/697] Scanning /home/runner/work/logcraft/logcraft/core/src/output/log_formatter_github_actions.cpp for CXX dependencies
2026-07-22T10:35:12.1975979Z [290/697] Scanning /home/runner/work/logcraft/logcraft/core/src/output/log_formatter_syslog.cpp for CXX dependencies
2026-07-22T10:35:12.2001211Z [291/697] Scanning /home/runner/work/logcraft/logcraft/core/src/output/log_formatter_mobile.cpp for CXX dependencies
2026-07-22T10:35:12.2281922Z [292/697] Scanning /home/runner/work/logcraft/logcraft/core/src/flow/flow_engine.cpp for CXX dependencies
2026-07-22T10:35:12.2292842Z [293/697] Scanning /home/runner/work/logcraft/logcraft/core/src/output/log_formatter_text.cpp for CXX dependencies
2026-07-22T10:35:12.2433374Z [294/697] Scanning /home/runner/work/logcraft/logcraft/core/src/engine/replay_source.cpp for CXX dependencies
2026-07-22T10:35:12.2984893Z [295/697] Scanning /home/runner/work/logcraft/logcraft/core/src/engine/engine.cpp for CXX dependencies
2026-07-22T10:35:12.3371789Z [296/697] Scanning /home/runner/work/logcraft/logcraft/core/src/output/shared_memory_sink.cpp for CXX dependencies
2026-07-22T10:35:12.5007756Z [297/697] Scanning /home/runner/work/logcraft/logcraft/core/src/logging/logger.cpp for CXX dependencies
2026-07-22T10:35:12.5124609Z [298/697] Scanning /home/runner/work/logcraft/logcraft/core/src/output/file_sink.cpp for CXX dependencies
2026-07-22T10:35:12.5221988Z [299/697] Scanning /home/runner/work/logcraft/logcraft/core/src/logging/logging_config.cpp for CXX dependencies
2026-07-22T10:35:12.5268363Z [300/697] Scanning /home/runner/work/logcraft/logcraft/core/src/output/console_sink.cpp for CXX dependencies
2026-07-22T10:35:12.5359555Z [301/697] Scanning /home/runner/work/logcraft/logcraft/core/src/scenario/intent_library.cpp for CXX dependencies
2026-07-22T10:35:12.5475707Z [302/697] Scanning /home/runner/work/logcraft/logcraft/core/src/scenario/scenario_capabilities.cpp for CXX dependencies
2026-07-22T10:35:12.5603321Z [303/697] Scanning /home/runner/work/logcraft/logcraft/core/src/scenario/scenario_axis.cpp for CXX dependencies
2026-07-22T10:35:12.5615351Z [304/697] Scanning /home/runner/work/logcraft/logcraft/core/src/output/output_manager.cpp for CXX dependencies
2026-07-22T10:35:12.6715420Z [305/697] Scanning /home/runner/work/logcraft/logcraft/core/src/output/sharded_pipeline.cpp for CXX dependencies
2026-07-22T10:35:12.7217126Z [306/697] Scanning /home/runner/work/logcraft/logcraft/core/src/output/recording_sink.cpp for CXX dependencies
2026-07-22T10:35:12.8133186Z [307/697] Scanning /home/runner/work/logcraft/logcraft/core/src/scenario/scenario_component_parsing.cpp for CXX dependencies
2026-07-22T10:35:12.8172419Z [308/697] Scanning /home/runner/work/logcraft/logcraft/core/src/output/http_sink.cpp for CXX dependencies
2026-07-22T10:35:12.8358785Z [309/697] Scanning /home/runner/work/logcraft/logcraft/core/src/output/smf_recording_sink.cpp for CXX dependencies
2026-07-22T10:35:12.8365029Z [310/697] Scanning /home/runner/work/logcraft/logcraft/core/src/smf/smf_manifest.cpp for CXX dependencies
2026-07-22T10:35:12.8469837Z [311/697] Scanning /home/runner/work/logcraft/logcraft/core/src/scenario/scenario_flow_parsing.cpp for CXX dependencies
2026-07-22T10:35:12.8568251Z [312/697] Scanning /home/runner/work/logcraft/logcraft/core/src/smf/smf_reader.cpp for CXX dependencies
2026-07-22T10:35:12.8573718Z [313/697] Scanning /home/runner/work/logcraft/logcraft/core/src/smf/smf_writer.cpp for CXX dependencies
2026-07-22T10:35:12.8726810Z [314/697] Scanning /home/runner/work/logcraft/logcraft/core/src/timeline/timeline_cursor.cpp for CXX dependencies
2026-07-22T10:35:12.9128458Z [315/697] Scanning /home/runner/work/logcraft/logcraft/core/src/timeline/timeline_engine.cpp for CXX dependencies
2026-07-22T10:35:12.9679503Z [316/697] Scanning /home/runner/work/logcraft/logcraft/core/src/scenario/scenario_agent_parsing.cpp for CXX dependencies
2026-07-22T10:35:12.9860803Z [317/697] Scanning /home/runner/work/logcraft/logcraft/core/api/core.cppm for CXX dependencies
2026-07-22T10:35:13.0095127Z [318/697] Scanning /home/runner/work/logcraft/logcraft/core/api/core.api-agent.cppm for CXX dependencies
2026-07-22T10:35:13.0258661Z [319/697] Scanning /home/runner/work/logcraft/logcraft/core/src/output/metrics_sink.cpp for CXX dependencies
2026-07-22T10:35:13.0333389Z [320/697] Scanning /home/runner/work/logcraft/logcraft/core/src/scenario/scenario_loader_detail.cpp for CXX dependencies
2026-07-22T10:35:13.0401961Z [321/697] Scanning /home/runner/work/logcraft/logcraft/core/src/scenario/scenario_registry_resolution.cpp for CXX dependencies
2026-07-22T10:35:13.0411539Z [322/697] Scanning /home/runner/work/logcraft/logcraft/core/api/core.api-engine.cppm for CXX dependencies
2026-07-22T10:35:13.0478318Z [323/697] Scanning /home/runner/work/logcraft/logcraft/core/src/scenario/scenario_section_dispatch.cpp for CXX dependencies
2026-07-22T10:35:13.0503366Z [324/697] Scanning /home/runner/work/logcraft/logcraft/core/api/core.api-intent_library.cppm for CXX dependencies
2026-07-22T10:35:13.0529673Z [325/697] Scanning /home/runner/work/logcraft/logcraft/core/api/core.api-output.cppm for CXX dependencies
2026-07-22T10:35:13.0542507Z [326/697] Scanning /home/runner/work/logcraft/logcraft/core/api/core.api-scenario.cppm for CXX dependencies
2026-07-22T10:35:13.0603335Z [327/697] Scanning /home/runner/work/logcraft/logcraft/core/api/core.api-value.cppm for CXX dependencies
2026-07-22T10:35:13.0659137Z [328/697] Scanning /home/runner/work/logcraft/logcraft/core/api/core.api-timeline.cppm for CXX dependencies
2026-07-22T10:35:13.0708351Z [329/697] Scanning /home/runner/work/logcraft/logcraft/core/api/core.api.cppm for CXX dependencies
2026-07-22T10:35:13.0750180Z [330/697] Scanning /home/runner/work/logcraft/logcraft/core/src/agent/core.detail.agent.cppm for CXX dependencies
2026-07-22T10:35:13.0751938Z [331/697] Scanning /home/runner/work/logcraft/logcraft/core/src/core.internal.cppm for CXX dependencies
2026-07-22T10:35:13.0791392Z [332/697] Scanning /home/runner/work/logcraft/logcraft/core/src/flow/core.detail.flow.cppm for CXX dependencies
2026-07-22T10:35:13.0858244Z [333/697] Scanning /home/runner/work/logcraft/logcraft/core/src/foundation/core.detail.foundation-hash.cppm for CXX dependencies
2026-07-22T10:35:13.0956104Z [334/697] Scanning /home/runner/work/logcraft/logcraft/core/src/foundation/core.detail.foundation.cppm for CXX dependencies
2026-07-22T10:35:13.0968799Z [335/697] Scanning /home/runner/work/logcraft/logcraft/core/src/foundation/core.detail.foundation-random.cppm for CXX dependencies
2026-07-22T10:35:13.1067576Z [336/697] Scanning /home/runner/work/logcraft/logcraft/core/src/foundation/core.detail.foundation-pipeline.cppm for CXX dependencies
2026-07-22T10:35:13.1362490Z [337/697] Scanning /home/runner/work/logcraft/logcraft/core/src/output/core.detail.output-formatter.cppm for CXX dependencies
2026-07-22T10:35:13.1400107Z [338/697] Scanning /home/runner/work/logcraft/logcraft/core/src/scenario/scenario_loader.cpp for CXX dependencies
2026-07-22T10:35:13.1419883Z [339/697] Scanning /home/runner/work/logcraft/logcraft/core/src/output/core.detail.output.cppm for CXX dependencies
2026-07-22T10:35:13.1461305Z [340/697] Scanning /home/runner/work/logcraft/logcraft/core/src/output/core.detail.output-sink.cppm for CXX dependencies
2026-07-22T10:35:13.1520053Z [341/697] Scanning /home/runner/work/logcraft/logcraft/core/src/smf/core.detail.smf.cppm for CXX dependencies
2026-07-22T10:35:13.1643924Z [342/697] Scanning /home/runner/work/logcraft/logcraft/core/benchmarks/core.bench.cppm for CXX dependencies
2026-07-22T10:35:13.1795868Z [343/697] Scanning /home/runner/work/logcraft/logcraft/core/src/scenario/scenario_validation.cpp for CXX dependencies
2026-07-22T10:35:13.1920421Z [344/697] Scanning /home/runner/work/logcraft/logcraft/core/src/timeline/core.detail.timeline.cppm for CXX dependencies
2026-07-22T10:35:13.2045769Z [345/697] Generating CXX dyndep file CMakeFiles/logcraft_core_module_test.dir/CXX.dd
2026-07-22T10:35:13.2109178Z [346/697] Scanning /home/runner/work/logcraft/logcraft/core/src/timeline/flow_unfolder.cpp for CXX dependencies
2026-07-22T10:35:13.2225605Z [347/697] Generating CXX dyndep file CMakeFiles/logcraft_validate.dir/CXX.dd
2026-07-22T10:35:13.2374610Z [348/697] Scanning /home/runner/work/logcraft/logcraft/core/src/timeline/timeline_unfolder.cpp for CXX dependencies
2026-07-22T10:35:13.2419151Z [349/697] Scanning /home/runner/work/logcraft/logcraft/core/src/timeline/shm_timeline_view.cpp for CXX dependencies
2026-07-22T10:35:13.2472949Z [350/697] Generating CXX dyndep file CMakeFiles/logcraft_core_tests.dir/CXX.dd
2026-07-22T10:35:13.2544995Z [351/700] Building CXX object CMakeFiles/logcraft_core.dir/src/core.internal.cppm.o
2026-07-22T10:35:13.2681727Z [352/700] Building CXX object 'CMakeFiles/insight__canon@synth_bb333fe43d17.dir/bc66bc3e4db1.bmi'
2026-07-22T10:35:13.3038953Z [353/700] Building CXX object CMakeFiles/logcraft_core.dir/api/core.api-timeline.cppm.o
2026-07-22T10:35:13.3405940Z [354/700] Building CXX object CMakeFiles/logcraft_core_tests.dir/src/core.internal.cppm.o
2026-07-22T10:35:13.3704613Z [355/700] Scanning /home/runner/work/logcraft/logcraft/core/src/logging/core.detail.logging.cppm for CXX dependencies
2026-07-22T10:35:13.3899008Z [356/700] Scanning /home/runner/work/logcraft/logcraft/core/src/engine/core.detail.engine.cppm for CXX dependencies
2026-07-22T10:35:13.4894076Z [357/700] Building CXX object CMakeFiles/logcraft_core_tests.dir/api/core.api-timeline.cppm.o
2026-07-22T10:35:13.4966025Z [358/700] Building CXX object CMakeFiles/__cmake_cxx_std_23.dir/opt/gcc-15.3/include/c++/15.3.0/bits/std.compat.cc.o
2026-07-22T10:35:13.5143136Z [359/700] Scanning /home/runner/work/logcraft/logcraft/core/src/scenario/core.detail.scenario.cppm for CXX dependencies
2026-07-22T10:35:13.5545722Z [360/700] Generating CXX dyndep file CMakeFiles/logcraft_core_bench.dir/CXX.dd
2026-07-22T10:35:13.7306125Z [361/700] Linking CXX static library lib__cmake_cxx_std_23.a
2026-07-22T10:35:13.8432709Z [362/700] Building CXX object CMakeFiles/logcraft_core.dir/src/foundation/core.detail.foundation-random.cppm.o
2026-07-22T10:35:13.8562299Z [363/700] Building CXX object CMakeFiles/logcraft_core.dir/src/foundation/core.detail.foundation-hash.cppm.o
2026-07-22T10:35:14.0410598Z [364/700] Building CXX object CMakeFiles/logcraft_core.dir/api/core.api-value.cppm.o
2026-07-22T10:35:14.1114804Z [365/700] Building CXX object CMakeFiles/logcraft_core_tests.dir/api/core.api-value.cppm.o
2026-07-22T10:35:14.1124268Z [366/700] Building CXX object CMakeFiles/logcraft_core_tests.dir/src/foundation/core.detail.foundation-hash.cppm.o
2026-07-22T10:35:14.1909234Z [367/700] Building CXX object 'CMakeFiles/coderoast__ipc__core@synth_bb333fe43d17.dir/4e83dd84ca21.bmi'
2026-07-22T10:35:14.2583283Z [368/700] Building CXX object CMakeFiles/logcraft_core.dir/api/core.api-output.cppm.o
2026-07-22T10:35:14.2638674Z [369/700] Building CXX object CMakeFiles/logcraft_core_tests.dir/api/core.api-output.cppm.o
2026-07-22T10:35:14.2866887Z [370/700] Building CXX object CMakeFiles/logcraft_core_tests.dir/src/foundation/core.detail.foundation-random.cppm.o
2026-07-22T10:35:14.3312665Z [371/700] Building CXX object CMakeFiles/logcraft_core_bench.dir/src/core.internal.cppm.o
2026-07-22T10:35:14.7630533Z [372/700] Building CXX object CMakeFiles/logcraft_core.dir/api/core.api-intent_library.cppm.o
2026-07-22T10:35:14.7977118Z [373/700] Building CXX object 'CMakeFiles/coderoast__ipc__producer@synth_bb333fe43d17.dir/8e8253e3b257.bmi'
2026-07-22T10:35:14.8492224Z [374/700] Building CXX object CMakeFiles/logcraft_core_bench.dir/api/core.api-timeline.cppm.o
2026-07-22T10:35:14.9629015Z [375/700] Building CXX object CMakeFiles/logcraft_core_tests.dir/api/core.api-intent_library.cppm.o
2026-07-22T10:35:15.3166048Z [376/700] Building CXX object CMakeFiles/logcraft_core_bench.dir/api/core.api-output.cppm.o
2026-07-22T10:35:15.3425087Z [377/700] Building CXX object CMakeFiles/logcraft_core.dir/api/core.api-agent.cppm.o
2026-07-22T10:35:15.3678622Z [378/700] Building CXX object CMakeFiles/logcraft_core_bench.dir/api/core.api-value.cppm.o
2026-07-22T10:35:15.4242614Z [379/700] Building CXX object CMakeFiles/logcraft_core_bench.dir/src/foundation/core.detail.foundation-hash.cppm.o
2026-07-22T10:35:15.7441230Z [380/700] Building CXX object CMakeFiles/logcraft_core_bench.dir/src/foundation/core.detail.foundation-random.cppm.o
2026-07-22T10:35:15.7990921Z [381/700] Building CXX object CMakeFiles/logcraft_core_tests.dir/api/core.api-agent.cppm.o
2026-07-22T10:35:16.3409100Z [382/700] Building CXX object CMakeFiles/logcraft_core.dir/api/core.api-scenario.cppm.o
2026-07-22T10:35:16.3460989Z [383/700] Building CXX object CMakeFiles/logcraft_core_bench.dir/api/core.api-intent_library.cppm.o
2026-07-22T10:35:16.6201213Z [384/700] Building CXX object CMakeFiles/logcraft_core.dir/src/logging/core.detail.logging.cppm.o
2026-07-22T10:35:16.6558354Z [385/700] Building CXX object CMakeFiles/logcraft_core_bench.dir/api/core.api-agent.cppm.o
2026-07-22T10:35:16.8357421Z [386/700] Building CXX object CMakeFiles/logcraft_core_tests.dir/api/core.api-scenario.cppm.o
2026-07-22T10:35:16.8479853Z [387/700] Building CXX object 'CMakeFiles/coderoast__ipc__consumer@synth_bb333fe43d17.dir/6c8536b0eab4.bmi'
2026-07-22T10:35:17.0399732Z [388/700] Building CXX object CMakeFiles/logcraft_core.dir/api/core.api-engine.cppm.o
2026-07-22T10:35:17.0441498Z [389/700] Building CXX object CMakeFiles/logcraft_core_tests.dir/src/logging/core.detail.logging.cppm.o
2026-07-22T10:35:17.2238635Z [390/700] Building CXX object CMakeFiles/logcraft_core_bench.dir/benchmarks/bench_main.cpp.o
2026-07-22T10:35:17.3738863Z [391/700] Building CXX object 'CMakeFiles/insight__canon@synth_bb333fe43d17.dir/f32b0af99b03.bmi'
2026-07-22T10:35:17.3888068Z [392/700] Building CXX object CMakeFiles/logcraft_core_tests.dir/api/core.api-engine.cppm.o
2026-07-22T10:35:17.5966651Z [393/700] Building CXX object CMakeFiles/logcraft_core_bench.dir/api/core.api-scenario.cppm.o
2026-07-22T10:35:17.9012498Z [394/700] Building CXX object CMakeFiles/logcraft_core.dir/api/core.api.cppm.o
2026-07-22T10:35:18.0518384Z [395/700] Building CXX object 'CMakeFiles/insight__canon@synth_bb333fe43d17.dir/6368edd6cd7b.bmi'
2026-07-22T10:35:18.1309194Z [396/700] Building CXX object CMakeFiles/logcraft_core_bench.dir/api/core.api-engine.cppm.o
2026-07-22T10:35:18.2941180Z [397/700] Building CXX object CMakeFiles/logcraft_core_bench.dir/src/logging/core.detail.logging.cppm.o
2026-07-22T10:35:18.3953075Z [398/700] Building CXX object CMakeFiles/logcraft_core_tests.dir/api/core.api.cppm.o
2026-07-22T10:35:18.6079812Z [399/700] Building CXX object CMakeFiles/logcraft_core.dir/src/foundation/time_context.cpp.o
2026-07-22T10:35:18.8373848Z [400/700] Building CXX object CMakeFiles/logcraft_core.dir/src/scenario/scenario_axis.cpp.o
2026-07-22T10:35:19.0612927Z [401/700] Building CXX object CMakeFiles/logcraft_core.dir/api/core.cppm.o
2026-07-22T10:35:19.1090066Z [402/700] Building CXX object CMakeFiles/logcraft_core_tests.dir/src/foundation/time_context.cpp.o
2026-07-22T10:35:19.4707982Z [403/700] Building CXX object CMakeFiles/logcraft_core.dir/src/foundation/core.detail.foundation-pipeline.cppm.o
2026-07-22T10:35:19.4793423Z [404/700] Building CXX object CMakeFiles/logcraft_core.dir/src/scenario/scenario_capabilities.cpp.o
2026-07-22T10:35:19.5765748Z [405/700] Building CXX object CMakeFiles/logcraft_core.dir/src/logging/logger.cpp.o
2026-07-22T10:35:20.0369578Z [406/700] Building CXX object CMakeFiles/logcraft_core_tests.dir/api/core.cppm.o
2026-07-22T10:35:20.0990262Z [407/700] Building CXX object CMakeFiles/logcraft_core_tests.dir/src/scenario/scenario_axis.cpp.o
2026-07-22T10:35:20.2522278Z [408/700] Building CXX object CMakeFiles/logcraft_core.dir/src/foundation/core.detail.foundation.cppm.o
2026-07-22T10:35:20.4234922Z [409/700] Building CXX object CMakeFiles/logcraft_core_tests.dir/src/scenario/scenario_capabilities.cpp.o
2026-07-22T10:35:20.9718045Z [410/700] Building CXX object CMakeFiles/logcraft_core_tests.dir/src/foundation/core.detail.foundation-pipeline.cppm.o
2026-07-22T10:35:21.2109481Z [411/700] Building CXX object CMakeFiles/logcraft_core.dir/src/foundation/sha256.cpp.o
2026-07-22T10:35:21.4795623Z [412/700] Building CXX object CMakeFiles/logcraft_core.dir/src/foundation/simulation_clock.cpp.o
2026-07-22T10:35:21.8087126Z [413/700] Building CXX object CMakeFiles/logcraft_core_tests.dir/src/logging/logger.cpp.o
2026-07-22T10:35:21.8500324Z [414/700] Building CXX object CMakeFiles/logcraft_core_bench.dir/src/logging/logger.cpp.o
2026-07-22T10:35:22.0850188Z [415/700] Building CXX object CMakeFiles/logcraft_core.dir/src/agent/core.detail.agent.cppm.o
2026-07-22T10:35:22.1420138Z [416/700] Building CXX object CMakeFiles/logcraft_core.dir/src/smf/core.detail.smf.cppm.o
2026-07-22T10:35:22.4604164Z [417/700] Building CXX object CMakeFiles/logcraft_core.dir/src/scenario/core.detail.scenario.cppm.o
2026-07-22T10:35:22.5875802Z [418/700] Building CXX object CMakeFiles/logcraft_core.dir/src/output/core.detail.output-formatter.cppm.o
2026-07-22T10:35:22.6121249Z [419/700] Building CXX object CMakeFiles/logcraft_core.dir/src/logging/logging_config.cpp.o
2026-07-22T10:35:22.8646786Z [420/700] Building CXX object CMakeFiles/logcraft_core_bench.dir/api/core.api.cppm.o
2026-07-22T10:35:22.9325744Z [421/700] Building CXX object CMakeFiles/logcraft_core_module_test.dir/tests/module/test_logcraft_core_module_import.cpp.o
2026-07-22T10:35:23.0597292Z [422/700] Building CXX object CMakeFiles/logcraft_core_tests.dir/src/foundation/core.detail.foundation.cppm.o
2026-07-22T10:35:23.4222086Z [423/700] Building CXX object CMakeFiles/logcraft_core_tests.dir/src/scenario/core.detail.scenario.cppm.o
2026-07-22T10:35:23.9784213Z [424/700] Building CXX object CMakeFiles/logcraft_core_tests.dir/src/logging/logging_config.cpp.o
2026-07-22T10:35:26.0646093Z [425/700] Building CXX object CMakeFiles/logcraft_core.dir/src/agent/agent_registry.cpp.o
2026-07-22T10:35:27.2398058Z [426/700] Building CXX object CMakeFiles/logcraft_core.dir/src/agent/field_generator.cpp.o
2026-07-22T10:35:27.2602031Z [427/700] Building CXX object CMakeFiles/logcraft_core.dir/src/agent/agent_generation.cpp.o
2026-07-22T10:35:27.3807976Z [428/700] Building CXX object CMakeFiles/logcraft_core.dir/src/agent/agent_enrichment.cpp.o
2026-07-22T10:35:27.6584822Z [429/700] Building CXX object CMakeFiles/logcraft_core.dir/src/scenario/scenario_component_parsing.cpp.o
2026-07-22T10:35:28.8228297Z [430/700] Building CXX object CMakeFiles/logcraft_core.dir/src/smf/smf_manifest.cpp.o
2026-07-22T10:35:28.8363352Z [431/700] Building CXX object CMakeFiles/logcraft_core.dir/src/scenario/scenario_loader.cpp.o
2026-07-22T10:35:29.0665308Z [432/700] Building CXX object CMakeFiles/logcraft_core.dir/src/agent/agent.cpp.o
2026-07-22T10:35:29.0954584Z [433/700] Building CXX object CMakeFiles/logcraft_core.dir/src/smf/smf_reader.cpp.o
2026-07-22T10:35:29.2478572Z [434/700] Building CXX object CMakeFiles/logcraft_core.dir/src/scenario/scenario_flow_parsing.cpp.o
2026-07-22T10:35:29.8002610Z [435/700] Building CXX object CMakeFiles/logcraft_core.dir/src/flow/core.detail.flow.cppm.o
2026-07-22T10:35:30.0070628Z [436/700] Building CXX object CMakeFiles/logcraft_core_tests.dir/src/foundation/sha256.cpp.o
2026-07-22T10:35:30.0111662Z [437/700] Building CXX object CMakeFiles/logcraft_core.dir/src/smf/smf_writer.cpp.o
2026-07-22T10:35:30.0119995Z [438/700] Building CXX object CMakeFiles/logcraft_core_tests.dir/src/foundation/simulation_clock.cpp.o
2026-07-22T10:35:30.2961360Z [439/700] Building CXX object CMakeFiles/logcraft_core.dir/src/agent/agent_scheduling.cpp.o
2026-07-22T10:35:30.9270575Z [440/700] Building CXX object CMakeFiles/logcraft_core.dir/src/timeline/core.detail.timeline.cppm.o
2026-07-22T10:35:31.2442923Z [441/700] Building CXX object CMakeFiles/logcraft_core.dir/src/output/core.detail.output-sink.cppm.o
2026-07-22T10:35:32.0490921Z [442/700] Building CXX object CMakeFiles/logcraft_core.dir/src/scenario/scenario_registry_resolution.cpp.o
2026-07-22T10:35:34.0116890Z [443/700] Building CXX object CMakeFiles/logcraft_core.dir/src/timeline/timeline_cursor.cpp.o
2026-07-22T10:35:34.3946514Z [444/700] Building CXX object CMakeFiles/logcraft_core.dir/src/scenario/scenario_validation.cpp.o
2026-07-22T10:35:35.0130880Z [445/700] Building CXX object CMakeFiles/logcraft_core.dir/src/timeline/flow_unfolder.cpp.o
2026-07-22T10:35:35.0492394Z [446/700] Building CXX object CMakeFiles/logcraft_core.dir/src/scenario/scenario_section_dispatch.cpp.o
2026-07-22T10:35:35.4842785Z [447/700] Building CXX object CMakeFiles/logcraft_core.dir/src/output/core.detail.output.cppm.o
2026-07-22T10:35:35.6913898Z [448/700] Building CXX object CMakeFiles/logcraft_core_tests.dir/src/scenario/scenario_loader.cpp.o
2026-07-22T10:35:35.9771351Z [449/700] Building CXX object CMakeFiles/logcraft_core_tests.dir/src/scenario/scenario_component_parsing.cpp.o
2026-07-22T10:35:36.1443653Z [450/700] Building CXX object CMakeFiles/logcraft_core_tests.dir/src/scenario/scenario_flow_parsing.cpp.o
2026-07-22T10:35:36.7043676Z [451/700] Building CXX object CMakeFiles/logcraft_core.dir/src/flow/flow_engine.cpp.o
2026-07-22T10:35:37.7642021Z [452/700] Building CXX object CMakeFiles/logcraft_core.dir/src/output/log_formatter.cpp.o
2026-07-22T10:35:38.3162466Z [453/700] Building CXX object CMakeFiles/logcraft_core.dir/src/timeline/timeline_engine.cpp.o
2026-07-22T10:35:38.6252470Z [454/700] Building CXX object CMakeFiles/logcraft_core.dir/src/scenario/scenario_loader_detail.cpp.o
2026-07-22T10:35:38.7270484Z [455/700] Building CXX object CMakeFiles/logcraft_core.dir/src/output/console_sink.cpp.o
2026-07-22T10:35:39.2058258Z [456/700] Building CXX object CMakeFiles/logcraft_core.dir/src/output/file_sink.cpp.o
2026-07-22T10:35:39.7168620Z [457/700] Building CXX object CMakeFiles/logcraft_core.dir/src/output/log_formatter_github_actions.cpp.o
2026-07-22T10:35:40.8351126Z [458/700] Building CXX object CMakeFiles/logcraft_core.dir/src/output/log_formatter_syslog.cpp.o
2026-07-22T10:35:40.9079700Z [459/700] Building CXX object CMakeFiles/logcraft_core.dir/src/output/log_formatter_cloud.cpp.o
2026-07-22T10:35:40.9230099Z [460/700] Building CXX object CMakeFiles/logcraft_core.dir/src/timeline/timeline_unfolder.cpp.o
2026-07-22T10:35:41.2465577Z [461/700] Building CXX object CMakeFiles/logcraft_core.dir/src/output/log_formatter_mobile.cpp.o
2026-07-22T10:35:41.2974746Z [462/700] Building CXX object CMakeFiles/logcraft_core.dir/src/output/log_formatter_text.cpp.o
2026-07-22T10:35:42.0529986Z [463/700] Building CXX object CMakeFiles/logcraft_core_tests.dir/src/scenario/scenario_registry_resolution.cpp.o
2026-07-22T10:35:43.0709287Z [464/700] Building CXX object CMakeFiles/logcraft_core.dir/src/output/shared_memory_sink.cpp.o
2026-07-22T10:35:43.6271817Z [465/700] Building CXX object CMakeFiles/logcraft_core.dir/src/output/output_manager.cpp.o
2026-07-22T10:35:44.0571659Z [466/700] Building CXX object CMakeFiles/logcraft_core.dir/src/output/sharded_pipeline.cpp.o
2026-07-22T10:35:44.7876634Z [467/700] Building CXX object CMakeFiles/logcraft_core.dir/src/output/http_sink.cpp.o
2026-07-22T10:35:45.2658045Z [468/700] Building CXX object CMakeFiles/logcraft_core.dir/src/output/recording_sink.cpp.o
2026-07-22T10:35:45.3888449Z [469/700] Building CXX object CMakeFiles/logcraft_core.dir/src/output/smf_recording_sink.cpp.o
2026-07-22T10:35:46.0841059Z [470/700] Building CXX object CMakeFiles/logcraft_core_tests.dir/src/agent/core.detail.agent.cppm.o
2026-07-22T10:35:46.2009773Z [471/700] Building CXX object CMakeFiles/logcraft_core_tests.dir/src/output/core.detail.output-formatter.cppm.o
2026-07-22T10:35:46.4520154Z [472/700] Building CXX object CMakeFiles/logcraft_core_tests.dir/src/smf/core.detail.smf.cppm.o
2026-07-22T10:35:47.8230450Z [473/700] Building CXX object CMakeFiles/logcraft_core.dir/src/output/metrics_sink.cpp.o
2026-07-22T10:35:49.3629687Z [474/700] Building CXX object CMakeFiles/logcraft_core.dir/src/timeline/shm_timeline_view.cpp.o
2026-07-22T10:35:49.6874939Z [475/700] Building CXX object CMakeFiles/logcraft_core_tests.dir/src/scenario/scenario_loader_detail.cpp.o
2026-07-22T10:35:49.6991411Z [476/700] Building CXX object CMakeFiles/logcraft_core.dir/src/engine/core.detail.engine.cppm.o
2026-07-22T10:35:49.7450171Z [477/700] Building CXX object CMakeFiles/logcraft_core_tests.dir/src/scenario/scenario_section_dispatch.cpp.o
2026-07-22T10:35:51.4548781Z [478/700] Building CXX object CMakeFiles/logcraft_core_tests.dir/src/agent/agent_enrichment.cpp.o
2026-07-22T10:35:52.5880682Z [479/700] Building CXX object CMakeFiles/logcraft_core_tests.dir/src/agent/agent_registry.cpp.o
2026-07-22T10:35:52.6010957Z [480/700] Building CXX object CMakeFiles/logcraft_core_tests.dir/src/agent/agent_generation.cpp.o
2026-07-22T10:35:52.7574773Z [481/700] Building CXX object CMakeFiles/logcraft_core_tests.dir/src/scenario/scenario_validation.cpp.o
2026-07-22T10:35:53.0484547Z [482/700] Building CXX object CMakeFiles/logcraft_core.dir/src/engine/command_facade.cpp.o
2026-07-22T10:35:53.3748253Z [483/700] Building CXX object CMakeFiles/logcraft_core.dir/src/engine/engine_api.cpp.o
2026-07-22T10:35:53.5702756Z [484/700] Building CXX object CMakeFiles/logcraft_core.dir/src/scenario/scenario_agent_parsing.cpp.o
2026-07-22T10:35:54.0921590Z [485/700] Building CXX object CMakeFiles/logcraft_core_tests.dir/src/agent/field_generator.cpp.o
2026-07-22T10:35:55.7837954Z [486/700] Building CXX object CMakeFiles/logcraft_core_tests.dir/src/smf/smf_manifest.cpp.o
2026-07-22T10:35:55.8124922Z [487/700] Building CXX object CMakeFiles/logcraft_core_tests.dir/src/agent/agent.cpp.o
2026-07-22T10:35:56.5486207Z [488/700] Building CXX object CMakeFiles/logcraft_core_tests.dir/src/agent/agent_scheduling.cpp.o
2026-07-22T10:35:56.9658148Z [489/700] Building CXX object CMakeFiles/logcraft_core.dir/src/engine/engine_replay.cpp.o
2026-07-22T10:35:57.2296834Z [490/700] Building CXX object CMakeFiles/logcraft_core_tests.dir/src/smf/smf_reader.cpp.o
2026-07-22T10:35:57.6576397Z [491/700] Building CXX object CMakeFiles/logcraft_core_tests.dir/src/smf/smf_writer.cpp.o
2026-07-22T10:35:57.7290045Z [492/700] Building CXX object CMakeFiles/logcraft_core_tests.dir/src/flow/core.detail.flow.cppm.o
2026-07-22T10:35:57.8335825Z [493/700] Building CXX object CMakeFiles/logcraft_core.dir/src/engine/engine_command_surface.cpp.o
2026-07-22T10:35:58.0187867Z [494/700] Building CXX object CMakeFiles/logcraft_core_bench.dir/src/foundation/time_context.cpp.o
2026-07-22T10:35:58.6616222Z [495/700] Building CXX object CMakeFiles/logcraft_core_bench.dir/src/scenario/scenario_axis.cpp.o
2026-07-22T10:35:58.9924438Z [496/700] Building CXX object CMakeFiles/logcraft_core_tests.dir/src/output/core.detail.output-sink.cppm.o
2026-07-22T10:35:58.9962791Z [497/700] Building CXX object CMakeFiles/logcraft_core.dir/src/engine/replay_source.cpp.o
2026-07-22T10:35:59.1177230Z [498/700] Building CXX object CMakeFiles/logcraft_core_tests.dir/src/timeline/core.detail.timeline.cppm.o
2026-07-22T10:35:59.3926311Z [499/700] Building CXX object CMakeFiles/logcraft_core_bench.dir/src/scenario/scenario_capabilities.cpp.o
2026-07-22T10:35:59.5251712Z [500/700] Building CXX object CMakeFiles/logcraft_core_bench.dir/api/core.cppm.o
2026-07-22T10:36:00.0996271Z [501/700] Building CXX object CMakeFiles/logcraft_core_tests.dir/src/output/core.detail.output.cppm.o
2026-07-22T10:36:00.8279896Z [502/700] Building CXX object CMakeFiles/logcraft_core.dir/src/engine/engine.cpp.o
2026-07-22T10:36:00.9970594Z [503/700] Building CXX object CMakeFiles/logcraft_core.dir/src/engine/runtime_monitor.cpp.o
2026-07-22T10:36:01.1413502Z [504/700] Building CXX object CMakeFiles/logcraft_core_bench.dir/src/foundation/core.detail.foundation-pipeline.cppm.o
2026-07-22T10:36:02.3340425Z [505/700] Building CXX object CMakeFiles/logcraft_core.dir/src/engine/engine_manager.cpp.o
2026-07-22T10:36:02.3557915Z [506/700] Building CXX object CMakeFiles/logcraft_core.dir/src/engine/engine_lifecycle.cpp.o
2026-07-22T10:36:02.5317728Z [507/700] Building CXX object CMakeFiles/logcraft_core_tests.dir/src/timeline/timeline_cursor.cpp.o
2026-07-22T10:36:02.6390427Z [508/700] Building CXX object CMakeFiles/logcraft_core_tests.dir/src/output/log_formatter.cpp.o
2026-07-22T10:36:03.7250529Z [509/700] Building CXX object CMakeFiles/logcraft_core_tests.dir/src/output/console_sink.cpp.o
2026-07-22T10:36:03.8693190Z [510/700] Building CXX object CMakeFiles/logcraft_core_tests.dir/src/output/log_formatter_github_actions.cpp.o
2026-07-22T10:36:03.9639013Z [511/700] Building CXX object CMakeFiles/logcraft_core_tests.dir/src/timeline/flow_unfolder.cpp.o
2026-07-22T10:36:03.9795678Z [512/700] Building CXX object CMakeFiles/logcraft_core_tests.dir/src/output/file_sink.cpp.o
2026-07-22T10:36:04.3121923Z [513/700] Building CXX object CMakeFiles/logcraft_core_tests.dir/src/flow/flow_engine.cpp.o
2026-07-22T10:36:04.8640500Z [514/700] Building CXX object CMakeFiles/logcraft_core_tests.dir/src/output/log_formatter_cloud.cpp.o
2026-07-22T10:36:05.1606846Z [515/700] Building CXX object CMakeFiles/logcraft_core_tests.dir/src/output/log_formatter_syslog.cpp.o
2026-07-22T10:36:06.1544892Z [516/700] Building CXX object CMakeFiles/logcraft_core_tests.dir/src/output/log_formatter_mobile.cpp.o
2026-07-22T10:36:06.7878582Z [517/700] Building CXX object CMakeFiles/logcraft_core_tests.dir/src/timeline/timeline_engine.cpp.o
2026-07-22T10:36:06.9330745Z [518/700] Building CXX object CMakeFiles/logcraft_core_tests.dir/src/output/log_formatter_text.cpp.o
2026-07-22T10:36:07.2636467Z [519/700] Building CXX object CMakeFiles/logcraft_core_tests.dir/src/output/shared_memory_sink.cpp.o
2026-07-22T10:36:07.3002635Z [520/700] Building CXX object CMakeFiles/logcraft_core_tests.dir/src/output/recording_sink.cpp.o
2026-07-22T10:36:07.3336736Z [521/700] Building CXX object CMakeFiles/logcraft_core_tests.dir/src/output/sharded_pipeline.cpp.o
2026-07-22T10:36:07.8008775Z [522/700] Building CXX object CMakeFiles/logcraft_core_tests.dir/src/output/output_manager.cpp.o
2026-07-22T10:36:08.3481653Z [523/700] Building CXX object CMakeFiles/logcraft_core_bench.dir/src/foundation/core.detail.foundation.cppm.o
2026-07-22T10:36:09.0911555Z [524/700] Building CXX object CMakeFiles/logcraft_core_tests.dir/src/output/smf_recording_sink.cpp.o
2026-07-22T10:36:09.1900101Z [525/700] Building CXX object CMakeFiles/logcraft_core_tests.dir/src/output/http_sink.cpp.o
2026-07-22T10:36:09.3602705Z [526/700] Building CXX object CMakeFiles/logcraft_core_bench.dir/src/foundation/sha256.cpp.o
2026-07-22T10:36:09.8418634Z [527/700] Building CXX object CMakeFiles/logcraft_core_bench.dir/src/foundation/simulation_clock.cpp.o
2026-07-22T10:36:10.0537416Z [528/700] Building CXX object CMakeFiles/logcraft_core_bench.dir/src/output/core.detail.output-formatter.cppm.o
2026-07-22T10:36:10.2937979Z [529/700] Building CXX object CMakeFiles/logcraft_core_bench.dir/src/agent/core.detail.agent.cppm.o
2026-07-22T10:36:10.6620730Z [530/700] Building CXX object CMakeFiles/logcraft_core_bench.dir/src/smf/core.detail.smf.cppm.o
2026-07-22T10:36:11.4306000Z [531/700] Building CXX object CMakeFiles/logcraft_core_bench.dir/src/logging/logging_config.cpp.o
2026-07-22T10:36:11.8493760Z [532/700] Building CXX object CMakeFiles/logcraft_core_bench.dir/src/scenario/core.detail.scenario.cppm.o
2026-07-22T10:36:12.4608730Z [533/700] Building CXX object CMakeFiles/logcraft_core_tests.dir/src/output/metrics_sink.cpp.o
2026-07-22T10:36:12.5065108Z [534/700] Building CXX object CMakeFiles/logcraft_core_tests.dir/src/engine/core.detail.engine.cppm.o
2026-07-22T10:36:12.8980723Z [535/700] Building CXX object CMakeFiles/logcraft_validate.dir/cli/logcraft_validate.cpp.o
2026-07-22T10:36:13.9448535Z [536/700] Building CXX object CMakeFiles/logcraft_core_tests.dir/src/timeline/shm_timeline_view.cpp.o
2026-07-22T10:36:14.2588944Z [537/700] Building CXX object CMakeFiles/logcraft_core_tests.dir/src/timeline/timeline_unfolder.cpp.o
2026-07-22T10:36:14.8458652Z [538/700] Building CXX object CMakeFiles/logcraft_core_bench.dir/src/agent/agent_registry.cpp.o
2026-07-22T10:36:15.6987737Z [539/700] Building CXX object CMakeFiles/logcraft_core_bench.dir/src/agent/agent_enrichment.cpp.o
2026-07-22T10:36:15.7049332Z [540/700] Building CXX object CMakeFiles/logcraft_core_bench.dir/src/agent/agent_generation.cpp.o
2026-07-22T10:36:16.6981293Z [541/700] Building CXX object CMakeFiles/logcraft_core_tests.dir/src/engine/command_facade.cpp.o
2026-07-22T10:36:16.8794506Z [542/700] Building CXX object CMakeFiles/logcraft_core_tests.dir/src/engine/engine_api.cpp.o
2026-07-22T10:36:17.8251628Z [543/700] Building CXX object CMakeFiles/logcraft_core_tests.dir/src/scenario/scenario_agent_parsing.cpp.o
2026-07-22T10:36:18.1950153Z [544/700] Building CXX object CMakeFiles/logcraft_core_bench.dir/src/agent/agent.cpp.o
2026-07-22T10:36:18.6135160Z [545/700] Building CXX object CMakeFiles/logcraft_core_tests.dir/src/engine/engine_command_surface.cpp.o
2026-07-22T10:36:19.0933408Z [546/700] Building CXX object CMakeFiles/logcraft_core_bench.dir/src/agent/agent_scheduling.cpp.o
2026-07-22T10:36:20.2150751Z [547/700] Building CXX object CMakeFiles/logcraft_core_tests.dir/tests/core.test.cppm.o
2026-07-22T10:36:20.2280616Z [548/700] Building CXX object CMakeFiles/logcraft_core_tests.dir/src/engine/engine_replay.cpp.o
2026-07-22T10:36:21.5635096Z [549/700] Building CXX object CMakeFiles/logcraft_core_tests.dir/src/engine/replay_source.cpp.o
2026-07-22T10:36:22.4798187Z [550/700] Building CXX object CMakeFiles/logcraft_core_bench.dir/src/agent/field_generator.cpp.o
2026-07-22T10:36:22.4890279Z [551/700] Building CXX object CMakeFiles/logcraft_core_tests.dir/src/engine/runtime_monitor.cpp.o
2026-07-22T10:36:23.9962953Z [552/700] Building CXX object CMakeFiles/logcraft_core_bench.dir/src/scenario/scenario_flow_parsing.cpp.o
2026-07-22T10:36:24.1319691Z [553/700] Building CXX object CMakeFiles/logcraft_core_tests.dir/src/engine/engine.cpp.o
2026-07-22T10:36:25.2259502Z [554/700] Building CXX object CMakeFiles/logcraft_core_tests.dir/src/engine/engine_lifecycle.cpp.o
2026-07-22T10:36:25.3908410Z [555/700] Building CXX object CMakeFiles/logcraft_core_bench.dir/src/scenario/scenario_component_parsing.cpp.o
2026-07-22T10:36:27.2955240Z [556/700] Building CXX object CMakeFiles/logcraft_core_tests.dir/tests/agent/test_emit_false_template_input.cpp.o
2026-07-22T10:36:27.7577099Z [557/700] Building CXX object CMakeFiles/logcraft_core_tests.dir/tests/determinism/test_counter_rng_phi_golden.cpp.o
2026-07-22T10:36:28.4804663Z [558/700] Building CXX object CMakeFiles/logcraft_core_tests.dir/src/engine/engine_manager.cpp.o
2026-07-22T10:36:29.1485165Z [559/700] Building CXX object CMakeFiles/logcraft_core_tests.dir/tests/agent/test_error_cascading.cpp.o
2026-07-22T10:36:30.7536020Z [560/700] Building CXX object CMakeFiles/logcraft_core_tests.dir/tests/agent/test_football_whatif.cpp.o
2026-07-22T10:36:33.3925657Z [561/700] Building CXX object CMakeFiles/logcraft_core_tests.dir/tests/determinism/test_degenerate_flux_gate.cpp.o
2026-07-22T10:36:34.3688218Z [562/700] Building CXX object CMakeFiles/logcraft_core_tests.dir/tests/determinism/test_determinism_build_axis.cpp.o
2026-07-22T10:36:34.7622103Z [563/700] Building CXX object CMakeFiles/logcraft_core_tests.dir/tests/agent/test_generate_record_kernel.cpp.o
2026-07-22T10:36:35.5277482Z [564/700] Building CXX object CMakeFiles/logcraft_core_tests.dir/tests/determinism/test_branch_weight_ramp.cpp.o
2026-07-22T10:36:35.8910270Z [565/700] Building CXX object CMakeFiles/logcraft_core_tests.dir/tests/determinism/test_determinism_comprehensive.cpp.o
2026-07-22T10:36:36.6727064Z [566/700] Building CXX object CMakeFiles/logcraft_core_tests.dir/tests/agent/test_agent_behaviors.cpp.o
2026-07-22T10:36:37.0316827Z [567/700] Building CXX object CMakeFiles/logcraft_core_tests.dir/tests/determinism/test_determinism_bit_identical.cpp.o
2026-07-22T10:36:37.2971553Z [568/700] Building CXX object CMakeFiles/logcraft_core_tests.dir/tests/determinism/test_determinism_causal_axis.cpp.o
2026-07-22T10:36:38.0560012Z [569/700] Building CXX object CMakeFiles/logcraft_core_tests.dir/tests/determinism/test_determinism_do_operator.cpp.o
2026-07-22T10:36:40.1673458Z [570/700] Building CXX object CMakeFiles/logcraft_core_tests.dir/tests/determinism/test_determinism_e2e.cpp.o
2026-07-22T10:36:41.5301844Z [571/700] Building CXX object CMakeFiles/logcraft_core_tests.dir/tests/determinism/test_determinism_flow.cpp.o
2026-07-22T10:36:41.6634469Z [572/700] Building CXX object CMakeFiles/logcraft_core_tests.dir/tests/determinism/test_field_weight_ramp.cpp.o
2026-07-22T10:36:42.0653242Z [573/700] Building CXX object CMakeFiles/logcraft_core_tests.dir/tests/determinism/test_flow_field_ramp.cpp.o
2026-07-22T10:36:43.4765634Z [574/700] Building CXX object CMakeFiles/logcraft_core_tests.dir/tests/determinism/test_locale_independence_gate.cpp.o
2026-07-22T10:36:44.5471825Z [575/700] Building CXX object CMakeFiles/logcraft_core_tests.dir/tests/determinism/test_level_weight_ramp.cpp.o
2026-07-22T10:36:44.6868046Z [576/700] Building CXX object CMakeFiles/logcraft_core_tests.dir/tests/determinism/test_noise_duplication_replay.cpp.o
2026-07-22T10:36:45.8140711Z [577/700] Building CXX object CMakeFiles/logcraft_core_tests.dir/tests/determinism/test_phase_rate_zero.cpp.o
2026-07-22T10:36:46.0922072Z [578/700] Building CXX object CMakeFiles/logcraft_core_tests.dir/tests/determinism/test_determinism_shm_gate.cpp.o
2026-07-22T10:36:47.3410077Z [579/700] Building CXX object CMakeFiles/logcraft_core_tests.dir/tests/determinism/test_time_source_lint.cpp.o
2026-07-22T10:36:48.1650564Z [580/700] Building CXX object CMakeFiles/logcraft_core_tests.dir/tests/determinism/test_runtime_timer_determinism.cpp.o
2026-07-22T10:36:50.9890390Z [581/700] Building CXX object CMakeFiles/logcraft_core_tests.dir/tests/determinism/test_span_trace_diff.cpp.o
2026-07-22T10:36:51.0267105Z [582/700] Building CXX object CMakeFiles/logcraft_core_tests.dir/tests/determinism/test_span_fanout.cpp.o
2026-07-22T10:36:51.1243256Z [583/700] Building CXX object CMakeFiles/logcraft_core_tests.dir/tests/engine/test_engine_integration.cpp.o
2026-07-22T10:36:51.2874885Z [584/700] Building CXX object CMakeFiles/logcraft_core_tests.dir/tests/engine/test_engine_commands.cpp.o
2026-07-22T10:36:51.3909239Z [585/700] Building CXX object CMakeFiles/logcraft_core_tests.dir/tests/foundation/test_sha256.cpp.o
2026-07-22T10:36:52.2453222Z [586/700] Building CXX object CMakeFiles/logcraft_core_tests.dir/tests/determinism/test_virtual_clock_progression.cpp.o
2026-07-22T10:36:52.3280243Z [587/700] Building CXX object CMakeFiles/logcraft_core_tests.dir/tests/engine/test_engine_manager.cpp.o
2026-07-22T10:36:52.5710831Z [588/700] Building CXX object CMakeFiles/logcraft_core_tests.dir/tests/engine/test_runtime_monitor.cpp.o
2026-07-22T10:36:55.1070077Z [589/700] Building CXX object CMakeFiles/logcraft_core_tests.dir/tests/foundation/test_spsc_ring.cpp.o
2026-07-22T10:36:55.7815696Z [590/700] Building CXX object CMakeFiles/logcraft_core_tests.dir/tests/output/test_json_serializer.cpp.o
2026-07-22T10:36:56.0968718Z [591/700] Building CXX object CMakeFiles/logcraft_core_tests.dir/tests/output/test_gha_intent_medium.cpp.o
2026-07-22T10:36:57.3110850Z [592/700] Building CXX object CMakeFiles/logcraft_core_tests.dir/tests/foundation/test_simulation_clock.cpp.o
2026-07-22T10:36:57.5908727Z [593/700] Building CXX object CMakeFiles/logcraft_core_tests.dir/tests/engine/test_engine_lifecycle.cpp.o
2026-07-22T10:36:57.6438955Z [594/700] Building CXX object CMakeFiles/logcraft_core_tests.dir/tests/output/test_engine_snapshot.cpp.o
2026-07-22T10:36:59.2909417Z [595/700] Building CXX object CMakeFiles/logcraft_core_tests.dir/tests/output/test_http_sink.cpp.o
2026-07-22T10:36:59.4052241Z [596/700] Building CXX object CMakeFiles/logcraft_core_tests.dir/tests/output/test_metric_emission.cpp.o
2026-07-22T10:37:01.1744084Z [597/700] Building CXX object CMakeFiles/logcraft_core_tests.dir/tests/output/test_multi_format_output.cpp.o
2026-07-22T10:37:01.8922707Z [598/700] Building CXX object CMakeFiles/logcraft_core_tests.dir/tests/output/test_sharded_pipeline.cpp.o
2026-07-22T10:37:02.5772974Z [599/700] Building CXX object CMakeFiles/logcraft_core_tests.dir/tests/output/test_shared_memory_sink.cpp.o
2026-07-22T10:37:02.6243892Z [600/700] Building CXX object CMakeFiles/logcraft_core_tests.dir/tests/output/test_window_seal_cursor.cpp.o
2026-07-22T10:37:03.9628920Z [601/700] Building CXX object CMakeFiles/logcraft_core_tests.dir/tests/output/test_per_agent_routing.cpp.o
2026-07-22T10:37:03.9939138Z [602/700] Building CXX object CMakeFiles/logcraft_core_tests.dir/tests/output/test_structured_schemas.cpp.o
2026-07-22T10:37:04.3198319Z [603/700] Building CXX object CMakeFiles/logcraft_core_tests.dir/tests/output/test_output_formats.cpp.o
2026-07-22T10:37:05.2256928Z [604/700] Building CXX object CMakeFiles/logcraft_core_tests.dir/tests/scenario/test_dsl_archetypes.cpp.o
2026-07-22T10:37:07.0889763Z [605/700] Building CXX object CMakeFiles/logcraft_core_tests.dir/tests/scenario/test_dsl_auto_determinism.cpp.o
2026-07-22T10:37:07.5854907Z [606/700] Building CXX object CMakeFiles/logcraft_core_tests.dir/tests/scenario/test_dsl_capabilities.cpp.o
2026-07-22T10:37:07.9917464Z [607/700] Building CXX object CMakeFiles/logcraft_core_tests.dir/tests/output/test_replay_mode.cpp.o
2026-07-22T10:37:08.9314924Z [608/700] Building CXX object CMakeFiles/logcraft_core_tests.dir/tests/scenario/test_dsl_causal_axis.cpp.o
2026-07-22T10:37:09.6789326Z [609/700] Building CXX object CMakeFiles/logcraft_core_tests.dir/tests/scenario/test_dsl_incidents.cpp.o
2026-07-22T10:37:09.6873982Z [610/700] Building CXX object CMakeFiles/logcraft_core_tests.dir/tests/scenario/test_dsl_fields.cpp.o
2026-07-22T10:37:10.4919128Z [611/700] Building CXX object CMakeFiles/logcraft_core_tests.dir/tests/scenario/test_dsl_build_axis.cpp.o
2026-07-22T10:37:10.6807627Z [612/700] Building CXX object CMakeFiles/logcraft_core_tests.dir/tests/scenario/test_dsl_advanced.cpp.o
2026-07-22T10:37:10.9333846Z [613/700] Building CXX object CMakeFiles/logcraft_core_tests.dir/tests/scenario/test_dsl_flows.cpp.o
2026-07-22T10:37:11.5710398Z [614/700] Building CXX object CMakeFiles/logcraft_core_tests.dir/tests/scenario/test_dsl_intent_axis.cpp.o
2026-07-22T10:37:14.2288116Z [615/700] Building CXX object CMakeFiles/logcraft_core_tests.dir/tests/scenario/test_dsl_intent_library.cpp.o
2026-07-22T10:37:14.2620626Z [616/700] Building CXX object CMakeFiles/logcraft_core_tests.dir/tests/scenario/test_dsl_outputs.cpp.o
2026-07-22T10:37:14.6998629Z [617/700] Building CXX object CMakeFiles/logcraft_core_tests.dir/tests/scenario/test_dsl_phases.cpp.o
2026-07-22T10:37:15.4360256Z [618/700] Building CXX object CMakeFiles/logcraft_core_tests.dir/tests/scenario/test_dsl_knob_axis.cpp.o
2026-07-22T10:37:16.3992353Z [619/700] Building CXX object CMakeFiles/logcraft_core_tests.dir/tests/scenario/test_dsl_tower.cpp.o
2026-07-22T10:37:16.5991726Z [620/700] Building CXX object CMakeFiles/logcraft_core_tests.dir/tests/scenario/test_dsl_validation.cpp.o
2026-07-22T10:37:16.8420087Z [621/700] Building CXX object CMakeFiles/logcraft_core_tests.dir/tests/scenario/test_loader_limits.cpp.o
2026-07-22T10:37:17.6002853Z [622/700] Building CXX object CMakeFiles/logcraft_core_tests.dir/tests/scenario/test_field_value_type_derivation.cpp.o
2026-07-22T10:37:18.6684576Z [623/700] Building CXX object CMakeFiles/logcraft_core_tests.dir/tests/scenario/test_dsl_scenario.cpp.o
2026-07-22T10:37:20.6731293Z [624/700] Building CXX object CMakeFiles/logcraft_core_bench.dir/src/scenario/scenario_loader.cpp.o
2026-07-22T10:37:21.6650062Z [625/700] Building CXX object CMakeFiles/logcraft_core_tests.dir/tests/smf/test_smf_v0.cpp.o
2026-07-22T10:37:21.9382575Z [626/700] Building CXX object CMakeFiles/logcraft_core_tests.dir/tests/smf/test_smf_recording.cpp.o
2026-07-22T10:37:22.6319939Z [627/700] Building CXX object CMakeFiles/logcraft_core_tests.dir/tests/timeline/test_timeline_cursor.cpp.o
2026-07-22T10:37:23.2378526Z [628/700] Building CXX object CMakeFiles/logcraft_core_bench.dir/src/smf/smf_manifest.cpp.o
2026-07-22T10:37:24.0938147Z [629/700] Building CXX object CMakeFiles/logcraft_core_tests.dir/tests/timeline/test_timeline_unfolder.cpp.o
2026-07-22T10:37:24.1580383Z [630/700] Building CXX object CMakeFiles/logcraft_core_bench.dir/src/smf/smf_writer.cpp.o
2026-07-22T10:37:24.8921576Z [631/700] Building CXX object CMakeFiles/logcraft_core_bench.dir/src/scenario/scenario_registry_resolution.cpp.o
2026-07-22T10:37:25.1409246Z [632/700] Building CXX object CMakeFiles/logcraft_core_tests.dir/tests/timeline/test_timeline_checkpoint.cpp.o
2026-07-22T10:37:25.2148923Z [633/700] Building CXX object CMakeFiles/logcraft_core_tests.dir/tests/timeline/test_timeline_metadata.cpp.o
2026-07-22T10:37:25.2173442Z [634/700] Building CXX object CMakeFiles/logcraft_core_bench.dir/src/flow/core.detail.flow.cppm.o
2026-07-22T10:37:25.3998505Z [635/700] Building CXX object CMakeFiles/logcraft_core_bench.dir/src/smf/smf_reader.cpp.o
2026-07-22T10:37:25.7874761Z [636/700] Building CXX object CMakeFiles/logcraft_core_bench.dir/src/output/core.detail.output-sink.cppm.o
2026-07-22T10:37:25.9125045Z [637/700] Building CXX object 'CMakeFiles/insight__semantic_github@synth_bb333fe43d17.dir/8940ba46be57.bmi'
2026-07-22T10:37:26.0067696Z [638/700] Building CXX object CMakeFiles/logcraft_core_bench.dir/src/scenario/scenario_section_dispatch.cpp.o
2026-07-22T10:37:26.2954382Z [639/700] Building CXX object 'CMakeFiles/insight__canon@synth_bb333fe43d17.dir/c1f3a03d4402.bmi'
2026-07-22T10:37:26.5604337Z [640/700] Building CXX object CMakeFiles/logcraft_core_bench.dir/src/timeline/core.detail.timeline.cppm.o
2026-07-22T10:37:26.5641981Z [641/700] Building CXX object CMakeFiles/logcraft_core_tests.dir/tests/timeline/test_shm_timeline_view.cpp.o
2026-07-22T10:37:26.8658406Z [642/700] Building CXX object CMakeFiles/logcraft_core_bench.dir/src/output/core.detail.output.cppm.o
2026-07-22T10:37:27.5306769Z [643/700] Building CXX object CMakeFiles/logcraft_core.dir/src/scenario/intent_library.cpp.o
2026-07-22T10:37:27.6140545Z [644/700] Building CXX object CMakeFiles/logcraft_core.dir/src/output/gha_intent_medium.cpp.o
2026-07-22T10:37:27.7033440Z [645/700] Building CXX object CMakeFiles/logcraft_core_tests.dir/src/scenario/intent_library.cpp.o
2026-07-22T10:37:27.7294091Z [646/700] Building CXX object CMakeFiles/logcraft_core_bench.dir/src/scenario/intent_library.cpp.o
2026-07-22T10:37:27.8532182Z [647/700] Building CXX object CMakeFiles/logcraft_core_tests.dir/src/output/gha_intent_medium.cpp.o
2026-07-22T10:37:27.9492010Z [648/700] Linking CXX static library liblogcraft_core.a
2026-07-22T10:37:28.7818204Z [649/700] Building CXX object CMakeFiles/logcraft_core_bench.dir/src/output/log_formatter.cpp.o
2026-07-22T10:37:29.0647605Z [650/700] Building CXX object CMakeFiles/logcraft_core_bench.dir/src/output/gha_intent_medium.cpp.o
2026-07-22T10:37:29.7965403Z [651/700] Building CXX object CMakeFiles/logcraft_core_bench.dir/src/output/console_sink.cpp.o
2026-07-22T10:37:29.8518736Z [652/700] Building CXX object CMakeFiles/logcraft_core_bench.dir/src/scenario/scenario_loader_detail.cpp.o
2026-07-22T10:37:30.3611807Z [653/700] Building CXX object CMakeFiles/logcraft_core_bench.dir/src/scenario/scenario_validation.cpp.o
2026-07-22T10:37:30.4061193Z [654/700] Building CXX object CMakeFiles/logcraft_core_bench.dir/src/timeline/flow_unfolder.cpp.o
2026-07-22T10:37:30.7413808Z [655/700] Building CXX object CMakeFiles/logcraft_core_bench.dir/src/flow/flow_engine.cpp.o
2026-07-22T10:37:30.7804101Z [656/700] Building CXX object CMakeFiles/logcraft_core_bench.dir/src/output/log_formatter_github_actions.cpp.o
2026-07-22T10:37:31.0099638Z [657/700] Building CXX object CMakeFiles/logcraft_core_bench.dir/src/output/log_formatter_cloud.cpp.o
2026-07-22T10:37:32.3682784Z [658/700] Building CXX object CMakeFiles/logcraft_core_bench.dir/src/output/log_formatter_mobile.cpp.o
2026-07-22T10:37:32.4444007Z [659/700] Building CXX object CMakeFiles/logcraft_core_bench.dir/src/output/file_sink.cpp.o
2026-07-22T10:37:32.5798569Z [660/700] Building CXX object CMakeFiles/logcraft_core_bench.dir/src/output/log_formatter_syslog.cpp.o
2026-07-22T10:37:32.6935914Z [661/700] Building CXX object CMakeFiles/logcraft_core_bench.dir/src/output/log_formatter_text.cpp.o
2026-07-22T10:37:33.4991354Z [662/700] Building CXX object CMakeFiles/logcraft_core_bench.dir/src/output/shared_memory_sink.cpp.o
2026-07-22T10:37:33.6278556Z [663/700] Building CXX object CMakeFiles/logcraft_core_bench.dir/src/output/output_manager.cpp.o
2026-07-22T10:37:34.0820010Z [664/700] Building CXX object CMakeFiles/logcraft_core_bench.dir/src/output/sharded_pipeline.cpp.o
2026-07-22T10:37:34.5326582Z [665/700] Building CXX object CMakeFiles/logcraft_core_bench.dir/src/output/recording_sink.cpp.o
2026-07-22T10:37:34.7790195Z [666/700] Linking CXX executable logcraft_core_module_test
2026-07-22T10:37:35.0936536Z [667/700] Linking CXX executable logcraft-validate
2026-07-22T10:37:35.6119853Z [668/700] Building CXX object CMakeFiles/logcraft_core_bench.dir/src/output/smf_recording_sink.cpp.o
2026-07-22T10:37:35.6480180Z [669/700] Building CXX object CMakeFiles/logcraft_core_bench.dir/src/timeline/timeline_cursor.cpp.o
2026-07-22T10:37:35.8965861Z [670/700] Building CXX object 'CMakeFiles/insight__canon@synth_bb333fe43d17.dir/b5cefc24456d.bmi'
2026-07-22T10:37:36.1855036Z [671/700] Building CXX object CMakeFiles/logcraft_core_bench.dir/src/output/http_sink.cpp.o
2026-07-22T10:37:37.7668846Z [672/700] Building CXX object CMakeFiles/logcraft_core_bench.dir/src/output/metrics_sink.cpp.o
2026-07-22T10:37:38.8738638Z [673/700] Building CXX object CMakeFiles/logcraft_core_bench.dir/src/timeline/shm_timeline_view.cpp.o
2026-07-22T10:37:39.3318948Z [674/700] Building CXX object CMakeFiles/logcraft_core_bench.dir/src/engine/core.detail.engine.cppm.o
2026-07-22T10:37:39.5982425Z [675/700] Building CXX object CMakeFiles/logcraft_core_bench.dir/src/timeline/timeline_engine.cpp.o
2026-07-22T10:37:40.3798137Z [676/700] Building CXX object CMakeFiles/logcraft_core_bench.dir/src/timeline/timeline_unfolder.cpp.o
2026-07-22T10:37:41.3592624Z [677/700] Building CXX object CMakeFiles/logcraft_core_bench.dir/src/engine/engine_api.cpp.o
2026-07-22T10:37:42.4501705Z [678/700] Building CXX object CMakeFiles/logcraft_core_tests.dir/tests/output/test_gha_document_use_intent.cpp.o
2026-07-22T10:37:42.9997615Z [679/700] Building CXX object CMakeFiles/logcraft_core_tests.dir/tests/output/test_gha_document_g2.cpp.o
2026-07-22T10:37:43.2409442Z [680/700] Building CXX object CMakeFiles/logcraft_core_bench.dir/src/engine/engine_replay.cpp.o
2026-07-22T10:37:43.5903524Z [681/700] Building CXX object CMakeFiles/logcraft_core_bench.dir/src/engine/command_facade.cpp.o
2026-07-22T10:37:44.7683566Z [682/700] Building CXX object CMakeFiles/logcraft_core_bench.dir/src/scenario/scenario_agent_parsing.cpp.o
2026-07-22T10:37:44.9285155Z [683/700] Linking CXX executable logcraft_core_tests
2026-07-22T10:37:44.9553472Z [684/700] Building CXX object CMakeFiles/logcraft_core_bench.dir/src/engine/engine_command_surface.cpp.o
2026-07-22T10:37:45.4109166Z [685/700] Building CXX object CMakeFiles/logcraft_core_bench.dir/benchmarks/core.bench.cppm.o
2026-07-22T10:37:46.2478722Z [686/700] Building CXX object CMakeFiles/logcraft_core_bench.dir/src/engine/replay_source.cpp.o
2026-07-22T10:37:47.6969717Z [687/700] Building CXX object CMakeFiles/logcraft_core_bench.dir/src/engine/engine_lifecycle.cpp.o
2026-07-22T10:37:48.7026352Z [688/700] Building CXX object CMakeFiles/logcraft_core_bench.dir/src/engine/runtime_monitor.cpp.o
2026-07-22T10:37:49.5608153Z [689/700] Building CXX object CMakeFiles/logcraft_core_bench.dir/benchmarks/bench_log_formatter.cpp.o
2026-07-22T10:37:49.6061600Z [690/700] Building CXX object CMakeFiles/logcraft_core_bench.dir/benchmarks/bench_field_generators.cpp.o
2026-07-22T10:37:49.7988431Z [691/700] Building CXX object CMakeFiles/logcraft_core_bench.dir/benchmarks/bench_ring_throughput.cpp.o
2026-07-22T10:37:49.9998772Z [692/700] Building CXX object CMakeFiles/logcraft_core_bench.dir/src/engine/engine.cpp.o
2026-07-22T10:37:50.3973792Z [693/700] Building CXX object CMakeFiles/logcraft_core_bench.dir/src/engine/engine_manager.cpp.o
2026-07-22T10:37:50.6774519Z [694/700] Building CXX object CMakeFiles/logcraft_core_bench.dir/benchmarks/bench_deterministic_replay.cpp.o
2026-07-22T10:37:50.9404198Z [695/700] Building CXX object CMakeFiles/logcraft_core_bench.dir/benchmarks/bench_sharded_pipeline.cpp.o
2026-07-22T10:37:51.1400870Z [696/700] Building CXX object CMakeFiles/logcraft_core_bench.dir/benchmarks/bench_phase_split.cpp.o
2026-07-22T10:37:51.9106449Z [697/700] Building CXX object CMakeFiles/logcraft_core_bench.dir/benchmarks/bench_engine_throughput.cpp.o
2026-07-22T10:37:52.2949881Z [698/700] Building CXX object CMakeFiles/logcraft_core_bench.dir/benchmarks/bench_timeline_seek.cpp.o
2026-07-22T10:37:52.4591274Z [699/700] Linking CXX executable logcraft_core_bench
2026-07-22T10:37:52.5613296Z Test project /home/runner/work/logcraft/logcraft/build/core
2026-07-22T10:37:52.5739004Z         Start   1: FieldGeneratorTest.WeightedChoiceProducesValidValues
2026-07-22T10:37:52.5777135Z   1/762 Test   #1: FieldGeneratorTest.WeightedChoiceProducesValidValues .....................................   Passed    0.00 sec
2026-07-22T10:37:52.5781307Z         Start   2: FieldGeneratorTest.RangeProducesInBounds
2026-07-22T10:37:52.5812903Z   2/762 Test   #2: FieldGeneratorTest.RangeProducesInBounds .................................................   Passed    0.00 sec
2026-07-22T10:37:52.5815915Z         Start   3: FieldGeneratorTest.ChoiceSelectsFromValues
2026-07-22T10:37:52.5848098Z   3/762 Test   #3: FieldGeneratorTest.ChoiceSelectsFromValues ...............................................   Passed    0.00 sec
2026-07-22T10:37:52.5850355Z         Start   4: FieldGeneratorTest.SequenceIncrements
2026-07-22T10:37:52.5880933Z   4/762 Test   #4: FieldGeneratorTest.SequenceIncrements ....................................................   Passed    0.00 sec
2026-07-22T10:37:52.5886260Z         Start   5: FieldGeneratorTest.StaticAlwaysReturnsValue
2026-07-22T10:37:52.5917316Z   5/762 Test   #5: FieldGeneratorTest.StaticAlwaysReturnsValue ..............................................   Passed    0.00 sec
2026-07-22T10:37:52.5920488Z         Start   6: FieldGeneratorTest.ConditionalGeneratorSelectsBranch
2026-07-22T10:37:52.5950402Z   6/762 Test   #6: FieldGeneratorTest.ConditionalGeneratorSelectsBranch .....................................   Passed    0.00 sec
2026-07-22T10:37:52.5954006Z         Start   7: FieldGeneratorTest.NormalDistributionProducesValues
2026-07-22T10:37:52.5985024Z   7/762 Test   #7: FieldGeneratorTest.NormalDistributionProducesValues ......................................   Passed    0.00 sec
2026-07-22T10:37:52.5988122Z         Start   8: FieldGeneratorTest.PercentileDistributionProducesValues
2026-07-22T10:37:52.6019047Z   8/762 Test   #8: FieldGeneratorTest.PercentileDistributionProducesValues ..................................   Passed    0.00 sec
2026-07-22T10:37:52.6021980Z         Start   9: AgentTest.GeneratesPushesRecords
2026-07-22T10:37:52.8067344Z   9/762 Test   #9: AgentTest.GeneratesPushesRecords .........................................................   Passed    0.20 sec
2026-07-22T10:37:52.8071702Z         Start  10: AgentTest.ErrorInjectionChangesLevel
2026-07-22T10:37:52.9126610Z  10/762 Test  #10: AgentTest.ErrorInjectionChangesLevel .....................................................   Passed    0.11 sec
2026-07-22T10:37:52.9130569Z         Start  11: AgentTest.AgentWithLatencyDistribution
2026-07-22T10:37:53.1188376Z  11/762 Test  #11: AgentTest.AgentWithLatencyDistribution ...................................................   Passed    0.21 sec
2026-07-22T10:37:53.1192004Z         Start  12: AgentTest.AgentWithPhases
2026-07-22T10:37:53.3238432Z  12/762 Test  #12: AgentTest.AgentWithPhases ................................................................   Passed    0.20 sec
2026-07-22T10:37:53.3242111Z         Start  13: AgentTest.StateVariableGrowthAndEffects
2026-07-22T10:37:53.5292562Z  13/762 Test  #13: AgentTest.StateVariableGrowthAndEffects ..................................................   Passed    0.20 sec
2026-07-22T10:37:53.5296314Z         Start  14: AgentTest.IncidentEffectIncreasesErrors
2026-07-22T10:37:53.6352023Z  14/762 Test  #14: AgentTest.IncidentEffectIncreasesErrors ..................................................   Passed    0.11 sec
2026-07-22T10:37:53.6355452Z         Start  15: AgentTest.EpochEffectsValueRoundTripsComposesAndIsChannelIndependent
2026-07-22T10:37:53.6466762Z  15/762 Test  #15: AgentTest.EpochEffectsValueRoundTripsComposesAndIsChannelIndependent .....................   Passed    0.00 sec
2026-07-22T10:37:53.6470746Z         Start  16: AgentTest.IdenticalEffectSequencesProduceEqualEpochEffectsAtEveryStep
2026-07-22T10:37:53.6504129Z  16/762 Test  #16: AgentTest.IdenticalEffectSequencesProduceEqualEpochEffectsAtEveryStep ....................   Passed    0.00 sec
2026-07-22T10:37:53.6508132Z         Start  17: AgentTest.ErrorFieldCorrelation
2026-07-22T10:37:53.7553216Z  17/762 Test  #17: AgentTest.ErrorFieldCorrelation ..........................................................   Passed    0.10 sec
2026-07-22T10:37:53.7557118Z         Start  18: AgentTest.EnvironmentMetadataInjection
2026-07-22T10:37:53.8600111Z  18/762 Test  #18: AgentTest.EnvironmentMetadataInjection ...................................................   Passed    0.10 sec
2026-07-22T10:37:53.8604013Z         Start  19: AgentTest.AvailabilityInjectsErrors
2026-07-22T10:37:53.9650199Z  19/762 Test  #19: AgentTest.AvailabilityInjectsErrors ......................................................   Passed    0.10 sec
2026-07-22T10:37:53.9654562Z         Start  20: AgentTest.ContentionAddsQueueLatency
2026-07-22T10:37:54.0700165Z  20/762 Test  #20: AgentTest.ContentionAddsQueueLatency .....................................................   Passed    0.10 sec
2026-07-22T10:37:54.0703420Z         Start  21: AgentTest.SlowQueryInjection
2026-07-22T10:37:54.1750860Z  21/762 Test  #21: AgentTest.SlowQueryInjection .............................................................   Passed    0.10 sec
2026-07-22T10:37:54.1755372Z         Start  22: AgentTest.LatencyDedupSkipsIfFieldExists
2026-07-22T10:37:54.2800969Z  22/762 Test  #22: AgentTest.LatencyDedupSkipsIfFieldExists .................................................   Passed    0.10 sec
2026-07-22T10:37:54.2804677Z         Start  23: AgentTest.ClearIncidentEffectResetsState
2026-07-22T10:37:54.3858281Z  23/762 Test  #23: AgentTest.ClearIncidentEffectResetsState .................................................   Passed    0.11 sec
2026-07-22T10:37:54.3861702Z         Start  24: AgentTest.SessionLifecycleInjectsUserIdAndSessionId
2026-07-22T10:37:54.4910956Z  24/762 Test  #24: AgentTest.SessionLifecycleInjectsUserIdAndSessionId ......................................   Passed    0.10 sec
2026-07-22T10:37:54.4914385Z         Start  25: AgentTest.EntityPoolReplacesSequenceIds
2026-07-22T10:37:54.5963672Z  25/762 Test  #25: AgentTest.EntityPoolReplacesSequenceIds ..................................................   Passed    0.10 sec
2026-07-22T10:37:54.5967836Z         Start  26: AgentTest.PersonaTrafficShapingInjectsPersonaField
2026-07-22T10:37:54.7019446Z  26/762 Test  #26: AgentTest.PersonaTrafficShapingInjectsPersonaField .......................................   Passed    0.10 sec
2026-07-22T10:37:54.7023329Z         Start  27: AgentTest.HealthStateMachineTransitions
2026-07-22T10:37:54.9076753Z  27/762 Test  #27: AgentTest.HealthStateMachineTransitions ..................................................   Passed    0.21 sec
2026-07-22T10:37:54.9080828Z         Start  28: AgentTest.FieldVariationJitterModifiesNumericFields
2026-07-22T10:37:55.0129443Z  28/762 Test  #28: AgentTest.FieldVariationJitterModifiesNumericFields ......................................   Passed    0.10 sec
2026-07-22T10:37:55.0133692Z         Start  29: AgentTest.GenerateBurstEnqueuesAtLeastBurstCount
2026-07-22T10:37:55.1177696Z  29/762 Test  #29: AgentTest.GenerateBurstEnqueuesAtLeastBurstCount .........................................   Passed    0.10 sec
2026-07-22T10:37:55.1183464Z         Start  30: AgentTest.SetErrorRateToMaxProducesAllErrors
2026-07-22T10:37:55.2436205Z  30/762 Test  #30: AgentTest.SetErrorRateToMaxProducesAllErrors .............................................   Passed    0.13 sec
2026-07-22T10:37:55.2440769Z         Start  31: AgentTest.SetRateNearZeroStopsOutput
2026-07-22T10:37:55.3585441Z  31/762 Test  #31: AgentTest.SetRateNearZeroStopsOutput .....................................................   Passed    0.11 sec
2026-07-22T10:37:55.3588981Z         Start  32: AgentTest.SinusoidalModulationProducesRecords
2026-07-22T10:37:55.5639277Z  32/762 Test  #32: AgentTest.SinusoidalModulationProducesRecords ............................................   Passed    0.20 sec
2026-07-22T10:37:55.5642539Z         Start  33: AgentTest.BusinessHoursModulationProducesRecords
2026-07-22T10:37:55.6689513Z  33/762 Test  #33: AgentTest.BusinessHoursModulationProducesRecords .........................................   Passed    0.10 sec
2026-07-22T10:37:55.6692509Z         Start  34: AgentTest.CascadeEffectRaisesErrorRate
2026-07-22T10:37:55.7740726Z  34/762 Test  #34: AgentTest.CascadeEffectRaisesErrorRate ...................................................   Passed    0.10 sec
2026-07-22T10:37:55.7744135Z         Start  35: AgentTest.ClearCascadeEffectResetsToNormal
2026-07-22T10:37:55.8793990Z  35/762 Test  #35: AgentTest.ClearCascadeEffectResetsToNormal ...............................................   Passed    0.10 sec
2026-07-22T10:37:55.8798348Z         Start  36: AgentTest.LevelOverrideAppliedForMatchingValue
2026-07-22T10:37:55.9850527Z  36/762 Test  #36: AgentTest.LevelOverrideAppliedForMatchingValue ...........................................   Passed    0.11 sec
2026-07-22T10:37:55.9854169Z         Start  37: AgentTest.LevelOverrideHighestSeverityWins
2026-07-22T10:37:56.0902580Z  37/762 Test  #37: AgentTest.LevelOverrideHighestSeverityWins ...............................................   Passed    0.10 sec
2026-07-22T10:37:56.0905961Z         Start  38: AgentTest.LevelOverrideNoMatchFallsBackToLevelWeights
2026-07-22T10:37:56.1957761Z  38/762 Test  #38: AgentTest.LevelOverrideNoMatchFallsBackToLevelWeights ....................................   Passed    0.10 sec
2026-07-22T10:37:56.1961317Z         Start  39: AgentTest.LevelOverrideIsDeterministic
2026-07-22T10:37:56.4017911Z  39/762 Test  #39: AgentTest.LevelOverrideIsDeterministic ...................................................   Passed    0.21 sec
2026-07-22T10:37:56.4021076Z         Start  40: AgentTest.LevelOverrideCannotDowngradeErrorInjectedRecord
2026-07-22T10:37:56.5069127Z  40/762 Test  #40: AgentTest.LevelOverrideCannotDowngradeErrorInjectedRecord ................................   Passed    0.10 sec
2026-07-22T10:37:56.5073477Z         Start  41: AgentTest.LevelWeightsDistribution
2026-07-22T10:37:56.6122788Z  41/762 Test  #41: AgentTest.LevelWeightsDistribution .......................................................   Passed    0.10 sec
2026-07-22T10:37:56.6126354Z         Start  42: AgentTest.SetRateExactZeroSilencesAgent
2026-07-22T10:37:56.9475867Z  42/762 Test  #42: AgentTest.SetRateExactZeroSilencesAgent ..................................................   Passed    0.33 sec
2026-07-22T10:37:56.9480371Z         Start  43: AgentTest.SetRateZeroThenResumeProducesRecords
2026-07-22T10:37:57.3331581Z  43/762 Test  #43: AgentTest.SetRateZeroThenResumeProducesRecords ...........................................   Passed    0.38 sec
2026-07-22T10:37:57.3334859Z         Start  44: EmitFalseTemplateInput.TemplateStillInterpolatesAFieldMarkedEmitFalse
2026-07-22T10:37:57.3371639Z  44/762 Test  #44: EmitFalseTemplateInput.TemplateStillInterpolatesAFieldMarkedEmitFalse ....................   Passed    0.00 sec
2026-07-22T10:37:57.3374152Z         Start  45: EmitFalseTemplateInput.EmitFalseRemovesTheDuplicateTailItem
2026-07-22T10:37:57.3405781Z  45/762 Test  #45: EmitFalseTemplateInput.EmitFalseRemovesTheDuplicateTailItem ..............................   Passed    0.00 sec
2026-07-22T10:37:57.3408834Z         Start  46: EmitFalseTemplateInput.DefaultEmitTrueStillEmitsTheTailAndReproducesTheDuplicate
2026-07-22T10:37:57.3440647Z  46/762 Test  #46: EmitFalseTemplateInput.DefaultEmitTrueStillEmitsTheTailAndReproducesTheDuplicate .........   Passed    0.00 sec
2026-07-22T10:37:57.3443319Z         Start  47: ErrorCascadingFeature.YamlParsingOfAutoCascade
2026-07-22T10:37:57.3477958Z  47/762 Test  #47: ErrorCascadingFeature.YamlParsingOfAutoCascade ...........................................   Passed    0.00 sec
2026-07-22T10:37:57.3480907Z         Start  48: ErrorCascadingFeature.DampeningReducesEffectPerHop
2026-07-22T10:37:58.3688163Z  48/762 Test  #48: ErrorCascadingFeature.DampeningReducesEffectPerHop .......................................   Passed    1.02 sec
2026-07-22T10:37:58.3691753Z         Start  49: ErrorCascadingFeature.BlastRadiusLimitsHopCount
2026-07-22T10:37:59.0896788Z  49/762 Test  #49: ErrorCascadingFeature.BlastRadiusLimitsHopCount ..........................................   Passed    0.72 sec
2026-07-22T10:37:59.0900675Z         Start  50: ErrorCascadingFeature.CascadeClearOnSourceRecovery
2026-07-22T10:38:00.1141314Z  50/762 Test  #50: ErrorCascadingFeature.CascadeClearOnSourceRecovery .......................................   Passed    1.02 sec
2026-07-22T10:38:00.1148002Z         Start  51: FootballMatchWhatIf.DeterministicReplayWithSameSeed
2026-07-22T10:38:00.1319885Z  51/762 Test  #51: FootballMatchWhatIf.DeterministicReplayWithSameSeed ......................................   Passed    0.02 sec
2026-07-22T10:38:00.1323481Z         Start  52: FootballMatchWhatIf.WhatIfRemovingInjuryChangesCausallyTheScore
2026-07-22T10:38:00.1446630Z  52/762 Test  #52: FootballMatchWhatIf.WhatIfRemovingInjuryChangesCausallyTheScore ..........................   Passed    0.01 sec
2026-07-22T10:38:00.1450290Z         Start  53: GenerateRecordKernel.IdenticalInputsProduceByteIdenticalRecord
2026-07-22T10:38:00.1485616Z  53/762 Test  #53: GenerateRecordKernel.IdenticalInputsProduceByteIdenticalRecord ...........................   Passed    0.00 sec
2026-07-22T10:38:00.1489314Z         Start  54: GenerateRecordKernel.RepeatedCallSameOrdinalReproduces
2026-07-22T10:38:00.1521867Z  54/762 Test  #54: GenerateRecordKernel.RepeatedCallSameOrdinalReproduces ...................................   Passed    0.00 sec
2026-07-22T10:38:00.1526782Z         Start  55: GenerateRecordKernel.SnapshotRestoreRoundTripsOwnedBoundaryState
2026-07-22T10:38:00.1575202Z  55/762 Test  #55: GenerateRecordKernel.SnapshotRestoreRoundTripsOwnedBoundaryState .........................   Passed    0.00 sec
2026-07-22T10:38:00.1578714Z         Start  56: BranchWeightRamp.ScheduleShiftsSuccessorEntropyPastThreshold
2026-07-22T10:38:00.2288455Z  56/762 Test  #56: BranchWeightRamp.ScheduleShiftsSuccessorEntropyPastThreshold .............................   Passed    0.07 sec
2026-07-22T10:38:00.2294838Z         Start  57: BranchWeightRamp.FlatScheduleStaysConcentrated
2026-07-22T10:38:00.2985623Z  57/762 Test  #57: BranchWeightRamp.FlatScheduleStaysConcentrated ...........................................   Passed    0.07 sec
2026-07-22T10:38:00.2988615Z         Start  58: BranchWeightRamp.ReplaysBitIdentically
2026-07-22T10:38:00.4431369Z  58/762 Test  #58: BranchWeightRamp.ReplaysBitIdentically ...................................................   Passed    0.14 sec
2026-07-22T10:38:00.4434470Z         Start  59: CounterRngPhi.ReferenceVectorIsBitExact
2026-07-22T10:38:00.4470158Z  59/762 Test  #59: CounterRngPhi.ReferenceVectorIsBitExact ..................................................   Passed    0.00 sec
2026-07-22T10:38:00.4473451Z         Start  60: CounterRngPhi.SeekResetsLocalSoBlockIsReproducible
2026-07-22T10:38:00.4508996Z  60/762 Test  #60: CounterRngPhi.SeekResetsLocalSoBlockIsReproducible .......................................   Passed    0.00 sec
2026-07-22T10:38:00.4513406Z         Start  61: CounterRngPhi.PositionAddressableNotConsumptionOrdered
2026-07-22T10:38:00.4545242Z  61/762 Test  #61: CounterRngPhi.PositionAddressableNotConsumptionOrdered ...................................   Passed    0.00 sec
2026-07-22T10:38:00.4548155Z         Start  62: DegenerateFluxGate.LoaderCompatPrecondition
2026-07-22T10:38:00.4586231Z  62/762 Test  #62: DegenerateFluxGate.LoaderCompatPrecondition ..............................................   Passed    0.00 sec
2026-07-22T10:38:00.4588932Z         Start  63: DegenerateFluxGate.RendersByteIdenticalToFrozenGolden
2026-07-22T10:38:00.4627359Z  63/762 Test  #63: DegenerateFluxGate.RendersByteIdenticalToFrozenGolden ....................................   Passed    0.00 sec
2026-07-22T10:38:00.4630017Z         Start  64: BitIdenticalAutoDeterminismTest.SeedOnlyYieldsBitIdenticalContentAcrossRuns
2026-07-22T10:38:00.4669598Z  64/762 Test  #64: BitIdenticalAutoDeterminismTest.SeedOnlyYieldsBitIdenticalContentAcrossRuns ..............   Passed    0.00 sec
2026-07-22T10:38:00.4672058Z         Start  65: BitIdenticalAutoDeterminismTest.SeedOnlyTimestampsStrictlyAdvance
2026-07-22T10:38:00.4711289Z  65/762 Test  #65: BitIdenticalAutoDeterminismTest.SeedOnlyTimestampsStrictlyAdvance ........................   Passed    0.00 sec
2026-07-22T10:38:00.4714220Z         Start  66: BitIdenticalAutoDeterminismTest.SchedulerDrivenEmissionsAreBitIdentical
2026-07-22T10:38:00.4811309Z  66/762 Test  #66: BitIdenticalAutoDeterminismTest.SchedulerDrivenEmissionsAreBitIdentical ..................   Passed    0.01 sec
2026-07-22T10:38:00.4820817Z         Start  67: RampHarnessComparator.IdentityLineSeesWhatTheOldProjectionMissed
2026-07-22T10:38:00.4846131Z  67/762 Test  #67: RampHarnessComparator.IdentityLineSeesWhatTheOldProjectionMissed .........................   Passed    0.00 sec
2026-07-22T10:38:00.4848598Z         Start  68: BuildAxisDeterminism.EveryMaterializedBuildReplaysBitIdentically
2026-07-22T10:38:00.4932813Z  68/762 Test  #68: BuildAxisDeterminism.EveryMaterializedBuildReplaysBitIdentically .........................   Passed    0.01 sec
2026-07-22T10:38:00.4935226Z         Start  69: BuildAxisDeterminism.TheDegenerateAxisIsByteIdenticalToAnEdgelessOne
2026-07-22T10:38:00.4985930Z  69/762 Test  #69: BuildAxisDeterminism.TheDegenerateAxisIsByteIdenticalToAnEdgelessOne .....................   Passed    0.00 sec
2026-07-22T10:38:00.4988626Z         Start  70: BuildAxisDeterminism.ADerivedCoordinateIsByteIdenticalToTheHandAuthoredWorld
2026-07-22T10:38:00.5046237Z  70/762 Test  #70: BuildAxisDeterminism.ADerivedCoordinateIsByteIdenticalToTheHandAuthoredWorld .............   Passed    0.01 sec
2026-07-22T10:38:00.5047624Z         Start  71: BuildAxisDeterminism.RemoveAdvanceMovesExactlyItsQuantum
2026-07-22T10:38:00.5101372Z  71/762 Test  #71: BuildAxisDeterminism.RemoveAdvanceMovesExactlyItsQuantum .................................   Passed    0.01 sec
2026-07-22T10:38:00.5103952Z         Start  72: BuildAxisDeterminism.AddAdvanceMovesExactlyItsQuantum
2026-07-22T10:38:00.5158274Z  72/762 Test  #72: BuildAxisDeterminism.AddAdvanceMovesExactlyItsQuantum ....................................   Passed    0.01 sec
2026-07-22T10:38:00.5160835Z         Start  73: BuildAxisDeterminism.RewordAdvanceMovesExactlyItsQuantumAndOnlyItsBanner
2026-07-22T10:38:00.5227065Z  73/762 Test  #73: BuildAxisDeterminism.RewordAdvanceMovesExactlyItsQuantumAndOnlyItsBanner .................   Passed    0.01 sec
2026-07-22T10:38:00.5229792Z         Start  74: BuildAxisDeterminism.FailingStepAdvanceMovesExactlyItsQuantum
2026-07-22T10:38:00.5284408Z  74/762 Test  #74: BuildAxisDeterminism.FailingStepAdvanceMovesExactlyItsQuantum ............................   Passed    0.01 sec
2026-07-22T10:38:00.5287075Z         Start  75: CausalAxisDeterminism.CoordinateZeroIsByteIdenticalToTheHandAuthoredBase
2026-07-22T10:38:00.5334404Z  75/762 Test  #75: CausalAxisDeterminism.CoordinateZeroIsByteIdenticalToTheHandAuthoredBase .................   Passed    0.00 sec
2026-07-22T10:38:00.5337378Z         Start  76: CausalAxisDeterminism.DerivedCoordinateIsByteIdenticalToTheHandAuthoredCounterfactual
2026-07-22T10:38:00.5391377Z  76/762 Test  #76: CausalAxisDeterminism.DerivedCoordinateIsByteIdenticalToTheHandAuthoredCounterfactual ....   Passed    0.01 sec
2026-07-22T10:38:00.5394376Z         Start  77: CausalAxisDeterminism.BaseLoadUnfoldsAsCoordinateZero
2026-07-22T10:38:00.5445387Z  77/762 Test  #77: CausalAxisDeterminism.BaseLoadUnfoldsAsCoordinateZero ....................................   Passed    0.01 sec
2026-07-22T10:38:00.5448320Z         Start  78: CausalAxisDeterminism.AblationMovesExactlyTheTargetAgent
2026-07-22T10:38:00.5497672Z  78/762 Test  #78: CausalAxisDeterminism.AblationMovesExactlyTheTargetAgent .................................   Passed    0.00 sec
2026-07-22T10:38:00.5500163Z         Start  79: ComprehensiveDeterminismTest.AllFeaturesYieldIdenticalContentAcrossRuns
2026-07-22T10:38:00.5567502Z  79/762 Test  #79: ComprehensiveDeterminismTest.AllFeaturesYieldIdenticalContentAcrossRuns ..................   Passed    0.01 sec
2026-07-22T10:38:00.5570141Z         Start  80: ComprehensiveDeterminismTest.DifferentSeedsYieldDifferentContent
2026-07-22T10:38:00.5614338Z  80/762 Test  #80: ComprehensiveDeterminismTest.DifferentSeedsYieldDifferentContent .........................   Passed    0.00 sec
2026-07-22T10:38:00.5616911Z         Start  81: DoOperatorDeterminismTest.RemovingAgentLeavesOtherAgentByteIdentical
2026-07-22T10:38:00.5653508Z  81/762 Test  #81: DoOperatorDeterminismTest.RemovingAgentLeavesOtherAgentByteIdentical .....................   Passed    0.00 sec
2026-07-22T10:38:00.5658005Z         Start  82: DoOperatorDeterminismTest.RemovingMiddleAgentLeavesNeighboursByteIdentical
2026-07-22T10:38:00.5707642Z  82/762 Test  #82: DoOperatorDeterminismTest.RemovingMiddleAgentLeavesNeighboursByteIdentical ...............   Passed    0.00 sec
2026-07-22T10:38:00.5710662Z         Start  83: DeterminismE2ETest.SameSeedProducesSameContent
2026-07-22T10:38:00.5760001Z  83/762 Test  #83: DeterminismE2ETest.SameSeedProducesSameContent ...........................................   Passed    0.00 sec
2026-07-22T10:38:00.5762449Z         Start  84: DeterminismE2ETest.ShardedPipelineConfigStillProducesContent
2026-07-22T10:38:00.5795510Z  84/762 Test  #84: DeterminismE2ETest.ShardedPipelineConfigStillProducesContent .............................   Passed    0.00 sec
2026-07-22T10:38:00.5798427Z         Start  85: DeterminismFlowTest.BranchingFlowIsBitIdentical
2026-07-22T10:38:00.5849572Z  85/762 Test  #85: DeterminismFlowTest.BranchingFlowIsBitIdentical ..........................................   Passed    0.01 sec
2026-07-22T10:38:00.5853310Z         Start  86: DeterminismFlowTest.FlowDoesNotPerturbAgentSeeds
2026-07-22T10:38:00.5895512Z  86/762 Test  #86: DeterminismFlowTest.FlowDoesNotPerturbAgentSeeds .........................................   Passed    0.00 sec
2026-07-22T10:38:00.5898053Z         Start  87: FlowCorrelationFieldTest.RendersMaskableBareOrdinal
2026-07-22T10:38:00.5936194Z  87/762 Test  #87: FlowCorrelationFieldTest.RendersMaskableBareOrdinal ......................................   Passed    0.00 sec
2026-07-22T10:38:00.5939228Z         Start  88: FlowMaxStepsTest.BackEdgeCycleTerminatesAtCap
2026-07-22T10:38:00.5976415Z  88/762 Test  #88: FlowMaxStepsTest.BackEdgeCycleTerminatesAtCap ............................................   Passed    0.00 sec
2026-07-22T10:38:00.5978798Z         Start  89: FlowMaxStepsTest.CappedCycleIsDeterministic
2026-07-22T10:38:00.6019312Z  89/762 Test  #89: FlowMaxStepsTest.CappedCycleIsDeterministic ..............................................   Passed    0.00 sec
2026-07-22T10:38:00.6021926Z         Start  90: ShmGate.DataFrameCountStable
2026-07-22T10:38:00.8970628Z  90/762 Test  #90: ShmGate.DataFrameCountStable .............................................................   Passed    0.29 sec
2026-07-22T10:38:00.8973187Z         Start  91: ShmGate.PerShardStreamIsBitIdentical
2026-07-22T10:38:03.5122013Z  91/762 Test  #91: ShmGate.PerShardStreamIsBitIdentical .....................................................   Passed    2.61 sec
2026-07-22T10:38:03.5125964Z         Start  92: ShmGate.WindowSealSetIsDeterministic
2026-07-22T10:38:03.7815989Z  92/762 Test  #92: ShmGate.WindowSealSetIsDeterministic .....................................................   Passed    0.27 sec
2026-07-22T10:38:03.7819042Z         Start  93: ShmGate.DataPrecedesSealPerShardUnderBackpressure
2026-07-22T10:38:03.8366393Z  93/762 Test  #93: ShmGate.DataPrecedesSealPerShardUnderBackpressure ........................................   Passed    0.05 sec
2026-07-22T10:38:03.8371621Z         Start  94: ShmGate.WindowSealsCompleteUnderPlayToTargetWithoutStop
2026-07-22T10:38:03.9744481Z  94/762 Test  #94: ShmGate.WindowSealsCompleteUnderPlayToTargetWithoutStop ..................................   Passed    0.14 sec
2026-07-22T10:38:03.9747353Z         Start  95: ShmGate.ChunkedPlayToTargetClosesAllWindowsAcrossShards
2026-07-22T10:38:04.0629534Z  95/762 Test  #95: ShmGate.ChunkedPlayToTargetClosesAllWindowsAcrossShards ..................................   Passed    0.09 sec
2026-07-22T10:38:04.0630414Z         Start  96: ShmGate.GenerationCountIsIoThreadInvariant
2026-07-22T10:38:07.5420273Z  96/762 Test  #96: ShmGate.GenerationCountIsIoThreadInvariant ...............................................   Passed    3.48 sec
2026-07-22T10:38:07.5424572Z         Start  97: FieldWeightRamp.RampShiftsFieldHistogramWindowByWindow
2026-07-22T10:38:07.5771215Z  97/762 Test  #97: FieldWeightRamp.RampShiftsFieldHistogramWindowByWindow ...................................   Passed    0.03 sec
2026-07-22T10:38:07.5773455Z         Start  98: FieldWeightRamp.SupportStaysFixedAcrossTheRamp
2026-07-22T10:38:07.6090280Z  98/762 Test  #98: FieldWeightRamp.SupportStaysFixedAcrossTheRamp ...........................................   Passed    0.03 sec
2026-07-22T10:38:07.6091580Z         Start  99: FieldWeightRamp.FlatRampIsStationary
2026-07-22T10:38:07.6416807Z  99/762 Test  #99: FieldWeightRamp.FlatRampIsStationary .....................................................   Passed    0.03 sec
2026-07-22T10:38:07.6419826Z         Start 100: FieldWeightRamp.RampReplaysBitIdentically
2026-07-22T10:38:07.6981873Z 100/762 Test #100: FieldWeightRamp.RampReplaysBitIdentically ................................................   Passed    0.06 sec
2026-07-22T10:38:07.6984864Z         Start 101: FlowFieldRamp.DriftsFlowStepFieldWindowByWindow
2026-07-22T10:38:07.7313721Z 101/762 Test #101: FlowFieldRamp.DriftsFlowStepFieldWindowByWindow ..........................................   Passed    0.03 sec
2026-07-22T10:38:07.7316174Z         Start 102: FlowFieldRamp.ReplaysBitIdentically
2026-07-22T10:38:07.8071641Z 102/762 Test #102: FlowFieldRamp.ReplaysBitIdentically ......................................................   Passed    0.07 sec
2026-07-22T10:38:07.8072151Z         Start 103: LevelWeightRamp.RampShiftsLevelHistogramWindowByWindow
2026-07-22T10:38:07.8387602Z 103/762 Test #103: LevelWeightRamp.RampShiftsLevelHistogramWindowByWindow ...................................   Passed    0.03 sec
2026-07-22T10:38:07.8388870Z         Start 104: LevelWeightRamp.FlatRampIsStationary
2026-07-22T10:38:07.8701434Z 104/762 Test #104: LevelWeightRamp.FlatRampIsStationary .....................................................   Passed    0.03 sec
2026-07-22T10:38:07.8702528Z         Start 105: LevelWeightRamp.RampReplaysBitIdentically
2026-07-22T10:38:07.9289643Z 105/762 Test #105: LevelWeightRamp.RampReplaysBitIdentically ................................................   Passed    0.06 sec
2026-07-22T10:38:07.9291040Z         Start 106: LocaleIndependenceGate.FormatDecimalIgnoresACommaDecimalGlobalLocale
2026-07-22T10:38:07.9330531Z 106/762 Test #106: LocaleIndependenceGate.FormatDecimalIgnoresACommaDecimalGlobalLocale .....................   Passed    0.00 sec
2026-07-22T10:38:07.9334256Z         Start 107: LocaleIndependenceGate.ParseDoubleIgnoresACommaDecimalGlobalLocale
2026-07-22T10:38:07.9380261Z 107/762 Test #107: LocaleIndependenceGate.ParseDoubleIgnoresACommaDecimalGlobalLocale .......................   Passed    0.00 sec
2026-07-22T10:38:07.9382007Z         Start 108: LocaleIndependenceGate.FormatParseRoundTripsUnderACommaDecimalGlobalLocale
2026-07-22T10:38:07.9416008Z 108/762 Test #108: LocaleIndependenceGate.FormatParseRoundTripsUnderACommaDecimalGlobalLocale ...............   Passed    0.00 sec
2026-07-22T10:38:07.9418848Z         Start 109: LocaleIndependenceGate.ToCharsRenderingIsDigitIdenticalToTheFormerCLocaleOutput
2026-07-22T10:38:07.9449785Z 109/762 Test #109: LocaleIndependenceGate.ToCharsRenderingIsDigitIdenticalToTheFormerCLocaleOutput ..........   Passed    0.00 sec
2026-07-22T10:38:07.9452364Z         Start 110: LocaleIndependenceGate.ParseAcceptanceSurfaceMatchesTheFormerIostreamForm
2026-07-22T10:38:07.9483411Z 110/762 Test #110: LocaleIndependenceGate.ParseAcceptanceSurfaceMatchesTheFormerIostreamForm ................   Passed    0.00 sec
2026-07-22T10:38:07.9486040Z         Start 111: LocaleIndependenceGate.NoNumericFormattingOrParsingThroughIostreams
2026-07-22T10:38:07.9565039Z 111/762 Test #111: LocaleIndependenceGate.NoNumericFormattingOrParsingThroughIostreams ......................   Passed    0.01 sec
2026-07-22T10:38:07.9567828Z         Start 112: NoiseDuplicationReplay.EveryRecordDuplicatedOnPlayToTargetPath
2026-07-22T10:38:07.9617568Z 112/762 Test #112: NoiseDuplicationReplay.EveryRecordDuplicatedOnPlayToTargetPath ...........................   Passed    0.00 sec
2026-07-22T10:38:07.9619916Z         Start 113: NoiseDuplicationReplay.NoDuplicatesWhenRateZero
2026-07-22T10:38:07.9666327Z 113/762 Test #113: NoiseDuplicationReplay.NoDuplicatesWhenRateZero ..........................................   Passed    0.00 sec
2026-07-22T10:38:07.9669081Z         Start 114: NoiseDuplicationReplay.DuplicationIsBitIdenticalAcrossReplays
2026-07-22T10:38:07.9725965Z 114/762 Test #114: NoiseDuplicationReplay.DuplicationIsBitIdenticalAcrossReplays ............................   Passed    0.01 sec
2026-07-22T10:38:07.9728513Z         Start 115: PhaseRateZero.PhaseToRateZeroSilencesAgent
2026-07-22T10:38:07.9760417Z 115/762 Test #115: PhaseRateZero.PhaseToRateZeroSilencesAgent ...............................................   Passed    0.00 sec
2026-07-22T10:38:07.9763079Z         Start 116: PhaseRateZero.PhaseOmittingRateKeepsCurrentRate
2026-07-22T10:38:07.9794565Z 116/762 Test #116: PhaseRateZero.PhaseOmittingRateKeepsCurrentRate ..........................................   Passed    0.00 sec
2026-07-22T10:38:07.9797399Z         Start 117: PhaseRateZero.RateZeroPhaseReplaysBitIdentically
2026-07-22T10:38:07.9827738Z 117/762 Test #117: PhaseRateZero.RateZeroPhaseReplaysBitIdentically .........................................   Passed    0.00 sec
2026-07-22T10:38:07.9830231Z         Start 118: RuntimeTimerDeterminism.DurationCutsGenerationExactly
2026-07-22T10:38:08.5295191Z 118/762 Test #118: RuntimeTimerDeterminism.DurationCutsGenerationExactly ....................................   Passed    0.55 sec
2026-07-22T10:38:08.5299209Z         Start 119: RuntimeTimerDeterminism.TimedIncidentEffectWindowIsExact
2026-07-22T10:38:08.9772982Z 119/762 Test #119: RuntimeTimerDeterminism.TimedIncidentEffectWindowIsExact .................................   Passed    0.45 sec
2026-07-22T10:38:08.9775888Z         Start 120: RuntimeTimerDeterminism.ProbabilityIncidentTriggerIsScenarioPure
2026-07-22T10:38:09.2241073Z 120/762 Test #120: RuntimeTimerDeterminism.ProbabilityIncidentTriggerIsScenarioPure .........................   Passed    0.24 sec
2026-07-22T10:38:09.2243176Z         Start 121: RuntimeTimerDeterminism.ProbabilityRollIsPositionalAndOrderIndependent
2026-07-22T10:38:09.2432212Z 121/762 Test #121: RuntimeTimerDeterminism.ProbabilityRollIsPositionalAndOrderIndependent ...................   Passed    0.02 sec
2026-07-22T10:38:09.2435142Z         Start 122: RuntimeTimerDeterminism.ProbabilityRollIsAblationIndependent
2026-07-22T10:38:09.2838559Z 122/762 Test #122: RuntimeTimerDeterminism.ProbabilityRollIsAblationIndependent .............................   Passed    0.04 sec
2026-07-22T10:38:09.2841849Z         Start 123: RuntimeTimerDeterminism.PropagationAndCascadeAreScheduleInvariant
2026-07-22T10:38:09.7309844Z 123/762 Test #123: RuntimeTimerDeterminism.PropagationAndCascadeAreScheduleInvariant ........................   Passed    0.45 sec
2026-07-22T10:38:09.7312493Z         Start 124: SpanFanout.ChildrenShareParentSpanAndTraceWithDistinctIds
2026-07-22T10:38:09.7348938Z 124/762 Test #124: SpanFanout.ChildrenShareParentSpanAndTraceWithDistinctIds ................................   Passed    0.00 sec
2026-07-22T10:38:09.7351389Z         Start 125: SpanFanout.ReplaysBitIdentically
2026-07-22T10:38:09.7391966Z 125/762 Test #125: SpanFanout.ReplaysBitIdentically .........................................................   Passed    0.00 sec
2026-07-22T10:38:09.7394993Z         Start 126: SpanFanout.CyclicFanoutIsBoundedAndSpanIdsAreUnique
2026-07-22T10:38:09.7427483Z 126/762 Test #126: SpanFanout.CyclicFanoutIsBoundedAndSpanIdsAreUnique ......................................   Passed    0.00 sec
2026-07-22T10:38:09.7429851Z         Start 127: SpanTraceDiff.AddedSpan_RedGainsExactlyOneSpanNameControlStationary
2026-07-22T10:38:09.7472693Z 127/762 Test #127: SpanTraceDiff.AddedSpan_RedGainsExactlyOneSpanNameControlStationary ......................   Passed    0.00 sec
2026-07-22T10:38:09.7474846Z         Start 128: SpanTraceDiff.AddedSpan_ReplaysBitIdentically
2026-07-22T10:38:09.7517710Z 128/762 Test #128: SpanTraceDiff.AddedSpan_ReplaysBitIdentically ............................................   Passed    0.00 sec
2026-07-22T10:38:09.7521317Z         Start 129: SpanTraceDiff.DroppedBranch_RedLosesExactlyTheSmsBranchControlStationary
2026-07-22T10:38:09.7559698Z 129/762 Test #129: SpanTraceDiff.DroppedBranch_RedLosesExactlyTheSmsBranchControlStationary .................   Passed    0.00 sec
2026-07-22T10:38:09.7562428Z         Start 130: SpanTraceDiff.DroppedBranch_ReplaysBitIdentically
2026-07-22T10:38:09.7600407Z 130/762 Test #130: SpanTraceDiff.DroppedBranch_ReplaysBitIdentically ........................................   Passed    0.00 sec
2026-07-22T10:38:09.7602848Z         Start 131: SpanTraceDiff.DurationShift_OnlyChargeMovesRegimeStructureAndControlsIdentical
2026-07-22T10:38:09.7640416Z 131/762 Test #131: SpanTraceDiff.DurationShift_OnlyChargeMovesRegimeStructureAndControlsIdentical ...........   Passed    0.00 sec
2026-07-22T10:38:09.7642710Z         Start 132: SpanTraceDiff.DurationShift_ReplaysBitIdentically
2026-07-22T10:38:09.7679819Z 132/762 Test #132: SpanTraceDiff.DurationShift_ReplaysBitIdentically ........................................   Passed    0.00 sec
2026-07-22T10:38:09.7681436Z         Start 133: SpanFanoutObservedVsInferred.ObservedDagCleanWhileAdjacencyManufacturesEdges
2026-07-22T10:38:09.7721370Z 133/762 Test #133: SpanFanoutObservedVsInferred.ObservedDagCleanWhileAdjacencyManufacturesEdges .............   Passed    0.00 sec
2026-07-22T10:38:09.7723513Z         Start 134: TimeSourceWaiverGrammar.WaiverOnTheReadsOwnLineIsAccepted
2026-07-22T10:38:09.7753100Z 134/762 Test #134: TimeSourceWaiverGrammar.WaiverOnTheReadsOwnLineIsAccepted ................................   Passed    0.00 sec
2026-07-22T10:38:09.7755631Z         Start 135: TimeSourceWaiverGrammar.WaiverOnALaterLineOfTheSameStatementIsAccepted
2026-07-22T10:38:09.7784749Z 135/762 Test #135: TimeSourceWaiverGrammar.WaiverOnALaterLineOfTheSameStatementIsAccepted ...................   Passed    0.00 sec
2026-07-22T10:38:09.7787237Z         Start 136: TimeSourceWaiverGrammar.WaiverOnTheStatementsTerminatingLineIsAccepted
2026-07-22T10:38:09.7817422Z 136/762 Test #136: TimeSourceWaiverGrammar.WaiverOnTheStatementsTerminatingLineIsAccepted ...................   Passed    0.00 sec
2026-07-22T10:38:09.7819777Z         Start 137: TimeSourceWaiverGrammar.WaiverOnATrailingCommentContinuationIsAccepted
2026-07-22T10:38:09.7855907Z 137/762 Test #137: TimeSourceWaiverGrammar.WaiverOnATrailingCommentContinuationIsAccepted ...................   Passed    0.00 sec
2026-07-22T10:38:09.7858068Z         Start 138: TimeSourceWaiverGrammar.UnwaivedReadIsRejected
2026-07-22T10:38:09.7892972Z 138/762 Test #138: TimeSourceWaiverGrammar.UnwaivedReadIsRejected ...........................................   Passed    0.00 sec
2026-07-22T10:38:09.7895934Z         Start 139: TimeSourceWaiverGrammar.WaiverOnThePrecedingStatementDoesNotLeakForward
2026-07-22T10:38:09.7926229Z 139/762 Test #139: TimeSourceWaiverGrammar.WaiverOnThePrecedingStatementDoesNotLeakForward ..................   Passed    0.00 sec
2026-07-22T10:38:09.7928684Z         Start 140: TimeSourceWaiverGrammar.WaiverOnTheFollowingStatementDoesNotLeakBackward
2026-07-22T10:38:09.7959705Z 140/762 Test #140: TimeSourceWaiverGrammar.WaiverOnTheFollowingStatementDoesNotLeakBackward .................   Passed    0.00 sec
2026-07-22T10:38:09.7962711Z         Start 141: TimeSourceWaiverGrammar.FreeStandingCommentBlockBetweenStatementsWaivesNothing
2026-07-22T10:38:09.7992082Z 141/762 Test #141: TimeSourceWaiverGrammar.FreeStandingCommentBlockBetweenStatementsWaivesNothing ...........   Passed    0.00 sec
2026-07-22T10:38:09.7994654Z         Start 142: TimeSourceWaiverGrammar.CommentBlockIntroducingTheNextStatementDoesNotWaiveThePrevious
2026-07-22T10:38:09.8028348Z 142/762 Test #142: TimeSourceWaiverGrammar.CommentBlockIntroducingTheNextStatementDoesNotWaiveThePrevious ...   Passed    0.00 sec
2026-07-22T10:38:09.8031186Z         Start 143: TimeSourceWaiverGrammar.BlankLineSeveresTheWaiver
2026-07-22T10:38:09.8061594Z 143/762 Test #143: TimeSourceWaiverGrammar.BlankLineSeveresTheWaiver ........................................   Passed    0.00 sec
2026-07-22T10:38:09.8064338Z         Start 144: TimeSourceWaiverGrammar.AWallReadNamedInsideACommentIsNotARead
2026-07-22T10:38:09.8096063Z 144/762 Test #144: TimeSourceWaiverGrammar.AWallReadNamedInsideACommentIsNotARead ...........................   Passed    0.00 sec
2026-07-22T10:38:09.8098393Z         Start 145: TimeSourceLint.WallClockReadsAreExplicitlyWaived
2026-07-22T10:38:09.8184943Z 145/762 Test #145: TimeSourceLint.WallClockReadsAreExplicitlyWaived .........................................   Passed    0.01 sec
2026-07-22T10:38:09.8187547Z         Start 146: VirtualClockProgressionTest.TimestampsAdvancePerAgentAtConfiguredRate
2026-07-22T10:38:09.8225075Z 146/762 Test #146: VirtualClockProgressionTest.TimestampsAdvancePerAgentAtConfiguredRate ....................   Passed    0.00 sec
2026-07-22T10:38:09.8227762Z         Start 147: VirtualClockProgressionTest.TimestampsAreReproducibleAcrossRuns
2026-07-22T10:38:09.8269543Z 147/762 Test #147: VirtualClockProgressionTest.TimestampsAreReproducibleAcrossRuns ..........................   Passed    0.00 sec
2026-07-22T10:38:09.8271898Z         Start 148: VirtualClockProgressionTest.ClockIsNotFrozenAtStartTime
2026-07-22T10:38:09.8307881Z 148/762 Test #148: VirtualClockProgressionTest.ClockIsNotFrozenAtStartTime ..................................   Passed    0.00 sec
2026-07-22T10:38:09.8310163Z         Start 149: CommandFacadeTest.StartAndStopLifecycle
2026-07-22T10:38:10.1529593Z 149/762 Test #149: CommandFacadeTest.StartAndStopLifecycle ..................................................   Passed    0.32 sec
2026-07-22T10:38:10.1533102Z         Start 150: CommandFacadeTest.SnapshotReturnsValidData
2026-07-22T10:38:10.4763415Z 150/762 Test #150: CommandFacadeTest.SnapshotReturnsValidData ...............................................   Passed    0.32 sec
2026-07-22T10:38:10.4765938Z         Start 151: CommandFacadeTest.PlaybackControlsUpdateSnapshotState
2026-07-22T10:38:11.0514450Z 151/762 Test #151: CommandFacadeTest.PlaybackControlsUpdateSnapshotState ....................................   Passed    0.57 sec
2026-07-22T10:38:11.0517436Z         Start 152: CommandFacadeTest.AddAgentWithEmptyNameFails
2026-07-22T10:38:11.0675383Z 152/762 Test #152: CommandFacadeTest.AddAgentWithEmptyNameFails .............................................   Passed    0.02 sec
2026-07-22T10:38:11.0677595Z         Start 153: CommandFacadeTest.DynamicAgentAddAndRemove
2026-07-22T10:38:11.1878054Z 153/762 Test #153: CommandFacadeTest.DynamicAgentAddAndRemove ...............................................   Passed    0.12 sec
2026-07-22T10:38:11.1882119Z         Start 154: CommandFacadeTest.DynamicAgentMutationRequiresRealMode
2026-07-22T10:38:11.2090838Z 154/762 Test #154: CommandFacadeTest.DynamicAgentMutationRequiresRealMode ...................................   Passed    0.02 sec
2026-07-22T10:38:11.2093734Z         Start 155: CommandFacadeTest.AgentPerturbationRequiresRealMode
2026-07-22T10:38:11.2297458Z 155/762 Test #155: CommandFacadeTest.AgentPerturbationRequiresRealMode ......................................   Passed    0.02 sec
2026-07-22T10:38:11.2300643Z         Start 156: CommandFacadeTest.SetAgentRateSucceeds
2026-07-22T10:38:11.3501111Z 156/762 Test #156: CommandFacadeTest.SetAgentRateSucceeds ...................................................   Passed    0.12 sec
2026-07-22T10:38:11.3504025Z         Start 157: CommandFacadeTest.SetAgentErrorRateSucceeds
2026-07-22T10:38:11.4692657Z 157/762 Test #157: CommandFacadeTest.SetAgentErrorRateSucceeds ..............................................   Passed    0.12 sec
2026-07-22T10:38:11.4695240Z         Start 158: CommandFacadeTest.GenerateBurstSucceeds
2026-07-22T10:38:11.7890567Z 158/762 Test #158: CommandFacadeTest.GenerateBurstSucceeds ..................................................   Passed    0.32 sec
2026-07-22T10:38:11.7893844Z         Start 159: CommandFacadeTest.EvaluateCascadeSucceeds
2026-07-22T10:38:11.9110796Z 159/762 Test #159: CommandFacadeTest.EvaluateCascadeSucceeds ................................................   Passed    0.12 sec
2026-07-22T10:38:11.9113352Z         Start 160: CommandFacadeTest.EngineAccessor
2026-07-22T10:38:11.9270374Z 160/762 Test #160: CommandFacadeTest.EngineAccessor .........................................................   Passed    0.02 sec
2026-07-22T10:38:11.9273112Z         Start 161: YamlEndToEndRegression.LoadsScenarioFileAndWritesRoutedRecordingOutput
2026-07-22T10:38:11.9456838Z 161/762 Test #161: YamlEndToEndRegression.LoadsScenarioFileAndWritesRoutedRecordingOutput ...................   Passed    0.02 sec
2026-07-22T10:38:11.9459279Z         Start 162: EngineTest.ProducesRecordsThroughPipeline
2026-07-22T10:38:11.9622811Z 162/762 Test #162: EngineTest.ProducesRecordsThroughPipeline ................................................   Passed    0.02 sec
2026-07-22T10:38:11.9625196Z         Start 163: EngineTest.DurationAutoStops
2026-07-22T10:38:11.9804037Z 163/762 Test #163: EngineTest.DurationAutoStops .............................................................   Passed    0.02 sec
2026-07-22T10:38:11.9806116Z         Start 164: EngineTest.DeterministicDurationFreezesVirtualPlaybackAtScenarioEnd
2026-07-22T10:38:11.9983976Z 164/762 Test #164: EngineTest.DeterministicDurationFreezesVirtualPlaybackAtScenarioEnd ......................   Passed    0.02 sec
2026-07-22T10:38:11.9987004Z         Start 165: EngineTest.DeterministicSnapshotPhaseUsesSimulationTime
2026-07-22T10:38:12.0196173Z 165/762 Test #165: EngineTest.DeterministicSnapshotPhaseUsesSimulationTime ..................................   Passed    0.02 sec
2026-07-22T10:38:12.0198866Z         Start 166: EngineTest.PhaseRatesAreAppliedUnderPlayToTarget
2026-07-22T10:38:12.0392753Z 166/762 Test #166: EngineTest.PhaseRatesAreAppliedUnderPlayToTarget .........................................   Passed    0.02 sec
2026-07-22T10:38:12.0395542Z         Start 167: EngineTest.RealClockCanRunWithoutScheduler
2026-07-22T10:38:12.5576869Z 167/762 Test #167: EngineTest.RealClockCanRunWithoutScheduler ...............................................   Passed    0.52 sec
2026-07-22T10:38:12.5579484Z         Start 168: EngineTest.SeededRealClockIsRejected
2026-07-22T10:38:12.5615440Z 168/762 Test #168: EngineTest.SeededRealClockIsRejected .....................................................   Passed    0.00 sec
2026-07-22T10:38:12.5617933Z         Start 169: EngineTest.UnseededVirtualClockIsRejected
2026-07-22T10:38:12.5651893Z 169/762 Test #169: EngineTest.UnseededVirtualClockIsRejected ................................................   Passed    0.00 sec
2026-07-22T10:38:12.5654568Z         Start 170: EngineTest.AddSinkWhileRunningIsRejected
2026-07-22T10:38:12.5834101Z 170/762 Test #170: EngineTest.AddSinkWhileRunningIsRejected .................................................   Passed    0.02 sec
2026-07-22T10:38:12.5836369Z         Start 171: EngineTest.DynamicAgentAdd
2026-07-22T10:38:12.9027697Z 171/762 Test #171: EngineTest.DynamicAgentAdd ...............................................................   Passed    0.32 sec
2026-07-22T10:38:12.9030544Z         Start 172: EngineTest.DynamicAgentRemove
2026-07-22T10:38:13.0226959Z 172/762 Test #172: EngineTest.DynamicAgentRemove ............................................................   Passed    0.12 sec
2026-07-22T10:38:13.0230188Z         Start 173: EngineTest.DeterministicModeRejectsDynamicAgentMutation
2026-07-22T10:38:13.0391634Z 173/762 Test #173: EngineTest.DeterministicModeRejectsDynamicAgentMutation ..................................   Passed    0.02 sec
2026-07-22T10:38:13.0392656Z         Start 174: EngineTest.DeterministicModeRejectsAgentPerturbation
2026-07-22T10:38:13.0555992Z 174/762 Test #174: EngineTest.DeterministicModeRejectsAgentPerturbation .....................................   Passed    0.02 sec
2026-07-22T10:38:13.0559361Z         Start 175: EngineTest.IncidentEffectsApplyToAgents
2026-07-22T10:38:13.0734783Z 175/762 Test #175: EngineTest.IncidentEffectsApplyToAgents ..................................................   Passed    0.02 sec
2026-07-22T10:38:13.0737582Z         Start 176: EngineTest.ProbabilityIncidentTriggerAppliesEffects
2026-07-22T10:38:13.0926280Z 176/762 Test #176: EngineTest.ProbabilityIncidentTriggerAppliesEffects ......................................   Passed    0.02 sec
2026-07-22T10:38:13.0926949Z         Start 177: EngineTest.AgentStartDelayDefersInitialRecords
2026-07-22T10:38:13.1089284Z 177/762 Test #177: EngineTest.AgentStartDelayDefersInitialRecords ...........................................   Passed    0.02 sec
2026-07-22T10:38:13.1091853Z         Start 178: EngineTest.IncidentAutoRecoveryAfterDuration
2026-07-22T10:38:13.1256684Z 178/762 Test #178: EngineTest.IncidentAutoRecoveryAfterDuration .............................................   Passed    0.02 sec
2026-07-22T10:38:13.1259786Z         Start 179: EngineTest.DeterministicIncidentHistoryUsesSimulationOffsets
2026-07-22T10:38:13.1463304Z 179/762 Test #179: EngineTest.DeterministicIncidentHistoryUsesSimulationOffsets .............................   Passed    0.02 sec
2026-07-22T10:38:13.1465383Z         Start 180: EngineTest.FileSinkWritesToFile
2026-07-22T10:38:13.1649713Z 180/762 Test #180: EngineTest.FileSinkWritesToFile ..........................................................   Passed    0.02 sec
2026-07-22T10:38:13.1651889Z         Start 181: EngineTest.SetAgentErrorRateToMaxProducesErrors
2026-07-22T10:38:13.5886100Z 181/762 Test #181: EngineTest.SetAgentErrorRateToMaxProducesErrors ..........................................   Passed    0.42 sec
2026-07-22T10:38:13.5888755Z         Start 182: EngineTest.GenerateBurstProducesAtLeastBurstCount
2026-07-22T10:38:14.0088226Z 182/762 Test #182: EngineTest.GenerateBurstProducesAtLeastBurstCount ........................................   Passed    0.42 sec
2026-07-22T10:38:14.0090899Z         Start 183: EngineTest.SetAgentRateNearZeroReducesOutput
2026-07-22T10:38:14.6301691Z 183/762 Test #183: EngineTest.SetAgentRateNearZeroReducesOutput .............................................   Passed    0.62 sec
2026-07-22T10:38:14.6304616Z         Start 184: EngineTest.AutoCascadePropagatesToDirectCaller
2026-07-22T10:38:14.6501526Z 184/762 Test #184: EngineTest.AutoCascadePropagatesToDirectCaller ...........................................   Passed    0.02 sec
2026-07-22T10:38:14.6504586Z         Start 185: EngineTest.AutoCascadeRespectsBlastRadius
2026-07-22T10:38:14.6700929Z 185/762 Test #185: EngineTest.AutoCascadeRespectsBlastRadius ................................................   Passed    0.02 sec
2026-07-22T10:38:14.6712559Z         Start 186: EngineTest.AutoCascadeClearsWhenSourceRecovers
2026-07-22T10:38:15.4908491Z 186/762 Test #186: EngineTest.AutoCascadeClearsWhenSourceRecovers ...........................................   Passed    0.82 sec
2026-07-22T10:38:15.4911034Z         Start 187: EngineManagerTest.CreateAndListEngines
2026-07-22T10:38:15.5208427Z 187/762 Test #187: EngineManagerTest.CreateAndListEngines ...................................................   Passed    0.03 sec
2026-07-22T10:38:15.5211118Z         Start 188: EngineManagerTest.DuplicateIdIsRejected
2026-07-22T10:38:15.5388476Z 188/762 Test #188: EngineManagerTest.DuplicateIdIsRejected ..................................................   Passed    0.02 sec
2026-07-22T10:38:15.5391954Z         Start 189: EngineManagerTest.EmptyIdIsRejected
2026-07-22T10:38:15.5425424Z 189/762 Test #189: EngineManagerTest.EmptyIdIsRejected ......................................................   Passed    0.00 sec
2026-07-22T10:38:15.5427579Z         Start 190: EngineManagerTest.RemoveNonExistentFails
2026-07-22T10:38:15.5458838Z 190/762 Test #190: EngineManagerTest.RemoveNonExistentFails .................................................   Passed    0.00 sec
2026-07-22T10:38:15.5461218Z         Start 191: EngineManagerTest.RemoveStopsAndRemoves
2026-07-22T10:38:15.5672316Z 191/762 Test #191: EngineManagerTest.RemoveStopsAndRemoves ..................................................   Passed    0.02 sec
2026-07-22T10:38:15.5674561Z         Start 192: EngineManagerTest.SubmitUnknownFails
2026-07-22T10:38:15.5708567Z 192/762 Test #192: EngineManagerTest.SubmitUnknownFails .....................................................   Passed    0.00 sec
2026-07-22T10:38:15.5710870Z         Start 193: EngineManagerTest.SnapshotReturnsDataForKnownEngine
2026-07-22T10:38:15.8953936Z 193/762 Test #193: EngineManagerTest.SnapshotReturnsDataForKnownEngine ......................................   Passed    0.32 sec
2026-07-22T10:38:15.8956570Z         Start 194: EngineManagerTest.PlayToTargetRecreatesRunningDeterministicEngineAtTarget
2026-07-22T10:38:15.9686058Z 194/762 Test #194: EngineManagerTest.PlayToTargetRecreatesRunningDeterministicEngineAtTarget ................   Passed    0.07 sec
2026-07-22T10:38:15.9688925Z         Start 195: EngineManagerTest.PlayToTargetAdvancesRunningEngineToTarget
2026-07-22T10:38:15.9918696Z 195/762 Test #195: EngineManagerTest.PlayToTargetAdvancesRunningEngineToTarget ..............................   Passed    0.02 sec
2026-07-22T10:38:15.9920664Z         Start 196: EngineManagerTest.PlayToTargetAdvancesForwardFromPausedEngine
2026-07-22T10:38:16.0618307Z 196/762 Test #196: EngineManagerTest.PlayToTargetAdvancesForwardFromPausedEngine ............................   Passed    0.07 sec
2026-07-22T10:38:16.0620782Z         Start 197: EngineManagerTest.PlayToTargetRejectsNegativeTarget
2026-07-22T10:38:16.0791624Z 197/762 Test #197: EngineManagerTest.PlayToTargetRejectsNegativeTarget ......................................   Passed    0.02 sec
2026-07-22T10:38:16.0794248Z         Start 198: EngineManagerTest.SnapshotReturnsNulloptForUnknown
2026-07-22T10:38:16.0830370Z 198/762 Test #198: EngineManagerTest.SnapshotReturnsNulloptForUnknown .......................................   Passed    0.00 sec
2026-07-22T10:38:16.0833305Z         Start 199: EngineManagerTest.StopAllCleansEverything
2026-07-22T10:38:16.4282704Z 199/762 Test #199: EngineManagerTest.StopAllCleansEverything ................................................   Passed    0.34 sec
2026-07-22T10:38:16.4285327Z         Start 200: EngineManagerTest.MultipleEnginesRunConcurrently
2026-07-22T10:38:16.7938000Z 200/762 Test #200: EngineManagerTest.MultipleEnginesRunConcurrently .........................................   Passed    0.37 sec
2026-07-22T10:38:16.7940455Z         Start 201: RuntimeMonitorTest.SnapshotComputesLatencyPercentilesAndSinkTelemetry
2026-07-22T10:38:16.7976401Z 201/762 Test #201: RuntimeMonitorTest.SnapshotComputesLatencyPercentilesAndSinkTelemetry ....................   Passed    0.00 sec
2026-07-22T10:38:16.7979053Z         Start 202: RuntimeMonitorTest.SlidingWindowsExpireAfterOneSecond
2026-07-22T10:38:17.9523664Z 202/762 Test #202: RuntimeMonitorTest.SlidingWindowsExpireAfterOneSecond ....................................   Passed    1.15 sec
2026-07-22T10:38:17.9526128Z         Start 203: RuntimeMonitorTest.SnapshotElapsedFreezesAfterStop
2026-07-22T10:38:18.0067697Z 203/762 Test #203: RuntimeMonitorTest.SnapshotElapsedFreezesAfterStop .......................................   Passed    0.05 sec
2026-07-22T10:38:18.0070396Z         Start 204: RuntimeMonitorTest.TailKeepsMostRecentEightyEntries
2026-07-22T10:38:18.0106415Z 204/762 Test #204: RuntimeMonitorTest.TailKeepsMostRecentEightyEntries ......................................   Passed    0.00 sec
2026-07-22T10:38:18.0108643Z         Start 205: RuntimeMonitorTest.IncidentHistoryKeepsMostRecentSixtyFourEvents
2026-07-22T10:38:18.0146834Z 205/762 Test #205: RuntimeMonitorTest.IncidentHistoryKeepsMostRecentSixtyFourEvents .........................   Passed    0.00 sec
2026-07-22T10:38:18.0149266Z         Start 206: Sha256.NistVectorsAreBitExact
2026-07-22T10:38:18.0180416Z 206/762 Test #206: Sha256.NistVectorsAreBitExact ............................................................   Passed    0.00 sec
2026-07-22T10:38:18.0182081Z         Start 207: Sha256.MillionAsVectorAcrossManyIncrementalUpdates
2026-07-22T10:38:18.0239107Z 207/762 Test #207: Sha256.MillionAsVectorAcrossManyIncrementalUpdates .......................................   Passed    0.01 sec
2026-07-22T10:38:18.0241137Z         Start 208: Sha256.IncrementalUpdateEqualsOneShotAtEverySplit
2026-07-22T10:38:18.0273031Z 208/762 Test #208: Sha256.IncrementalUpdateEqualsOneShotAtEverySplit ........................................   Passed    0.00 sec
2026-07-22T10:38:18.0274377Z         Start 209: SimulationClockTest.RealModeAdvancesWithWallClock
2026-07-22T10:38:18.0327346Z 209/762 Test #209: SimulationClockTest.RealModeAdvancesWithWallClock ........................................   Passed    0.01 sec
2026-07-22T10:38:18.0329674Z         Start 210: SimulationClockTest.VirtualModeIsAPinnedOrigin
2026-07-22T10:38:18.0411126Z 210/762 Test #210: SimulationClockTest.VirtualModeIsAPinnedOrigin ...........................................   Passed    0.01 sec
2026-07-22T10:38:18.0413332Z         Start 211: SimulationClockTest.LegacyCtorIsRealMode
2026-07-22T10:38:18.0444698Z 211/762 Test #211: SimulationClockTest.LegacyCtorIsRealMode .................................................   Passed    0.00 sec
2026-07-22T10:38:18.0446501Z         Start 212: SpscRingTest.CapacityRoundedUpToPowerOfTwo
2026-07-22T10:38:18.0478942Z 212/762 Test #212: SpscRingTest.CapacityRoundedUpToPowerOfTwo ...............................................   Passed    0.00 sec
2026-07-22T10:38:18.0481311Z         Start 213: SpscRingTest.PushPopSingleRecord
2026-07-22T10:38:18.0514188Z 213/762 Test #213: SpscRingTest.PushPopSingleRecord .........................................................   Passed    0.00 sec
2026-07-22T10:38:18.0516389Z         Start 214: SpscRingTest.RejectsWhenFullAndCountsDrops
2026-07-22T10:38:18.0545645Z 214/762 Test #214: SpscRingTest.RejectsWhenFullAndCountsDrops ...............................................   Passed    0.00 sec
2026-07-22T10:38:18.0548035Z         Start 215: SpscRingTest.WatermarksTrackDepth
2026-07-22T10:38:18.0578566Z 215/762 Test #215: SpscRingTest.WatermarksTrackDepth ........................................................   Passed    0.00 sec
2026-07-22T10:38:18.0580994Z         Start 216: SpscRingTest.BulkPopPreservesOrder
2026-07-22T10:38:18.0611355Z 216/762 Test #216: SpscRingTest.BulkPopPreservesOrder .......................................................   Passed    0.00 sec
2026-07-22T10:38:18.0613955Z         Start 217: SpscRingTest.SpscConcurrencyDeliversAllRecords
2026-07-22T10:38:18.0678551Z 217/762 Test #217: SpscRingTest.SpscConcurrencyDeliversAllRecords ...........................................   Passed    0.01 sec
2026-07-22T10:38:18.0680843Z         Start 218: EngineSnapshotTest.ReportsLiveAgentSinkAndTailStats
2026-07-22T10:38:19.2904981Z 218/762 Test #218: EngineSnapshotTest.ReportsLiveAgentSinkAndTailStats ......................................   Passed    1.22 sec
2026-07-22T10:38:19.2907628Z         Start 219: GhaDocumentG2.EngineRendersDocumentCanonRecoversIntents
2026-07-22T10:38:19.2948397Z 219/762 Test #219: GhaDocumentG2.EngineRendersDocumentCanonRecoversIntents ..................................   Passed    0.00 sec
2026-07-22T10:38:19.2950839Z         Start 220: GhaDocumentG2.ContentBearingStepsEmitFluxUnderTheirBanner
2026-07-22T10:38:19.2988829Z 220/762 Test #220: GhaDocumentG2.ContentBearingStepsEmitFluxUnderTheirBanner ................................   Passed    0.00 sec
2026-07-22T10:38:19.2991624Z         Start 221: GhaDocumentG2.DoInjectFailureIntoStepIsAMinimalIdentitySeededIntervention
2026-07-22T10:38:19.3036837Z 221/762 Test #221: GhaDocumentG2.DoInjectFailureIntoStepIsAMinimalIdentitySeededIntervention ................   Passed    0.00 sec
2026-07-22T10:38:19.3039807Z         Start 222: GhaDocumentG2.ScenarioDeclaredChannelSelectsTheDocumentMedium
2026-07-22T10:38:19.3076368Z 222/762 Test #222: GhaDocumentG2.ScenarioDeclaredChannelSelectsTheDocumentMedium ............................   Passed    0.00 sec
2026-07-22T10:38:19.3079019Z         Start 223: GhaDocumentUseIntent.BoundStepBannerIsRecognizedByCanonWithTheBoundPayload
2026-07-22T10:38:19.3115886Z 223/762 Test #223: GhaDocumentUseIntent.BoundStepBannerIsRecognizedByCanonWithTheBoundPayload ...............   Passed    0.00 sec
2026-07-22T10:38:19.3118392Z         Start 224: GhaDocumentUseIntent.BoundStepEmitsTheEntrysDeclaredBodyAsContentFlux
2026-07-22T10:38:19.3153653Z 224/762 Test #224: GhaDocumentUseIntent.BoundStepEmitsTheEntrysDeclaredBodyAsContentFlux ....................   Passed    0.00 sec
2026-07-22T10:38:19.3156486Z         Start 225: GhaIntentMedium.DeclaredChannelSelectsTheMaterialization
2026-07-22T10:38:19.3187122Z 225/762 Test #225: GhaIntentMedium.DeclaredChannelSelectsTheMaterialization .................................   Passed    0.00 sec
2026-07-22T10:38:19.3190097Z         Start 226: GhaIntentMedium.BothChannelsCarryTheSamePayloadAfterTheirOwnPrefix
2026-07-22T10:38:19.3219865Z 226/762 Test #226: GhaIntentMedium.BothChannelsCarryTheSamePayloadAfterTheirOwnPrefix .......................   Passed    0.00 sec
2026-07-22T10:38:19.3222594Z         Start 227: GhaIntentMedium.AnyChannelRowRendersUnderEveryDeclaration
2026-07-22T10:38:19.3254852Z 227/762 Test #227: GhaIntentMedium.AnyChannelRowRendersUnderEveryDeclaration ................................   Passed    0.00 sec
2026-07-22T10:38:19.3257344Z         Start 228: GhaIntentMedium.UndeclaredChannelRendersTheRealChannelNotOurAblation
2026-07-22T10:38:19.3286858Z 228/762 Test #228: GhaIntentMedium.UndeclaredChannelRendersTheRealChannelNotOurAblation .....................   Passed    0.00 sec
2026-07-22T10:38:19.3289250Z         Start 229: GhaIntentMedium.ChannelVocabularyIsClosedAndCanonOwned
2026-07-22T10:38:19.3318302Z 229/762 Test #229: GhaIntentMedium.ChannelVocabularyIsClosedAndCanonOwned ...................................   Passed    0.00 sec
2026-07-22T10:38:19.3320824Z         Start 230: GhaIntentMedium.RendersStepBannerCanonRecognizes
2026-07-22T10:38:19.3355942Z 230/762 Test #230: GhaIntentMedium.RendersStepBannerCanonRecognizes .........................................   Passed    0.00 sec
2026-07-22T10:38:19.3358508Z         Start 231: GhaIntentMedium.RendersJobBannerCanonRecognizes
2026-07-22T10:38:19.3388085Z 231/762 Test #231: GhaIntentMedium.RendersJobBannerCanonRecognizes ..........................................   Passed    0.00 sec
2026-07-22T10:38:19.3390434Z         Start 232: GhaIntentMedium.EmptyPayloadYieldsBarePrefix
2026-07-22T10:38:19.3420699Z 232/762 Test #232: GhaIntentMedium.EmptyPayloadYieldsBarePrefix .............................................   Passed    0.00 sec
2026-07-22T10:38:19.3423143Z         Start 233: GhaIntentMedium.NoneKindIsNeverABannerInAnyChannel
2026-07-22T10:38:19.3453452Z 233/762 Test #233: GhaIntentMedium.NoneKindIsNeverABannerInAnyChannel .......................................   Passed    0.00 sec
2026-07-22T10:38:19.3456841Z         Start 234: HttpSinkTest.RejectsNonHttpUrl
2026-07-22T10:38:19.3489491Z 234/762 Test #234: HttpSinkTest.RejectsNonHttpUrl ...........................................................   Passed    0.00 sec
2026-07-22T10:38:19.3491917Z         Start 235: HttpSinkTest.PostsBatchWhenBatchSizeReached
2026-07-22T10:38:19.6037719Z 235/762 Test #235: HttpSinkTest.PostsBatchWhenBatchSizeReached ..............................................   Passed    0.25 sec
2026-07-22T10:38:19.6040853Z         Start 236: HttpSinkTest.FlushIntervalPostsPartialBatch
2026-07-22T10:38:19.9088933Z 236/762 Test #236: HttpSinkTest.FlushIntervalPostsPartialBatch ..............................................   Passed    0.30 sec
2026-07-22T10:38:19.9091466Z         Start 237: JsonEscape.EscapesDoubleQuote
2026-07-22T10:38:19.9125648Z 237/762 Test #237: JsonEscape.EscapesDoubleQuote ............................................................   Passed    0.00 sec
2026-07-22T10:38:19.9129018Z         Start 238: JsonEscape.EscapesBackslash
2026-07-22T10:38:19.9160500Z 238/762 Test #238: JsonEscape.EscapesBackslash ..............................................................   Passed    0.00 sec
2026-07-22T10:38:19.9162694Z         Start 239: JsonEscape.EscapesNewlineAndTab
2026-07-22T10:38:19.9194040Z 239/762 Test #239: JsonEscape.EscapesNewlineAndTab ..........................................................   Passed    0.00 sec
2026-07-22T10:38:19.9196740Z         Start 240: JsonEscape.EscapesCarriageReturn
2026-07-22T10:38:19.9228341Z 240/762 Test #240: JsonEscape.EscapesCarriageReturn .........................................................   Passed    0.00 sec
2026-07-22T10:38:19.9230723Z         Start 241: JsonEscape.PlainTextPassesThrough
2026-07-22T10:38:19.9261173Z 241/762 Test #241: JsonEscape.PlainTextPassesThrough ........................................................   Passed    0.00 sec
2026-07-22T10:38:19.9263548Z         Start 242: JsonEscape.EmptyStringReturnsEmpty
2026-07-22T10:38:19.9295416Z 242/762 Test #242: JsonEscape.EmptyStringReturnsEmpty .......................................................   Passed    0.00 sec
2026-07-22T10:38:19.9297646Z         Start 243: JsonSerializer.OutputStartsWithOpenBrace
2026-07-22T10:38:19.9334152Z 243/762 Test #243: JsonSerializer.OutputStartsWithOpenBrace .................................................   Passed    0.00 sec
2026-07-22T10:38:19.9336815Z         Start 244: JsonSerializer.ContainsTimestampMillis
2026-07-22T10:38:19.9372575Z 244/762 Test #244: JsonSerializer.ContainsTimestampMillis ...................................................   Passed    0.00 sec
2026-07-22T10:38:19.9374636Z         Start 245: JsonSerializer.ContainsAgentAndType
2026-07-22T10:38:19.9410029Z 245/762 Test #245: JsonSerializer.ContainsAgentAndType ......................................................   Passed    0.00 sec
2026-07-22T10:38:19.9412442Z         Start 246: JsonSerializer.LevelIsNumeric
2026-07-22T10:38:19.9447940Z 246/762 Test #246: JsonSerializer.LevelIsNumeric ............................................................   Passed    0.00 sec
2026-07-22T10:38:19.9450277Z         Start 247: JsonSerializer.FieldsSerializedAsTuples
2026-07-22T10:38:19.9484985Z 247/762 Test #247: JsonSerializer.FieldsSerializedAsTuples ..................................................   Passed    0.00 sec
2026-07-22T10:38:19.9487573Z         Start 248: JsonSerializer.EmptyFieldsSerializedAsEmptyArray
2026-07-22T10:38:19.9522354Z 248/762 Test #248: JsonSerializer.EmptyFieldsSerializedAsEmptyArray .........................................   Passed    0.00 sec
2026-07-22T10:38:19.9524791Z         Start 249: JsonSerializer.SpecialCharsInMessageEscaped
2026-07-22T10:38:19.9562551Z 249/762 Test #249: JsonSerializer.SpecialCharsInMessageEscaped ..............................................   Passed    0.00 sec
2026-07-22T10:38:19.9564929Z         Start 250: JsonSerializer.MultipleRecordsMultipleLines
2026-07-22T10:38:19.9601079Z 250/762 Test #250: JsonSerializer.MultipleRecordsMultipleLines ..............................................   Passed    0.00 sec
2026-07-22T10:38:19.9603228Z         Start 251: MetricEmissionFeature.PrometheusExpositionContainsAllFiveMetrics
2026-07-22T10:38:19.9640874Z 251/762 Test #251: MetricEmissionFeature.PrometheusExpositionContainsAllFiveMetrics .........................   Passed    0.00 sec
2026-07-22T10:38:19.9642179Z         Start 252: MetricEmissionFeature.PrometheusHelpAndTypeAnnotations
2026-07-22T10:38:19.9684419Z 252/762 Test #252: MetricEmissionFeature.PrometheusHelpAndTypeAnnotations ...................................   Passed    0.00 sec
2026-07-22T10:38:19.9686909Z         Start 253: MetricEmissionFeature.PrometheusAgentLabel
2026-07-22T10:38:19.9723625Z 253/762 Test #253: MetricEmissionFeature.PrometheusAgentLabel ...............................................   Passed    0.00 sec
2026-07-22T10:38:19.9726658Z         Start 254: MetricEmissionFeature.PrometheusMultiAgentSeparateLines
2026-07-22T10:38:19.9763428Z 254/762 Test #254: MetricEmissionFeature.PrometheusMultiAgentSeparateLines ..................................   Passed    0.00 sec
2026-07-22T10:38:19.9765944Z         Start 255: MetricEmissionFeature.PrometheusErrorRateComputation
2026-07-22T10:38:19.9802648Z 255/762 Test #255: MetricEmissionFeature.PrometheusErrorRateComputation .....................................   Passed    0.00 sec
2026-07-22T10:38:19.9805167Z         Start 256: MetricEmissionFeature.PrometheusP99LatencyIsNearMax
2026-07-22T10:38:19.9844309Z 256/762 Test #256: MetricEmissionFeature.PrometheusP99LatencyIsNearMax ......................................   Passed    0.00 sec
2026-07-22T10:38:19.9847473Z         Start 257: MetricEmissionFeature.PrometheusAccumulatorResetsAfterFlush
2026-07-22T10:38:19.9975267Z 257/762 Test #257: MetricEmissionFeature.PrometheusAccumulatorResetsAfterFlush ..............................   Passed    0.01 sec
2026-07-22T10:38:19.9978092Z         Start 258: MetricEmissionFeature.StatsDOptionsParsing
2026-07-22T10:38:20.0017549Z 258/762 Test #258: MetricEmissionFeature.StatsDOptionsParsing ...............................................   Passed    0.00 sec
2026-07-22T10:38:20.0019806Z         Start 259: MetricEmissionFeature.StatsDNameSanitization
2026-07-22T10:38:20.0058365Z 259/762 Test #259: MetricEmissionFeature.StatsDNameSanitization .............................................   Passed    0.00 sec
2026-07-22T10:38:20.0060612Z         Start 260: MetricEmissionFeature.StatsDCustomPrefix
2026-07-22T10:38:20.0096739Z 260/762 Test #260: MetricEmissionFeature.StatsDCustomPrefix .................................................   Passed    0.00 sec
2026-07-22T10:38:20.0098980Z         Start 261: MetricEmissionFeature.MetricsSinkYamlPrometheusConfig
2026-07-22T10:38:20.0131700Z 261/762 Test #261: MetricEmissionFeature.MetricsSinkYamlPrometheusConfig ....................................   Passed    0.00 sec
2026-07-22T10:38:20.0134432Z         Start 262: MetricEmissionFeature.MetricsSinkYamlStatsDConfig
2026-07-22T10:38:20.0169268Z 262/762 Test #262: MetricEmissionFeature.MetricsSinkYamlStatsDConfig ........................................   Passed    0.00 sec
2026-07-22T10:38:20.0172021Z         Start 263: MetricsSinkTest.PrometheusFileWrittenOnFlush
2026-07-22T10:38:20.0211485Z 263/762 Test #263: MetricsSinkTest.PrometheusFileWrittenOnFlush .............................................   Passed    0.00 sec
2026-07-22T10:38:20.0213737Z         Start 264: MetricsSinkTest.PrometheusRecordCountIsCorrect
2026-07-22T10:38:20.0252012Z 264/762 Test #264: MetricsSinkTest.PrometheusRecordCountIsCorrect ...........................................   Passed    0.00 sec
2026-07-22T10:38:20.0254383Z         Start 265: MetricsSinkTest.PrometheusPrometheusHelpLinesPresent
2026-07-22T10:38:20.0287225Z 265/762 Test #265: MetricsSinkTest.PrometheusPrometheusHelpLinesPresent .....................................   Passed    0.00 sec
2026-07-22T10:38:20.0289439Z         Start 266: MetricsSinkTest.ErrorRecordsIncrementErrorCounter
2026-07-22T10:38:20.0323017Z 266/762 Test #266: MetricsSinkTest.ErrorRecordsIncrementErrorCounter ........................................   Passed    0.00 sec
2026-07-22T10:38:20.0325189Z         Start 267: MetricsSinkTest.DebugAndWarnAreNotErrors
2026-07-22T10:38:20.0359013Z 267/762 Test #267: MetricsSinkTest.DebugAndWarnAreNotErrors .................................................   Passed    0.00 sec
2026-07-22T10:38:20.0361127Z         Start 268: MetricsSinkTest.P99LatencyAppearsInOutput
2026-07-22T10:38:20.0394714Z 268/762 Test #268: MetricsSinkTest.P99LatencyAppearsInOutput ................................................   Passed    0.00 sec
2026-07-22T10:38:20.0396942Z         Start 269: MetricsSinkTest.P99LatencySkippedWhenNoLatencyField
2026-07-22T10:38:20.0429450Z 269/762 Test #269: MetricsSinkTest.P99LatencySkippedWhenNoLatencyField ......................................   Passed    0.00 sec
2026-07-22T10:38:20.0431704Z         Start 270: MetricsSinkTest.AccumulatorResetAfterFlush
2026-07-22T10:38:20.0471842Z 270/762 Test #270: MetricsSinkTest.AccumulatorResetAfterFlush ...............................................   Passed    0.00 sec
2026-07-22T10:38:20.0472359Z         Start 271: MetricsSinkTest.MultipleAgentsTrackedSeparately
2026-07-22T10:38:20.0510347Z 271/762 Test #271: MetricsSinkTest.MultipleAgentsTrackedSeparately ..........................................   Passed    0.00 sec
2026-07-22T10:38:20.0511200Z         Start 272: MetricsSinkTest.FlushWithNoDataDoesNotWriteFile
2026-07-22T10:38:20.0546063Z 272/762 Test #272: MetricsSinkTest.FlushWithNoDataDoesNotWriteFile ..........................................   Passed    0.00 sec
2026-07-22T10:38:20.0548271Z         Start 273: MultiFormatFeature.FormatsListParsedFromYaml
2026-07-22T10:38:20.0583130Z 273/762 Test #273: MultiFormatFeature.FormatsListParsedFromYaml .............................................   Passed    0.00 sec
2026-07-22T10:38:20.0585401Z         Start 274: MultiFormatFeature.SingleFormatFieldWhenNoFormats
2026-07-22T10:38:20.0617372Z 274/762 Test #274: MultiFormatFeature.SingleFormatFieldWhenNoFormats ........................................   Passed    0.00 sec
2026-07-22T10:38:20.0619415Z         Start 275: MultiFormatFeature.EngineCreatesOneFilePerFormat
2026-07-22T10:38:20.5837586Z 275/762 Test #275: MultiFormatFeature.EngineCreatesOneFilePerFormat .........................................   Passed    0.52 sec
2026-07-22T10:38:20.5839758Z         Start 276: MultiFormatFeature.EachFileContainsRecords
2026-07-22T10:38:21.1051368Z 276/762 Test #276: MultiFormatFeature.EachFileContainsRecords ...............................................   Passed    0.52 sec
2026-07-22T10:38:21.1054307Z         Start 277: MultiFormatFeature.FormatNameMappings
2026-07-22T10:38:21.1088531Z 277/762 Test #277: MultiFormatFeature.FormatNameMappings ....................................................   Passed    0.00 sec
2026-07-22T10:38:21.1090898Z         Start 278: FormatName.ReturnsCorrectNames
2026-07-22T10:38:21.1121179Z 278/762 Test #278: FormatName.ReturnsCorrectNames ...........................................................   Passed    0.00 sec
2026-07-22T10:38:21.1124311Z         Start 279: ScenarioLoaderMultiFormat.ParsesFormatsList
2026-07-22T10:38:21.1157537Z 279/762 Test #279: ScenarioLoaderMultiFormat.ParsesFormatsList ..............................................   Passed    0.00 sec
2026-07-22T10:38:21.1160245Z         Start 280: ScenarioLoaderMultiFormat.EmptyFormatsUsesFormat
2026-07-22T10:38:21.1196100Z 280/762 Test #280: ScenarioLoaderMultiFormat.EmptyFormatsUsesFormat .........................................   Passed    0.00 sec
2026-07-22T10:38:21.1198644Z         Start 281: EngineMultiFormat.CreatesMultipleFileSinks
2026-07-22T10:38:21.6400514Z 281/762 Test #281: EngineMultiFormat.CreatesMultipleFileSinks ...............................................   Passed    0.52 sec
2026-07-22T10:38:21.6402327Z         Start 282: LogFormatterTest.JsonContainsRequiredKeys
2026-07-22T10:38:21.6437661Z 282/762 Test #282: LogFormatterTest.JsonContainsRequiredKeys ................................................   Passed    0.00 sec
2026-07-22T10:38:21.6440384Z         Start 283: LogFormatterTest.JsonRendersNumericFieldsNativelyAndTextFieldsQuoted
2026-07-22T10:38:21.6471124Z 283/762 Test #283: LogFormatterTest.JsonRendersNumericFieldsNativelyAndTextFieldsQuoted .....................   Passed    0.00 sec
2026-07-22T10:38:21.6473219Z         Start 284: LogFormatterTest.JsonFieldFilter
2026-07-22T10:38:21.6504238Z 284/762 Test #284: LogFormatterTest.JsonFieldFilter .........................................................   Passed    0.00 sec
2026-07-22T10:38:21.6506626Z         Start 285: LogFormatterTest.JsonEscapesSpecialChars
2026-07-22T10:38:21.6538982Z 285/762 Test #285: LogFormatterTest.JsonEscapesSpecialChars .................................................   Passed    0.00 sec
2026-07-22T10:38:21.6541475Z         Start 286: LogFormatterTest.TextFormat
2026-07-22T10:38:21.6571778Z 286/762 Test #286: LogFormatterTest.TextFormat ..............................................................   Passed    0.00 sec
2026-07-22T10:38:21.6574244Z         Start 287: LogFormatterTest.TextFieldFilter
2026-07-22T10:38:21.6604510Z 287/762 Test #287: LogFormatterTest.TextFieldFilter .........................................................   Passed    0.00 sec
2026-07-22T10:38:21.6606565Z         Start 288: LogFormatterTest.ClfStructure
2026-07-22T10:38:21.6636798Z 288/762 Test #288: LogFormatterTest.ClfStructure ............................................................   Passed    0.00 sec
2026-07-22T10:38:21.6639683Z         Start 289: LogFormatterTest.ClfUsesStatusCodeField
2026-07-22T10:38:21.6673525Z 289/762 Test #289: LogFormatterTest.ClfUsesStatusCodeField ..................................................   Passed    0.00 sec
2026-07-22T10:38:21.6676403Z         Start 290: LogFormatterTest.ApacheErrorStructure
2026-07-22T10:38:21.6711199Z 290/762 Test #290: LogFormatterTest.ApacheErrorStructure ....................................................   Passed    0.00 sec
2026-07-22T10:38:21.6713764Z         Start 291: LogFormatterTest.ApacheErrorLevelMapping
2026-07-22T10:38:21.6743873Z 291/762 Test #291: LogFormatterTest.ApacheErrorLevelMapping .................................................   Passed    0.00 sec
2026-07-22T10:38:21.6746039Z         Start 292: LogFormatterTest.ApacheErrorFatalIsCrit
2026-07-22T10:38:21.6776128Z 292/762 Test #292: LogFormatterTest.ApacheErrorFatalIsCrit ..................................................   Passed    0.00 sec
2026-07-22T10:38:21.6778073Z         Start 293: LogFormatterTest.Log4jStructure
2026-07-22T10:38:21.6808691Z 293/762 Test #293: LogFormatterTest.Log4jStructure ..........................................................   Passed    0.00 sec
2026-07-22T10:38:21.6810804Z         Start 294: LogFormatterTest.Log4jUsesThreadField
2026-07-22T10:38:21.6841122Z 294/762 Test #294: LogFormatterTest.Log4jUsesThreadField ....................................................   Passed    0.00 sec
2026-07-22T10:38:21.6844732Z         Start 295: LogFormatterTest.SyslogStructure
2026-07-22T10:38:21.6876340Z 295/762 Test #295: LogFormatterTest.SyslogStructure .........................................................   Passed    0.00 sec
2026-07-22T10:38:21.6879114Z         Start 296: LogFormatterTest.SyslogFallsBackToAgentNameForHost
2026-07-22T10:38:21.6910293Z 296/762 Test #296: LogFormatterTest.SyslogFallsBackToAgentNameForHost .......................................   Passed    0.00 sec
2026-07-22T10:38:21.6912909Z         Start 297: LogFormatterTest.Rfc5424StartsWithPri
2026-07-22T10:38:21.6942302Z 297/762 Test #297: LogFormatterTest.Rfc5424StartsWithPri ....................................................   Passed    0.00 sec
2026-07-22T10:38:21.6944893Z         Start 298: LogFormatterTest.Rfc5424PriCoversEverySeverity
2026-07-22T10:38:21.6977978Z 298/762 Test #298: LogFormatterTest.Rfc5424PriCoversEverySeverity ...........................................   Passed    0.00 sec
2026-07-22T10:38:21.6980689Z         Start 299: LogFormatterTest.NginxErrorStructure
2026-07-22T10:38:21.7011086Z 299/762 Test #299: LogFormatterTest.NginxErrorStructure .....................................................   Passed    0.00 sec
2026-07-22T10:38:21.7014818Z         Start 300: LogFormatterTest.NginxErrorUsesPidField
2026-07-22T10:38:21.7044689Z 300/762 Test #300: LogFormatterTest.NginxErrorUsesPidField ..................................................   Passed    0.00 sec
2026-07-22T10:38:21.7045938Z         Start 301: LogFormatterTest.KvStructure
2026-07-22T10:38:21.7083167Z 301/762 Test #301: LogFormatterTest.KvStructure .............................................................   Passed    0.00 sec
2026-07-22T10:38:21.7085428Z         Start 302: LogFormatterTest.KvQuotesValuesWithSpaces
2026-07-22T10:38:21.7118554Z 302/762 Test #302: LogFormatterTest.KvQuotesValuesWithSpaces ................................................   Passed    0.00 sec
2026-07-22T10:38:21.7121119Z         Start 303: LogFormatterTest.KvFieldFilter
2026-07-22T10:38:21.7150465Z 303/762 Test #303: LogFormatterTest.KvFieldFilter ...........................................................   Passed    0.00 sec
2026-07-22T10:38:21.7152718Z         Start 304: LogFormatterTest.AndroidLogcatStructure
2026-07-22T10:38:21.7188382Z 304/762 Test #304: LogFormatterTest.AndroidLogcatStructure ..................................................   Passed    0.00 sec
2026-07-22T10:38:21.7190817Z         Start 305: LogFormatterTest.AndroidLogcatLevelChars
2026-07-22T10:38:21.7221617Z 305/762 Test #305: LogFormatterTest.AndroidLogcatLevelChars .................................................   Passed    0.00 sec
2026-07-22T10:38:21.7223860Z         Start 306: LogFormatterTest.WindowsCbsStructure
2026-07-22T10:38:21.7256676Z 306/762 Test #306: LogFormatterTest.WindowsCbsStructure .....................................................   Passed    0.00 sec
2026-07-22T10:38:21.7259531Z         Start 307: LogFormatterTest.WindowsCbsErrorLevel
2026-07-22T10:38:21.7289421Z 307/762 Test #307: LogFormatterTest.WindowsCbsErrorLevel ....................................................   Passed    0.00 sec
2026-07-22T10:38:21.7291797Z         Start 308: LogFormatterTest.SparkHdfsStructure
2026-07-22T10:38:21.7321700Z 308/762 Test #308: LogFormatterTest.SparkHdfsStructure ......................................................   Passed    0.00 sec
2026-07-22T10:38:21.7323481Z         Start 309: LogFormatterTest.HealthAppStructure
2026-07-22T10:38:21.7354636Z 309/762 Test #309: LogFormatterTest.HealthAppStructure ......................................................   Passed    0.00 sec
2026-07-22T10:38:21.7356935Z         Start 310: LogFormatterTest.ProxifierStructure
2026-07-22T10:38:21.7398311Z 310/762 Test #310: LogFormatterTest.ProxifierStructure ......................................................   Passed    0.00 sec
2026-07-22T10:38:21.7400429Z         Start 311: LogFormatterTest.CloudWatchStructure
2026-07-22T10:38:21.7430621Z 311/762 Test #311: LogFormatterTest.CloudWatchStructure .....................................................   Passed    0.00 sec
2026-07-22T10:38:21.7432833Z         Start 312: LogFormatterTest.CloudWatchTimestampIsEpochMs
2026-07-22T10:38:21.7463554Z 312/762 Test #312: LogFormatterTest.CloudWatchTimestampIsEpochMs ............................................   Passed    0.00 sec
2026-07-22T10:38:21.7465683Z         Start 313: LogFormatterTest.CloudWatchUsesLogGroupField
2026-07-22T10:38:21.7496038Z 313/762 Test #313: LogFormatterTest.CloudWatchUsesLogGroupField .............................................   Passed    0.00 sec
2026-07-22T10:38:21.7498768Z         Start 314: LogFormatterTest.SystemdJournalStructure
2026-07-22T10:38:21.7530179Z 314/762 Test #314: LogFormatterTest.SystemdJournalStructure .................................................   Passed    0.00 sec
2026-07-22T10:38:21.7532715Z         Start 315: LogFormatterTest.SystemdJournalPriorityCoversEverySeverity
2026-07-22T10:38:21.7563554Z 315/762 Test #315: LogFormatterTest.SystemdJournalPriorityCoversEverySeverity ...............................   Passed    0.00 sec
2026-07-22T10:38:21.7565994Z         Start 316: LogFormatterTest.SystemdJournalFieldsAreUppercased
2026-07-22T10:38:21.7596348Z 316/762 Test #316: LogFormatterTest.SystemdJournalFieldsAreUppercased .......................................   Passed    0.00 sec
2026-07-22T10:38:21.7598879Z         Start 317: LogFormatterTest.SystemdJournalTimestampIsMicroseconds
2026-07-22T10:38:21.7628509Z 317/762 Test #317: LogFormatterTest.SystemdJournalTimestampIsMicroseconds ...................................   Passed    0.00 sec
2026-07-22T10:38:21.7630735Z         Start 318: LogFormatterTest.HpcStructure
2026-07-22T10:38:21.7662055Z 318/762 Test #318: LogFormatterTest.HpcStructure ............................................................   Passed    0.00 sec
2026-07-22T10:38:21.7664530Z         Start 319: LogFormatterTest.HpcEpochIsNumeric
2026-07-22T10:38:21.7693971Z 319/762 Test #319: LogFormatterTest.HpcEpochIsNumeric .......................................................   Passed    0.00 sec
2026-07-22T10:38:21.7696546Z         Start 320: LogFormatterTest.IisW3cStructure
2026-07-22T10:38:21.7728011Z 320/762 Test #320: LogFormatterTest.IisW3cStructure .........................................................   Passed    0.00 sec
2026-07-22T10:38:21.7730332Z         Start 321: LogFormatterTest.EcsContainsRequiredFields
2026-07-22T10:38:21.7760605Z 321/762 Test #321: LogFormatterTest.EcsContainsRequiredFields ...............................................   Passed    0.00 sec
2026-07-22T10:38:21.7762831Z         Start 322: LogFormatterTest.EcsTimestampIsUtcWithZSuffix
2026-07-22T10:38:21.7792947Z 322/762 Test #322: LogFormatterTest.EcsTimestampIsUtcWithZSuffix ............................................   Passed    0.00 sec
2026-07-22T10:38:21.7795286Z         Start 323: LogFormatterTest.EcsLevelIsLowercase
2026-07-22T10:38:21.7825720Z 323/762 Test #323: LogFormatterTest.EcsLevelIsLowercase .....................................................   Passed    0.00 sec
2026-07-22T10:38:21.7827883Z         Start 324: LogFormatterTest.EcsCustomFieldsGoIntoLabels
2026-07-22T10:38:21.7858357Z 324/762 Test #324: LogFormatterTest.EcsCustomFieldsGoIntoLabels .............................................   Passed    0.00 sec
2026-07-22T10:38:21.7860771Z         Start 325: LogFormatterTest.EcsNoLabelsWhenNoFields
2026-07-22T10:38:21.7890967Z 325/762 Test #325: LogFormatterTest.EcsNoLabelsWhenNoFields .................................................   Passed    0.00 sec
2026-07-22T10:38:21.7893175Z         Start 326: LogFormatterTest.OtelJsonContainsRequiredFields
2026-07-22T10:38:21.7923126Z 326/762 Test #326: LogFormatterTest.OtelJsonContainsRequiredFields ..........................................   Passed    0.00 sec
2026-07-22T10:38:21.7925274Z         Start 327: LogFormatterTest.OtelJsonSeverityMapping
2026-07-22T10:38:21.7954774Z 327/762 Test #327: LogFormatterTest.OtelJsonSeverityMapping .................................................   Passed    0.00 sec
2026-07-22T10:38:21.7957352Z         Start 328: LogFormatterTest.OtelJsonCustomFieldsInAttributes
2026-07-22T10:38:21.7990158Z 328/762 Test #328: LogFormatterTest.OtelJsonCustomFieldsInAttributes ........................................   Passed    0.00 sec
2026-07-22T10:38:21.7992114Z         Start 329: LogFormatterTest.OtelJsonTimeUnixNanoIsNumericString
2026-07-22T10:38:21.8022752Z 329/762 Test #329: LogFormatterTest.OtelJsonTimeUnixNanoIsNumericString .....................................   Passed    0.00 sec
2026-07-22T10:38:21.8024839Z         Start 330: LogFormatterTest.OtelJsonEmitsTraceContextWhenPresent
2026-07-22T10:38:21.8055392Z 330/762 Test #330: LogFormatterTest.OtelJsonEmitsTraceContextWhenPresent ....................................   Passed    0.00 sec
2026-07-22T10:38:21.8057585Z         Start 331: LogFormatterTest.OtelJsonRootSpanOmitsParent
2026-07-22T10:38:21.8087953Z 331/762 Test #331: LogFormatterTest.OtelJsonRootSpanOmitsParent .............................................   Passed    0.00 sec
2026-07-22T10:38:21.8090112Z         Start 332: LogFormatterTest.OtelJsonNoTraceContextWhenAbsent
2026-07-22T10:38:21.8120012Z 332/762 Test #332: LogFormatterTest.OtelJsonNoTraceContextWhenAbsent ........................................   Passed    0.00 sec
2026-07-22T10:38:21.8122167Z         Start 333: LogFormatterTest.OtelSpanJsonEmitsFlatSpanShape
2026-07-22T10:38:21.8151804Z 333/762 Test #333: LogFormatterTest.OtelSpanJsonEmitsFlatSpanShape ..........................................   Passed    0.00 sec
2026-07-22T10:38:21.8154130Z         Start 334: LogFormatterTest.OtelSpanJsonEndEqualsStartPlusDuration
2026-07-22T10:38:21.8185238Z 334/762 Test #334: LogFormatterTest.OtelSpanJsonEndEqualsStartPlusDuration ..................................   Passed    0.00 sec
2026-07-22T10:38:21.8188236Z         Start 335: LogFormatterTest.OtelSpanJsonStatusFromLevel
2026-07-22T10:38:21.8218790Z 335/762 Test #335: LogFormatterTest.OtelSpanJsonStatusFromLevel .............................................   Passed    0.00 sec
2026-07-22T10:38:21.8221349Z         Start 336: LogFormatterTest.OtelSpanJsonRootOmitsParent
2026-07-22T10:38:21.8254473Z 336/762 Test #336: LogFormatterTest.OtelSpanJsonRootOmitsParent .............................................   Passed    0.00 sec
2026-07-22T10:38:21.8256718Z         Start 337: LogFormatterTest.OtelSpanJsonTraceLessRecordSynthesisesValidRootSpan
2026-07-22T10:38:21.8289067Z 337/762 Test #337: LogFormatterTest.OtelSpanJsonTraceLessRecordSynthesisesValidRootSpan .....................   Passed    0.00 sec
2026-07-22T10:38:21.8291248Z         Start 338: LogFormatterTest.OtelSpanJsonFormatNameRoundTrips
2026-07-22T10:38:21.8321110Z 338/762 Test #338: LogFormatterTest.OtelSpanJsonFormatNameRoundTrips ........................................   Passed    0.00 sec
2026-07-22T10:38:21.8323289Z         Start 339: LogFormatterTest.FieldProjectionAbsentEmitsAllAndDeclaredEmptyEmitsNone
2026-07-22T10:38:21.8359436Z 339/762 Test #339: LogFormatterTest.FieldProjectionAbsentEmitsAllAndDeclaredEmptyEmitsNone ..................   Passed    0.00 sec
2026-07-22T10:38:21.8361631Z         Start 340: LogFormatterTest.AllFormatsTerminateWithNewline
2026-07-22T10:38:21.8392323Z 340/762 Test #340: LogFormatterTest.AllFormatsTerminateWithNewline ..........................................   Passed    0.00 sec
2026-07-22T10:38:21.8394784Z         Start 341: LogFormatterTest.AllFormatsProduceNonEmptyOutput
2026-07-22T10:38:21.8426244Z 341/762 Test #341: LogFormatterTest.AllFormatsProduceNonEmptyOutput .........................................   Passed    0.00 sec
2026-07-22T10:38:21.8428409Z         Start 342: LogFormatterTest.RawDeclaresNothingWhenNothingIsDeclared
2026-07-22T10:38:21.8460232Z 342/762 Test #342: LogFormatterTest.RawDeclaresNothingWhenNothingIsDeclared .................................   Passed    0.00 sec
2026-07-22T10:38:21.8462344Z         Start 343: LogFormatterTest.RawStructure
2026-07-22T10:38:21.8493158Z 343/762 Test #343: LogFormatterTest.RawStructure ............................................................   Passed    0.00 sec
2026-07-22T10:38:21.8495142Z         Start 344: LogFormatterTest.RawNoMessage
2026-07-22T10:38:21.8524597Z 344/762 Test #344: LogFormatterTest.RawNoMessage ............................................................   Passed    0.00 sec
2026-07-22T10:38:21.8526769Z         Start 345: LogFormatterTest.RawEmitsExactlyTheDeclaredMessageAndNothingElse
2026-07-22T10:38:21.8556492Z 345/762 Test #345: LogFormatterTest.RawEmitsExactlyTheDeclaredMessageAndNothingElse .........................   Passed    0.00 sec
2026-07-22T10:38:21.8559358Z         Start 346: LogFormatterTest.GitHubActionsTimestampPrefix
2026-07-22T10:38:21.8589828Z 346/762 Test #346: LogFormatterTest.GitHubActionsTimestampPrefix ............................................   Passed    0.00 sec
2026-07-22T10:38:21.8591982Z         Start 347: LogFormatterTest.GitHubActionsErrorMarker
2026-07-22T10:38:21.8623559Z 347/762 Test #347: LogFormatterTest.GitHubActionsErrorMarker ................................................   Passed    0.00 sec
2026-07-22T10:38:21.8626116Z         Start 348: LogFormatterTest.GitHubActionsWarningMarker
2026-07-22T10:38:21.8656382Z 348/762 Test #348: LogFormatterTest.GitHubActionsWarningMarker ..............................................   Passed    0.00 sec
2026-07-22T10:38:21.8658234Z         Start 349: LogFormatterTest.GitHubActionsFormatName
2026-07-22T10:38:21.8688387Z 349/762 Test #349: LogFormatterTest.GitHubActionsFormatName .................................................   Passed    0.00 sec
2026-07-22T10:38:21.8690795Z         Start 350: PerAgentRoutingFeature.RoutedAgentGoesToDesignatedSink
2026-07-22T10:38:21.9878826Z 350/762 Test #350: PerAgentRoutingFeature.RoutedAgentGoesToDesignatedSink ...................................   Passed    0.12 sec
2026-07-22T10:38:21.9879363Z         Start 351: PerAgentRoutingFeature.UnroutedAgentBroadcastsToAll
2026-07-22T10:38:22.1071536Z 351/762 Test #351: PerAgentRoutingFeature.UnroutedAgentBroadcastsToAll ......................................   Passed    0.12 sec
2026-07-22T10:38:22.1073892Z         Start 352: PerAgentRoutingFeature.MultiSinkRouting
2026-07-22T10:38:22.2272096Z 352/762 Test #352: PerAgentRoutingFeature.MultiSinkRouting ..................................................   Passed    0.12 sec
2026-07-22T10:38:22.2274536Z         Start 353: PerAgentRoutingFeature.AddRouteAfterStart
2026-07-22T10:38:22.3457539Z 353/762 Test #353: PerAgentRoutingFeature.AddRouteAfterStart ................................................   Passed    0.12 sec
2026-07-22T10:38:22.3459888Z         Start 354: PerAgentRoutingFeature.RemoveRouteRestoresBroadcast
2026-07-22T10:38:22.4647949Z 354/762 Test #354: PerAgentRoutingFeature.RemoveRouteRestoresBroadcast ......................................   Passed    0.12 sec
2026-07-22T10:38:22.4650401Z         Start 355: PerAgentRoutingFeature.YamlAgentOutputsList
2026-07-22T10:38:22.4695781Z 355/762 Test #355: PerAgentRoutingFeature.YamlAgentOutputsList ..............................................   Passed    0.00 sec
2026-07-22T10:38:22.4698369Z         Start 356: PerAgentRoutingFeature.YamlNoOutputsMeansAllSinks
2026-07-22T10:38:22.4733669Z 356/762 Test #356: PerAgentRoutingFeature.YamlNoOutputsMeansAllSinks ........................................   Passed    0.00 sec
2026-07-22T10:38:22.4735794Z         Start 357: PerAgentRoutingTest.ParseOutputName
2026-07-22T10:38:22.4768543Z 357/762 Test #357: PerAgentRoutingTest.ParseOutputName ......................................................   Passed    0.00 sec
2026-07-22T10:38:22.4770842Z         Start 358: PerAgentRoutingTest.ParseAgentOutputs
2026-07-22T10:38:22.4804309Z 358/762 Test #358: PerAgentRoutingTest.ParseAgentOutputs ....................................................   Passed    0.00 sec
2026-07-22T10:38:22.4806152Z         Start 359: PerAgentRoutingTest.AgentReferencesUnknownOutputThrows
2026-07-22T10:38:22.4841067Z 359/762 Test #359: PerAgentRoutingTest.AgentReferencesUnknownOutputThrows ...................................   Passed    0.00 sec
2026-07-22T10:38:22.4847242Z         Start 360: PerAgentRoutingTest.EmptyAgentOutputsIsValid
2026-07-22T10:38:22.4880836Z 360/762 Test #360: PerAgentRoutingTest.EmptyAgentOutputsIsValid .............................................   Passed    0.00 sec
2026-07-22T10:38:22.4882813Z         Start 361: PerAgentRoutingTest.OutputManagerRoutesToSpecificSinks
2026-07-22T10:38:22.6070247Z 361/762 Test #361: PerAgentRoutingTest.OutputManagerRoutesToSpecificSinks ...................................   Passed    0.12 sec
2026-07-22T10:38:22.6073583Z         Start 362: PerAgentRoutingTest.OutputManagerFallsBackToAllSinks
2026-07-22T10:38:22.7270890Z 362/762 Test #362: PerAgentRoutingTest.OutputManagerFallsBackToAllSinks .....................................   Passed    0.12 sec
2026-07-22T10:38:22.7273186Z         Start 363: PerAgentRoutingTest.OutputManagerMultipleSinksPerAgent
2026-07-22T10:38:22.8471632Z 363/762 Test #363: PerAgentRoutingTest.OutputManagerMultipleSinksPerAgent ...................................   Passed    0.12 sec
2026-07-22T10:38:22.8473733Z         Start 364: PerAgentRoutingTest.AddRouteDynamically
2026-07-22T10:38:22.9671017Z 364/762 Test #364: PerAgentRoutingTest.AddRouteDynamically ..................................................   Passed    0.12 sec
2026-07-22T10:38:22.9673417Z         Start 365: PerAgentRoutingTest.RemoveRouteRestoresBroadcast
2026-07-22T10:38:23.0869844Z 365/762 Test #365: PerAgentRoutingTest.RemoveRouteRestoresBroadcast .........................................   Passed    0.12 sec
2026-07-22T10:38:23.0872018Z         Start 366: PerAgentRoutingTest.SinkCountReportsCorrectly
2026-07-22T10:38:23.1020565Z 366/762 Test #366: PerAgentRoutingTest.SinkCountReportsCorrectly ............................................   Passed    0.01 sec
2026-07-22T10:38:23.1023456Z         Start 367: PerAgentRoutingTest.EngineRoutesAgentsToNamedOutputs
2026-07-22T10:38:23.1228931Z 367/762 Test #367: PerAgentRoutingTest.EngineRoutesAgentsToNamedOutputs .....................................   Passed    0.02 sec
2026-07-22T10:38:23.1231035Z         Start 368: PerAgentRoutingTest.EngineUnroutedAgentBroadcastsToAllSinks
2026-07-22T10:38:23.1419808Z 368/762 Test #368: PerAgentRoutingTest.EngineUnroutedAgentBroadcastsToAllSinks ..............................   Passed    0.02 sec
2026-07-22T10:38:23.1422046Z         Start 369: PerAgentRoutingTest.DynamicAgentRejectsUnknownOutput
2026-07-22T10:38:23.2112060Z 369/762 Test #369: PerAgentRoutingTest.DynamicAgentRejectsUnknownOutput .....................................   Passed    0.07 sec
2026-07-22T10:38:23.2114771Z         Start 370: ReplayModeFeature.RecordingSinkCreatesJsonlFile
2026-07-22T10:38:23.2156275Z 370/762 Test #370: ReplayModeFeature.RecordingSinkCreatesJsonlFile ..........................................   Passed    0.00 sec
2026-07-22T10:38:23.2158465Z         Start 371: ReplayModeFeature.RoundTripPreservesAllFields
2026-07-22T10:38:23.2197989Z 371/762 Test #371: ReplayModeFeature.RoundTripPreservesAllFields ............................................   Passed    0.00 sec
2026-07-22T10:38:23.2200770Z         Start 372: ReplayModeFeature.RoundTripMultipleRecords
2026-07-22T10:38:23.2241629Z 372/762 Test #372: ReplayModeFeature.RoundTripMultipleRecords ...............................................   Passed    0.00 sec
2026-07-22T10:38:23.2243841Z         Start 373: ReplayModeFeature.SpeedZeroReplaysInstantly
2026-07-22T10:38:23.2283949Z 373/762 Test #373: ReplayModeFeature.SpeedZeroReplaysInstantly ..............................................   Passed    0.00 sec
2026-07-22T10:38:23.2286281Z         Start 374: ReplayModeFeature.StopEarlyInterruptsReplay
2026-07-22T10:38:23.4331487Z 374/762 Test #374: ReplayModeFeature.StopEarlyInterruptsReplay ..............................................   Passed    0.20 sec
2026-07-22T10:38:23.4333428Z         Start 375: ReplayModeFeature.YamlReplayBlockParsed
2026-07-22T10:38:23.4375700Z 375/762 Test #375: ReplayModeFeature.YamlReplayBlockParsed ..................................................   Passed    0.00 sec
2026-07-22T10:38:23.4377633Z         Start 376: ReplayModeFeature.YamlReplayDefaultSpeed
2026-07-22T10:38:23.4412734Z 376/762 Test #376: ReplayModeFeature.YamlReplayDefaultSpeed .................................................   Passed    0.00 sec
2026-07-22T10:38:23.4414845Z         Start 377: ReplayModeFeature.YamlNoReplayBlock
2026-07-22T10:38:23.4448436Z 377/762 Test #377: ReplayModeFeature.YamlNoReplayBlock ......................................................   Passed    0.00 sec
2026-07-22T10:38:23.4449931Z         Start 378: RecordingSink.WritesJsonlFile
2026-07-22T10:38:23.4487326Z 378/762 Test #378: RecordingSink.WritesJsonlFile ............................................................   Passed    0.00 sec
2026-07-22T10:38:23.4489422Z         Start 379: RecordingSink.HandlesSpecialCharacters
2026-07-22T10:38:23.4525537Z 379/762 Test #379: RecordingSink.HandlesSpecialCharacters ...................................................   Passed    0.00 sec
2026-07-22T10:38:23.4527581Z         Start 380: ReplaySource.RoundTrip
2026-07-22T10:38:23.4567051Z 380/762 Test #380: ReplaySource.RoundTrip ...................................................................   Passed    0.00 sec
2026-07-22T10:38:23.4569880Z         Start 381: ReplaySource.StopEarly
2026-07-22T10:38:23.6615300Z 381/762 Test #381: ReplaySource.StopEarly ...................................................................   Passed    0.20 sec
2026-07-22T10:38:23.6617930Z         Start 382: ScenarioLoaderReplay.ParsesReplayBlock
2026-07-22T10:38:23.6660330Z 382/762 Test #382: ScenarioLoaderReplay.ParsesReplayBlock ...................................................   Passed    0.00 sec
2026-07-22T10:38:23.6662661Z         Start 383: ScenarioLoaderReplay.AbsentReplay
2026-07-22T10:38:23.6704598Z 383/762 Test #383: ScenarioLoaderReplay.AbsentReplay ........................................................   Passed    0.00 sec
2026-07-22T10:38:23.6706660Z         Start 384: ScenarioLoaderReplay.DefaultSpeed
2026-07-22T10:38:23.6740625Z 384/762 Test #384: ScenarioLoaderReplay.DefaultSpeed ........................................................   Passed    0.00 sec
2026-07-22T10:38:23.6742528Z         Start 385: EngineRecording.ProducesJsonlFile
2026-07-22T10:38:24.1940963Z 385/762 Test #385: EngineRecording.ProducesJsonlFile ........................................................   Passed    0.52 sec
2026-07-22T10:38:24.1943799Z         Start 386: EngineReplay.ReplaysRecordingThroughSink
2026-07-22T10:38:24.7151394Z 386/762 Test #386: EngineReplay.ReplaysRecordingThroughSink .................................................   Passed    0.52 sec
2026-07-22T10:38:24.7154444Z         Start 387: ShardedPipelineTest.RoutesRecordsByAgentNameDeterministically
2026-07-22T10:38:24.7253504Z 387/762 Test #387: ShardedPipelineTest.RoutesRecordsByAgentNameDeterministically ............................   Passed    0.01 sec
2026-07-22T10:38:24.7255181Z         Start 388: ShardedPipelineTest.BackpressureSignalActivatesUnderLoad
2026-07-22T10:38:24.7290669Z 388/762 Test #388: ShardedPipelineTest.BackpressureSignalActivatesUnderLoad .................................   Passed    0.00 sec
2026-07-22T10:38:24.7292748Z         Start 389: ShardedPipelineTest.AutoShardCountUsesHardwareConcurrency
2026-07-22T10:38:24.7327010Z 389/762 Test #389: ShardedPipelineTest.AutoShardCountUsesHardwareConcurrency ................................   Passed    0.00 sec
2026-07-22T10:38:24.7328299Z         Start 390: ShardedPipelineTest.DropPolicyDiscardsOnFull
2026-07-22T10:38:24.7362298Z 390/762 Test #390: ShardedPipelineTest.DropPolicyDiscardsOnFull .............................................   Passed    0.00 sec
2026-07-22T10:38:24.7364801Z         Start 391: ShardedPipelineTest.BlockPolicyNeverDropsAndCountsBlocking
2026-07-22T10:38:24.8075880Z 391/762 Test #391: ShardedPipelineTest.BlockPolicyNeverDropsAndCountsBlocking ...............................   Passed    0.07 sec
2026-07-22T10:38:24.8078170Z         Start 392: SharedMemorySink.EmitsLineFrameOnShardChannel
2026-07-22T10:38:24.8114819Z 392/762 Test #392: SharedMemorySink.EmitsLineFrameOnShardChannel ............................................   Passed    0.00 sec
2026-07-22T10:38:24.8117647Z         Start 393: SharedMemorySink.SealsPunctuateDataAtWindowBoundaries
2026-07-22T10:38:24.8152441Z 393/762 Test #393: SharedMemorySink.SealsPunctuateDataAtWindowBoundaries ....................................   Passed    0.00 sec
2026-07-22T10:38:24.8154898Z         Start 394: SharedMemorySink.FinalizeSealsDataLessShardUpToTarget
2026-07-22T10:38:24.8189575Z 394/762 Test #394: SharedMemorySink.FinalizeSealsDataLessShardUpToTarget ....................................   Passed    0.00 sec
2026-07-22T10:38:24.8193479Z         Start 395: StructuredSchemaFeature.EcsContainsEcsVersionField
2026-07-22T10:38:24.8223250Z 395/762 Test #395: StructuredSchemaFeature.EcsContainsEcsVersionField .......................................   Passed    0.00 sec
2026-07-22T10:38:24.8225675Z         Start 396: StructuredSchemaFeature.EcsTimestampIsUtc
2026-07-22T10:38:24.8257064Z 396/762 Test #396: StructuredSchemaFeature.EcsTimestampIsUtc ................................................   Passed    0.00 sec
2026-07-22T10:38:24.8259017Z         Start 397: StructuredSchemaFeature.EcsLevelIsLowercasePerSpec
2026-07-22T10:38:24.8289613Z 397/762 Test #397: StructuredSchemaFeature.EcsLevelIsLowercasePerSpec .......................................   Passed    0.00 sec
2026-07-22T10:38:24.8291538Z         Start 398: StructuredSchemaFeature.EcsCustomFieldsInLabels
2026-07-22T10:38:24.8322520Z 398/762 Test #398: StructuredSchemaFeature.EcsCustomFieldsInLabels ..........................................   Passed    0.00 sec
2026-07-22T10:38:24.8324017Z         Start 399: StructuredSchemaFeature.EcsNoLabelsWhenNoFields
2026-07-22T10:38:24.8354418Z 399/762 Test #399: StructuredSchemaFeature.EcsNoLabelsWhenNoFields ..........................................   Passed    0.00 sec
2026-07-22T10:38:24.8356946Z         Start 400: StructuredSchemaFeature.EcsServiceNameAndType
2026-07-22T10:38:24.8387339Z 400/762 Test #400: StructuredSchemaFeature.EcsServiceNameAndType ............................................   Passed    0.00 sec
2026-07-22T10:38:24.8389867Z         Start 401: StructuredSchemaFeature.OtelContainsRequiredTopLevelFields
2026-07-22T10:38:24.8420881Z 401/762 Test #401: StructuredSchemaFeature.OtelContainsRequiredTopLevelFields ...............................   Passed    0.00 sec
2026-07-22T10:38:24.8422909Z         Start 402: StructuredSchemaFeature.OtelSeverityMapping
2026-07-22T10:38:24.8453395Z 402/762 Test #402: StructuredSchemaFeature.OtelSeverityMapping ..............................................   Passed    0.00 sec
2026-07-22T10:38:24.8455267Z         Start 403: StructuredSchemaFeature.OtelTimeUnixNanoIsQuotedDecimalString
2026-07-22T10:38:24.8485685Z 403/762 Test #403: StructuredSchemaFeature.OtelTimeUnixNanoIsQuotedDecimalString ............................   Passed    0.00 sec
2026-07-22T10:38:24.8486682Z         Start 404: StructuredSchemaFeature.OtelBodyContainsMessage
2026-07-22T10:38:24.8517289Z 404/762 Test #404: StructuredSchemaFeature.OtelBodyContainsMessage ..........................................   Passed    0.00 sec
2026-07-22T10:38:24.8519578Z         Start 405: StructuredSchemaFeature.OtelCustomFieldsInAttributes
2026-07-22T10:38:24.8552226Z 405/762 Test #405: StructuredSchemaFeature.OtelCustomFieldsInAttributes .....................................   Passed    0.00 sec
2026-07-22T10:38:24.8553870Z         Start 406: StructuredSchemaFeature.OtelFormatAliasesWork
2026-07-22T10:38:24.8588800Z 406/762 Test #406: StructuredSchemaFeature.OtelFormatAliasesWork ............................................   Passed    0.00 sec
2026-07-22T10:38:24.8590635Z         Start 407: StructuredSchemaFeature.EcsFormatAlias
2026-07-22T10:38:24.8624799Z 407/762 Test #407: StructuredSchemaFeature.EcsFormatAlias ...................................................   Passed    0.00 sec
2026-07-22T10:38:24.8626707Z         Start 408: WindowSealCursor.AdvanceThroughEmitsEachWindowOnceInOrderWithCloseBoundary
2026-07-22T10:38:24.8656781Z 408/762 Test #408: WindowSealCursor.AdvanceThroughEmitsEachWindowOnceInOrderWithCloseBoundary ...............   Passed    0.00 sec
2026-07-22T10:38:24.8658151Z         Start 409: WindowSealCursor.AdvanceIsMonotonicAndNeverDoubleSeals
2026-07-22T10:38:24.8688861Z 409/762 Test #409: WindowSealCursor.AdvanceIsMonotonicAndNeverDoubleSeals ...................................   Passed    0.00 sec
2026-07-22T10:38:24.8690556Z         Start 410: WindowSealCursor.AdvanceThroughTimeSealsWindowsWhoseBoundaryIsReached
2026-07-22T10:38:24.8721777Z 410/762 Test #410: WindowSealCursor.AdvanceThroughTimeSealsWindowsWhoseBoundaryIsReached ....................   Passed    0.00 sec
2026-07-22T10:38:24.8723070Z         Start 411: WindowSealCursor.TimeAndDataPathsShareOneCursorWithoutDoubleSealing
2026-07-22T10:38:24.8753838Z 411/762 Test #411: WindowSealCursor.TimeAndDataPathsShareOneCursorWithoutDoubleSealing ......................   Passed    0.00 sec
2026-07-22T10:38:24.8755217Z         Start 412: WindowSealCursor.ZeroIntervalDisablesSealing
2026-07-22T10:38:24.8786472Z 412/762 Test #412: WindowSealCursor.ZeroIntervalDisablesSealing .............................................   Passed    0.00 sec
2026-07-22T10:38:24.8788318Z         Start 413: ScenarioLoaderTest.AMalformedRandomDelayIsRefusedNotSilentlyDropped
2026-07-22T10:38:24.8824667Z 413/762 Test #413: ScenarioLoaderTest.AMalformedRandomDelayIsRefusedNotSilentlyDropped ......................   Passed    0.00 sec
2026-07-22T10:38:24.8826576Z         Start 414: ScenarioLoaderTest.AMalformedLatencyDistributionIsRefusedNotSilentlyZeroed
2026-07-22T10:38:24.8862129Z 414/762 Test #414: ScenarioLoaderTest.AMalformedLatencyDistributionIsRefusedNotSilentlyZeroed ...............   Passed    0.00 sec
2026-07-22T10:38:24.8863406Z         Start 415: ScenarioLoaderTest.EveryLegalLatencyFormIsStillAccepted
2026-07-22T10:38:24.8899234Z 415/762 Test #415: ScenarioLoaderTest.EveryLegalLatencyFormIsStillAccepted ..................................   Passed    0.00 sec
2026-07-22T10:38:24.8901385Z         Start 416: ScenarioLoaderTest.AnAbsentRandomDelayStaysAbsent
2026-07-22T10:38:24.8934313Z 416/762 Test #416: ScenarioLoaderTest.AnAbsentRandomDelayStaysAbsent ........................................   Passed    0.00 sec
2026-07-22T10:38:24.8935635Z         Start 417: ScenarioLoaderTest.ParseGlobalNoise
2026-07-22T10:38:24.8969729Z 417/762 Test #417: ScenarioLoaderTest.ParseGlobalNoise ......................................................   Passed    0.00 sec
2026-07-22T10:38:24.8971801Z         Start 418: ScenarioLoaderTest.ParsePerAgentNoise
2026-07-22T10:38:24.9006664Z 418/762 Test #418: ScenarioLoaderTest.ParsePerAgentNoise ....................................................   Passed    0.00 sec
2026-07-22T10:38:24.9008826Z         Start 419: ScenarioLoaderTest.ParseEnvironment
2026-07-22T10:38:24.9041626Z 419/762 Test #419: ScenarioLoaderTest.ParseEnvironment ......................................................   Passed    0.00 sec
2026-07-22T10:38:24.9043217Z         Start 420: ScenarioLoaderTest.ParsePropagationRules
2026-07-22T10:38:24.9077440Z 420/762 Test #420: ScenarioLoaderTest.ParsePropagationRules .................................................   Passed    0.00 sec
2026-07-22T10:38:24.9079755Z         Start 421: ScenarioLoaderTest.ParseIncludesAndMergeAgents
2026-07-22T10:38:24.9120420Z 421/762 Test #421: ScenarioLoaderTest.ParseIncludesAndMergeAgents ...........................................   Passed    0.00 sec
2026-07-22T10:38:24.9122341Z         Start 422: ScenarioLoaderTest.ParseUsersAndSessions
2026-07-22T10:38:24.9155181Z 422/762 Test #422: ScenarioLoaderTest.ParseUsersAndSessions .................................................   Passed    0.00 sec
2026-07-22T10:38:24.9157428Z         Start 423: ScenarioLoaderTest.UsersSessionsStaleDurationKeyWarnsAndTakesDefaults
2026-07-22T10:38:24.9190492Z 423/762 Test #423: ScenarioLoaderTest.UsersSessionsStaleDurationKeyWarnsAndTakesDefaults ....................   Passed    0.00 sec
2026-07-22T10:38:24.9192409Z         Start 424: ScenarioLoaderTest.ParsePersonas
2026-07-22T10:38:24.9225613Z 424/762 Test #424: ScenarioLoaderTest.ParsePersonas .........................................................   Passed    0.00 sec
2026-07-22T10:38:24.9227474Z         Start 425: ScenarioLoaderTest.ParseTemplatesAndResolve
2026-07-22T10:38:24.9260648Z 425/762 Test #425: ScenarioLoaderTest.ParseTemplatesAndResolve ..............................................   Passed    0.00 sec
2026-07-22T10:38:24.9262032Z         Start 426: ScenarioLoaderTest.TemplateResolutionAgentOverrides
2026-07-22T10:38:24.9295143Z 426/762 Test #426: ScenarioLoaderTest.TemplateResolutionAgentOverrides ......................................   Passed    0.00 sec
2026-07-22T10:38:24.9296737Z         Start 427: ScenarioLoaderTest.UnknownTemplateThrows
2026-07-22T10:38:24.9330059Z 427/762 Test #427: ScenarioLoaderTest.UnknownTemplateThrows .................................................   Passed    0.00 sec
2026-07-22T10:38:24.9332090Z         Start 428: ScenarioLoaderTest.InstanceExpansion
2026-07-22T10:38:24.9384028Z 428/762 Test #428: ScenarioLoaderTest.InstanceExpansion .....................................................   Passed    0.01 sec
2026-07-22T10:38:24.9385880Z         Start 429: ScenarioLoaderTest.SingleInstanceNoExpansion
2026-07-22T10:38:24.9419515Z 429/762 Test #429: ScenarioLoaderTest.SingleInstanceNoExpansion .............................................   Passed    0.00 sec
2026-07-22T10:38:24.9421446Z         Start 430: ScenarioLoaderTest.ParseRegistryNamedAgents
2026-07-22T10:38:24.9456209Z 430/762 Test #430: ScenarioLoaderTest.ParseRegistryNamedAgents ..............................................   Passed    0.00 sec
2026-07-22T10:38:24.9458835Z         Start 431: ScenarioLoaderTest.ParseRegistryWithOverrides
2026-07-22T10:38:24.9491816Z 431/762 Test #431: ScenarioLoaderTest.ParseRegistryWithOverrides ............................................   Passed    0.00 sec
2026-07-22T10:38:24.9493031Z         Start 432: ScenarioLoaderTest.ParseRegistryWithRateStringOverride
2026-07-22T10:38:24.9526680Z 432/762 Test #432: ScenarioLoaderTest.ParseRegistryWithRateStringOverride ...................................   Passed    0.00 sec
2026-07-22T10:38:24.9528014Z         Start 433: ScenarioLoaderTest.NoRegistryWhenAbsent
2026-07-22T10:38:24.9561375Z 433/762 Test #433: ScenarioLoaderTest.NoRegistryWhenAbsent ..................................................   Passed    0.00 sec
2026-07-22T10:38:24.9563200Z         Start 434: ScenarioLoaderTest.RegistryFileLoadAndOverride
2026-07-22T10:38:24.9609108Z 434/762 Test #434: ScenarioLoaderTest.RegistryFileLoadAndOverride ...........................................   Passed    0.00 sec
2026-07-22T10:38:24.9611035Z         Start 435: ScenarioLoaderTest.RegistryUnknownRefThrows
2026-07-22T10:38:24.9652982Z 435/762 Test #435: ScenarioLoaderTest.RegistryUnknownRefThrows ..............................................   Passed    0.00 sec
2026-07-22T10:38:24.9653443Z         Start 436: ScenarioLoaderTest.RegistryWithInstanceExpansion
2026-07-22T10:38:24.9697322Z 436/762 Test #436: ScenarioLoaderTest.RegistryWithInstanceExpansion .........................................   Passed    0.00 sec
2026-07-22T10:38:24.9699555Z         Start 437: ScenarioLoaderTest.RegistryAndInlineAgentsCoexist
2026-07-22T10:38:24.9743961Z 437/762 Test #437: ScenarioLoaderTest.RegistryAndInlineAgentsCoexist ........................................   Passed    0.00 sec
2026-07-22T10:38:24.9745296Z         Start 438: ScenarioLoaderTest.RegistryAndTemplatesCoexist
2026-07-22T10:38:24.9790238Z 438/762 Test #438: ScenarioLoaderTest.RegistryAndTemplatesCoexist ...........................................   Passed    0.00 sec
2026-07-22T10:38:24.9792168Z         Start 439: ScenarioLoaderTest.ParseLevelOverridesOnField
2026-07-22T10:38:24.9825467Z 439/762 Test #439: ScenarioLoaderTest.ParseLevelOverridesOnField ............................................   Passed    0.00 sec
2026-07-22T10:38:24.9827125Z         Start 440: ScenarioLoaderTest.ParseLevelOverridesAllSixLevels
2026-07-22T10:38:24.9859779Z 440/762 Test #440: ScenarioLoaderTest.ParseLevelOverridesAllSixLevels .......................................   Passed    0.00 sec
2026-07-22T10:38:24.9861307Z         Start 441: ScenarioLoaderTest.LevelOverridesAbsentProducesEmptyMap
2026-07-22T10:38:24.9894665Z 441/762 Test #441: ScenarioLoaderTest.LevelOverridesAbsentProducesEmptyMap ..................................   Passed    0.00 sec
2026-07-22T10:38:24.9896009Z         Start 442: ScenarioLoaderTest.LevelOverridesInTemplateField
2026-07-22T10:38:24.9928692Z 442/762 Test #442: ScenarioLoaderTest.LevelOverridesInTemplateField .........................................   Passed    0.00 sec
2026-07-22T10:38:24.9930021Z         Start 443: ScenarioLoaderTest.LevelOverridesUnknownLevelThrows
2026-07-22T10:38:24.9963232Z 443/762 Test #443: ScenarioLoaderTest.LevelOverridesUnknownLevelThrows ......................................   Passed    0.00 sec
2026-07-22T10:38:24.9964520Z         Start 444: ScenarioLoaderTest.ParseLevelWeights
2026-07-22T10:38:24.9997174Z 444/762 Test #444: ScenarioLoaderTest.ParseLevelWeights .....................................................   Passed    0.00 sec
2026-07-22T10:38:24.9999361Z         Start 445: ScenarioLoaderTest.LevelWeightsAbsentProducesEmptyMap
2026-07-22T10:38:25.0031168Z 445/762 Test #445: ScenarioLoaderTest.LevelWeightsAbsentProducesEmptyMap ....................................   Passed    0.00 sec
2026-07-22T10:38:25.0032481Z         Start 446: ScenarioLoaderTest.NestedWorldBlocksWarnOnUnknownSubKeys
2026-07-22T10:38:25.0073310Z 446/762 Test #446: ScenarioLoaderTest.NestedWorldBlocksWarnOnUnknownSubKeys .................................   Passed    0.00 sec
2026-07-22T10:38:25.0074666Z         Start 447: ScenarioLoaderTest.NestedWorldBlocksAreSilentOnValidKeys
2026-07-22T10:38:25.0109851Z 447/762 Test #447: ScenarioLoaderTest.NestedWorldBlocksAreSilentOnValidKeys .................................   Passed    0.00 sec
2026-07-22T10:38:25.0111169Z         Start 448: ScenarioLoaderTest.ParseStateAndEffects
2026-07-22T10:38:25.0145141Z 448/762 Test #448: ScenarioLoaderTest.ParseStateAndEffects ..................................................   Passed    0.00 sec
2026-07-22T10:38:25.0146399Z         Start 449: ScenarioLoaderTest.ParseCorrelatedFailures
2026-07-22T10:38:25.0182476Z 449/762 Test #449: ScenarioLoaderTest.ParseCorrelatedFailures ...............................................   Passed    0.00 sec
2026-07-22T10:38:25.0184826Z         Start 450: ScenarioLoaderTest.ParseApiServiceArchetype
2026-07-22T10:38:25.0231589Z 450/762 Test #450: ScenarioLoaderTest.ParseApiServiceArchetype ..............................................   Passed    0.00 sec
2026-07-22T10:38:25.0232940Z         Start 451: ScenarioLoaderTest.ParseDatabaseArchetype
2026-07-22T10:38:25.0267170Z 451/762 Test #451: ScenarioLoaderTest.ParseDatabaseArchetype ................................................   Passed    0.00 sec
2026-07-22T10:38:25.0269004Z         Start 452: ScenarioLoaderTest.ParseExternalApiArchetype
2026-07-22T10:38:25.0302325Z 452/762 Test #452: ScenarioLoaderTest.ParseExternalApiArchetype .............................................   Passed    0.00 sec
2026-07-22T10:38:25.0304419Z         Start 453: ScenarioLoaderTest.ParseHealthState
2026-07-22T10:38:25.0339896Z 453/762 Test #453: ScenarioLoaderTest.ParseHealthState ......................................................   Passed    0.00 sec
2026-07-22T10:38:25.0341887Z         Start 454: ScenarioLoaderTest.ParseRateModulationSinusoidal
2026-07-22T10:38:25.0377681Z 454/762 Test #454: ScenarioLoaderTest.ParseRateModulationSinusoidal .........................................   Passed    0.00 sec
2026-07-22T10:38:25.0382308Z         Start 455: ScenarioLoaderTest.ParseRateModulationBusinessHours
2026-07-22T10:38:25.0415981Z 455/762 Test #455: ScenarioLoaderTest.ParseRateModulationBusinessHours ......................................   Passed    0.00 sec
2026-07-22T10:38:25.0417276Z         Start 456: ScenarioLoaderTest.ParseRateModulationSinusoidalDefaults
2026-07-22T10:38:25.0453211Z 456/762 Test #456: ScenarioLoaderTest.ParseRateModulationSinusoidalDefaults .................................   Passed    0.00 sec
2026-07-22T10:38:25.0454523Z         Start 457: ScenarioLoaderTest.ParseRateModulationBusinessHoursDefaults
2026-07-22T10:38:25.0490970Z 457/762 Test #457: ScenarioLoaderTest.ParseRateModulationBusinessHoursDefaults ..............................   Passed    0.00 sec
2026-07-22T10:38:25.0493057Z         Start 458: ScenarioLoaderTest.NoRateModulation_Absent
2026-07-22T10:38:25.0531664Z 458/762 Test #458: ScenarioLoaderTest.NoRateModulation_Absent ...............................................   Passed    0.00 sec
2026-07-22T10:38:25.0533310Z         Start 459: ScenarioLoaderTest.WeightedChoiceMismatchThrows
2026-07-22T10:38:25.0569142Z 459/762 Test #459: ScenarioLoaderTest.WeightedChoiceMismatchThrows ..........................................   Passed    0.00 sec
2026-07-22T10:38:25.0570054Z         Start 460: ScenarioLoaderTest.ParsesAllGeneratorTypes
2026-07-22T10:38:25.0605427Z 460/762 Test #460: ScenarioLoaderTest.ParsesAllGeneratorTypes ...............................................   Passed    0.00 sec
2026-07-22T10:38:25.0607090Z         Start 461: ScenarioLoaderTest.ParsesConditionalGenerator
2026-07-22T10:38:25.0639993Z 461/762 Test #461: ScenarioLoaderTest.ParsesConditionalGenerator ............................................   Passed    0.00 sec
2026-07-22T10:38:25.0641705Z         Start 462: ScenarioLoaderTest.UnknownGeneratorThrows
2026-07-22T10:38:25.0680811Z 462/762 Test #462: ScenarioLoaderTest.UnknownGeneratorThrows ................................................   Passed    0.00 sec
2026-07-22T10:38:25.0682285Z         Start 463: ScenarioLoaderTest.ConditionalFieldRefersToLaterFieldThrows
2026-07-22T10:38:25.0716375Z 463/762 Test #463: ScenarioLoaderTest.ConditionalFieldRefersToLaterFieldThrows ..............................   Passed    0.00 sec
2026-07-22T10:38:25.0718183Z         Start 464: ScenarioLoaderTest.ConditionalFieldRefersToEarlierFieldDoesNotThrow
2026-07-22T10:38:25.0752920Z 464/762 Test #464: ScenarioLoaderTest.ConditionalFieldRefersToEarlierFieldDoesNotThrow ......................   Passed    0.00 sec
2026-07-22T10:38:25.0754212Z         Start 465: ScenarioLoaderTest.UnrecognizedFieldKeyProducesWarning
2026-07-22T10:38:25.0788853Z 465/762 Test #465: ScenarioLoaderTest.UnrecognizedFieldKeyProducesWarning ...................................   Passed    0.00 sec
2026-07-22T10:38:25.0790182Z         Start 466: ScenarioLoaderTest.ParseIncidents
2026-07-22T10:38:25.0823837Z 466/762 Test #466: ScenarioLoaderTest.ParseIncidents ........................................................   Passed    0.00 sec
2026-07-22T10:38:25.0825211Z         Start 467: ScenarioLoaderTest.ParseProbabilityIncidentTrigger
2026-07-22T10:38:25.0858496Z 467/762 Test #467: ScenarioLoaderTest.ParseProbabilityIncidentTrigger .......................................   Passed    0.00 sec
2026-07-22T10:38:25.0859692Z         Start 468: ScenarioLoaderTest.ParseAgentStartDelaySeconds
2026-07-22T10:38:25.0897771Z 468/762 Test #468: ScenarioLoaderTest.ParseAgentStartDelaySeconds ...........................................   Passed    0.00 sec
2026-07-22T10:38:25.0899715Z         Start 469: ScenarioLoaderTest.IncidentEffectTargetUnknownAgentThrows
2026-07-22T10:38:25.0934145Z 469/762 Test #469: ScenarioLoaderTest.IncidentEffectTargetUnknownAgentThrows ................................   Passed    0.00 sec
2026-07-22T10:38:25.0935886Z         Start 470: ScenarioLoaderTest.IncidentEffectValidTargetDoesNotThrow
2026-07-22T10:38:25.0969519Z 470/762 Test #470: ScenarioLoaderTest.IncidentEffectValidTargetDoesNotThrow .................................   Passed    0.00 sec
2026-07-22T10:38:25.0970900Z         Start 471: ScenarioLoaderTest.UnrecognizedIncidentKeyProducesWarning
2026-07-22T10:38:25.1005284Z 471/762 Test #471: ScenarioLoaderTest.UnrecognizedIncidentKeyProducesWarning ................................   Passed    0.00 sec
2026-07-22T10:38:25.1006586Z         Start 472: ScenarioLoaderTest.OutputFormatJson
2026-07-22T10:38:25.1039418Z 472/762 Test #472: ScenarioLoaderTest.OutputFormatJson ......................................................   Passed    0.00 sec
2026-07-22T10:38:25.1040396Z         Start 473: ScenarioLoaderTest.OutputFormatText
2026-07-22T10:38:25.1073765Z 473/762 Test #473: ScenarioLoaderTest.OutputFormatText ......................................................   Passed    0.00 sec
2026-07-22T10:38:25.1075113Z         Start 474: ScenarioLoaderTest.OutputFormatClf
2026-07-22T10:38:25.1108539Z 474/762 Test #474: ScenarioLoaderTest.OutputFormatClf .......................................................   Passed    0.00 sec
2026-07-22T10:38:25.1110205Z         Start 475: ScenarioLoaderTest.OutputFormatApacheError
2026-07-22T10:38:25.1142529Z 475/762 Test #475: ScenarioLoaderTest.OutputFormatApacheError ...............................................   Passed    0.00 sec
2026-07-22T10:38:25.1144233Z         Start 476: ScenarioLoaderTest.OutputFormatLog4j
2026-07-22T10:38:25.1176268Z 476/762 Test #476: ScenarioLoaderTest.OutputFormatLog4j .....................................................   Passed    0.00 sec
2026-07-22T10:38:25.1178657Z         Start 477: ScenarioLoaderTest.OutputFormatSyslog
2026-07-22T10:38:25.1214977Z 477/762 Test #477: ScenarioLoaderTest.OutputFormatSyslog ....................................................   Passed    0.00 sec
2026-07-22T10:38:25.1217174Z         Start 478: ScenarioLoaderTest.OutputFormatRfc5424
2026-07-22T10:38:25.1250028Z 478/762 Test #478: ScenarioLoaderTest.OutputFormatRfc5424 ...................................................   Passed    0.00 sec
2026-07-22T10:38:25.1251723Z         Start 479: ScenarioLoaderTest.OutputFormatNginxError
2026-07-22T10:38:25.1284390Z 479/762 Test #479: ScenarioLoaderTest.OutputFormatNginxError ................................................   Passed    0.00 sec
2026-07-22T10:38:25.1285565Z         Start 480: ScenarioLoaderTest.OutputFormatKv
2026-07-22T10:38:25.1317899Z 480/762 Test #480: ScenarioLoaderTest.OutputFormatKv ........................................................   Passed    0.00 sec
2026-07-22T10:38:25.1320421Z         Start 481: ScenarioLoaderTest.OutputFormatLogfmtAliasForKv
2026-07-22T10:38:25.1352491Z 481/762 Test #481: ScenarioLoaderTest.OutputFormatLogfmtAliasForKv ..........................................   Passed    0.00 sec
2026-07-22T10:38:25.1354256Z         Start 482: ScenarioLoaderTest.OutputFormatAndroidLogcat
2026-07-22T10:38:25.1387821Z 482/762 Test #482: ScenarioLoaderTest.OutputFormatAndroidLogcat .............................................   Passed    0.00 sec
2026-07-22T10:38:25.1389130Z         Start 483: ScenarioLoaderTest.OutputFormatWindowsCbs
2026-07-22T10:38:25.1423548Z 483/762 Test #483: ScenarioLoaderTest.OutputFormatWindowsCbs ................................................   Passed    0.00 sec
2026-07-22T10:38:25.1424776Z         Start 484: ScenarioLoaderTest.OutputFormatSparkHdfs
2026-07-22T10:38:25.1458326Z 484/762 Test #484: ScenarioLoaderTest.OutputFormatSparkHdfs .................................................   Passed    0.00 sec
2026-07-22T10:38:25.1459555Z         Start 485: ScenarioLoaderTest.OutputFormatSparkAlias
2026-07-22T10:38:25.1492665Z 485/762 Test #485: ScenarioLoaderTest.OutputFormatSparkAlias ................................................   Passed    0.00 sec
2026-07-22T10:38:25.1493757Z         Start 486: ScenarioLoaderTest.OutputFormatHealthApp
2026-07-22T10:38:25.1526255Z 486/762 Test #486: ScenarioLoaderTest.OutputFormatHealthApp .................................................   Passed    0.00 sec
2026-07-22T10:38:25.1527531Z         Start 487: ScenarioLoaderTest.OutputFormatProxifier
2026-07-22T10:38:25.1560971Z 487/762 Test #487: ScenarioLoaderTest.OutputFormatProxifier .................................................   Passed    0.00 sec
2026-07-22T10:38:25.1562193Z         Start 488: ScenarioLoaderTest.OutputFormatCloudWatch
2026-07-22T10:38:25.1594820Z 488/762 Test #488: ScenarioLoaderTest.OutputFormatCloudWatch ................................................   Passed    0.00 sec
2026-07-22T10:38:25.1596697Z         Start 489: ScenarioLoaderTest.OutputFormatSystemdJournal
2026-07-22T10:38:25.1629184Z 489/762 Test #489: ScenarioLoaderTest.OutputFormatSystemdJournal ............................................   Passed    0.00 sec
2026-07-22T10:38:25.1630846Z         Start 490: ScenarioLoaderTest.OutputFormatHpc
2026-07-22T10:38:25.1662919Z 490/762 Test #490: ScenarioLoaderTest.OutputFormatHpc .......................................................   Passed    0.00 sec
2026-07-22T10:38:25.1664365Z         Start 491: ScenarioLoaderTest.OutputFormatBglAliasForHpc
2026-07-22T10:38:25.1697289Z 491/762 Test #491: ScenarioLoaderTest.OutputFormatBglAliasForHpc ............................................   Passed    0.00 sec
2026-07-22T10:38:25.1698105Z         Start 492: ScenarioLoaderTest.OutputFormatIisW3c
2026-07-22T10:38:25.1731565Z 492/762 Test #492: ScenarioLoaderTest.OutputFormatIisW3c ....................................................   Passed    0.00 sec
2026-07-22T10:38:25.1733150Z         Start 493: ScenarioLoaderTest.OutputFormatIisAlias
2026-07-22T10:38:25.1765515Z 493/762 Test #493: ScenarioLoaderTest.OutputFormatIisAlias ..................................................   Passed    0.00 sec
2026-07-22T10:38:25.1767637Z         Start 494: ScenarioLoaderTest.OutputFormatUnknownFallsBackToJson
2026-07-22T10:38:25.1800765Z 494/762 Test #494: ScenarioLoaderTest.OutputFormatUnknownFallsBackToJson ....................................   Passed    0.00 sec
2026-07-22T10:38:25.1802036Z         Start 495: ScenarioLoaderTest.UnrecognizedOutputKeyProducesWarning
2026-07-22T10:38:25.1834968Z 495/762 Test #495: ScenarioLoaderTest.UnrecognizedOutputKeyProducesWarning ..................................   Passed    0.00 sec
2026-07-22T10:38:25.1836653Z         Start 496: ScenarioLoaderTest.PrometheusMetricKeys
2026-07-22T10:38:25.1869570Z 496/762 Test #496: ScenarioLoaderTest.PrometheusMetricKeys ..................................................   Passed    0.00 sec
2026-07-22T10:38:25.1870767Z         Start 497: ScenarioLoaderTest.StatsdMetricKeys
2026-07-22T10:38:25.1906732Z 497/762 Test #497: ScenarioLoaderTest.StatsdMetricKeys ......................................................   Passed    0.00 sec
2026-07-22T10:38:25.1908414Z         Start 498: ScenarioLoaderTest.MetricsShortFormKeysRejected
2026-07-22T10:38:25.1943442Z 498/762 Test #498: ScenarioLoaderTest.MetricsShortFormKeysRejected ..........................................   Passed    0.00 sec
2026-07-22T10:38:25.1944512Z         Start 499: ScenarioLoaderTest.ParsePhases
2026-07-22T10:38:25.1980861Z 499/762 Test #499: ScenarioLoaderTest.ParsePhases ...........................................................   Passed    0.00 sec
2026-07-22T10:38:25.1982123Z         Start 500: ScenarioLoaderTest.PhaseRateExplicitZeroVsOmitted
2026-07-22T10:38:25.2020684Z 500/762 Test #500: ScenarioLoaderTest.PhaseRateExplicitZeroVsOmitted ........................................   Passed    0.00 sec
2026-07-22T10:38:25.2022687Z         Start 501: ScenarioLoaderTest.PhasesWithNormalDistribution
2026-07-22T10:38:25.2059582Z 501/762 Test #501: ScenarioLoaderTest.PhasesWithNormalDistribution ..........................................   Passed    0.00 sec
2026-07-22T10:38:25.2060038Z         Start 502: ScenarioLoaderTest.PhasesWithPercentileDistribution
2026-07-22T10:38:25.2094443Z 502/762 Test #502: ScenarioLoaderTest.PhasesWithPercentileDistribution ......................................   Passed    0.00 sec
2026-07-22T10:38:25.2095729Z         Start 503: ScenarioLoaderTest.AgentLevelLatencyDistribution
2026-07-22T10:38:25.2128877Z 503/762 Test #503: ScenarioLoaderTest.AgentLevelLatencyDistribution .........................................   Passed    0.00 sec
2026-07-22T10:38:25.2130723Z         Start 504: ScenarioLoaderTest.AgentLevelLatencyUniformArray
2026-07-22T10:38:25.2163857Z 504/762 Test #504: ScenarioLoaderTest.AgentLevelLatencyUniformArray .........................................   Passed    0.00 sec
2026-07-22T10:38:25.2165127Z         Start 505: ScenarioLoaderTest.UnrecognizedPhaseKeyProducesWarning
2026-07-22T10:38:25.2198112Z 505/762 Test #505: ScenarioLoaderTest.UnrecognizedPhaseKeyProducesWarning ...................................   Passed    0.00 sec
2026-07-22T10:38:25.2200540Z         Start 506: ScenarioLoaderTest.LoadValidYaml
2026-07-22T10:38:25.2233743Z 506/762 Test #506: ScenarioLoaderTest.LoadValidYaml .........................................................   Passed    0.00 sec
2026-07-22T10:38:25.2236145Z         Start 507: ScenarioLoaderTest.DefaultsWhenOptionalFieldsMissing
2026-07-22T10:38:25.2268905Z 507/762 Test #507: ScenarioLoaderTest.DefaultsWhenOptionalFieldsMissing .....................................   Passed    0.00 sec
2026-07-22T10:38:25.2270367Z         Start 508: ScenarioLoaderTest.ThrowsOnMissingScenarioKey
2026-07-22T10:38:25.2303341Z 508/762 Test #508: ScenarioLoaderTest.ThrowsOnMissingScenarioKey ............................................   Passed    0.00 sec
2026-07-22T10:38:25.2304611Z         Start 509: ScenarioLoaderTest.ThrowsOnInvalidYaml
2026-07-22T10:38:25.2338158Z 509/762 Test #509: ScenarioLoaderTest.ThrowsOnInvalidYaml ...................................................   Passed    0.00 sec
2026-07-22T10:38:25.2339770Z         Start 510: ScenarioLoaderTest.DurationStringParsing
2026-07-22T10:38:25.2373434Z 510/762 Test #510: ScenarioLoaderTest.DurationStringParsing .................................................   Passed    0.00 sec
2026-07-22T10:38:25.2374215Z         Start 511: ScenarioLoaderTest.DurationSecondsString
2026-07-22T10:38:25.2407016Z 511/762 Test #511: ScenarioLoaderTest.DurationSecondsString .................................................   Passed    0.00 sec
2026-07-22T10:38:25.2408187Z         Start 512: ScenarioLoaderTest.DurationHoursString
2026-07-22T10:38:25.2441894Z 512/762 Test #512: ScenarioLoaderTest.DurationHoursString ...................................................   Passed    0.00 sec
2026-07-22T10:38:25.2443758Z         Start 513: ScenarioLoaderTest.DurationMillisecondsString
2026-07-22T10:38:25.2476653Z 513/762 Test #513: ScenarioLoaderTest.DurationMillisecondsString ............................................   Passed    0.00 sec
2026-07-22T10:38:25.2478621Z         Start 514: ScenarioLoaderTest.RateStringParsing
2026-07-22T10:38:25.2512001Z 514/762 Test #514: ScenarioLoaderTest.RateStringParsing .....................................................   Passed    0.00 sec
2026-07-22T10:38:25.2513254Z         Start 515: ScenarioLoaderTest.DurationSecondsFallback
2026-07-22T10:38:25.2545963Z 515/762 Test #515: ScenarioLoaderTest.DurationSecondsFallback ...............................................   Passed    0.00 sec
2026-07-22T10:38:25.2548027Z         Start 516: ScenarioLoaderTest.ParseOutputFields
2026-07-22T10:38:25.2583372Z 516/762 Test #516: ScenarioLoaderTest.ParseOutputFields .....................................................   Passed    0.00 sec
2026-07-22T10:38:25.2585052Z         Start 517: ScenarioLoaderTest.OutputFieldProjectionDistinguishesAbsentFromDeclaredEmpty
2026-07-22T10:38:25.2618783Z 517/762 Test #517: ScenarioLoaderTest.OutputFieldProjectionDistinguishesAbsentFromDeclaredEmpty .............   Passed    0.00 sec
2026-07-22T10:38:25.2619759Z         Start 518: ScenarioLoaderTest.OutputFieldProjectionRejectsANonListFields
2026-07-22T10:38:25.2654020Z 518/762 Test #518: ScenarioLoaderTest.OutputFieldProjectionRejectsANonListFields ............................   Passed    0.00 sec
2026-07-22T10:38:25.2655476Z         Start 519: ScenarioLoaderTest.FullRealisticScenario
2026-07-22T10:38:25.2702537Z 519/762 Test #519: ScenarioLoaderTest.FullRealisticScenario .................................................   Passed    0.00 sec
2026-07-22T10:38:25.2703824Z         Start 520: ScenarioLoaderTest.UnrecognizedScenarioKeyProducesWarning
2026-07-22T10:38:25.2737772Z 520/762 Test #520: ScenarioLoaderTest.UnrecognizedScenarioKeyProducesWarning ................................   Passed    0.00 sec
2026-07-22T10:38:25.2739057Z         Start 521: ScenarioLoaderTest.ValidKeysProduceNoWarnings
2026-07-22T10:38:25.2772356Z 521/762 Test #521: ScenarioLoaderTest.ValidKeysProduceNoWarnings ............................................   Passed    0.00 sec
2026-07-22T10:38:25.2773400Z         Start 522: ScenarioLoaderTest.ParseAutoCascade
2026-07-22T10:38:25.2806072Z 522/762 Test #522: ScenarioLoaderTest.ParseAutoCascade ......................................................   Passed    0.00 sec
2026-07-22T10:38:25.2807321Z         Start 523: ScenarioLoaderTest.ParseAutoCascadeDefaults
2026-07-22T10:38:25.2839932Z 523/762 Test #523: ScenarioLoaderTest.ParseAutoCascadeDefaults ..............................................   Passed    0.00 sec
2026-07-22T10:38:25.2841186Z         Start 524: ScenarioLoaderTest.ParseReplayConfig
2026-07-22T10:38:25.2888593Z 524/762 Test #524: ScenarioLoaderTest.ParseReplayConfig .....................................................   Passed    0.00 sec
2026-07-22T10:38:25.2890763Z         Start 525: ScenarioLoaderTest.ParseReplayDefaultSpeed
2026-07-22T10:38:25.2923833Z 525/762 Test #525: ScenarioLoaderTest.ParseReplayDefaultSpeed ...............................................   Passed    0.00 sec
2026-07-22T10:38:25.2926103Z         Start 526: ScenarioLoaderTest.ParseEntityPool
2026-07-22T10:38:25.2958169Z 526/762 Test #526: ScenarioLoaderTest.ParseEntityPool .......................................................   Passed    0.00 sec
2026-07-22T10:38:25.2959567Z         Start 527: ScenarioLoaderTest.ParseScenarioFieldVariations
2026-07-22T10:38:25.2991707Z 527/762 Test #527: ScenarioLoaderTest.ParseScenarioFieldVariations ..........................................   Passed    0.00 sec
2026-07-22T10:38:25.2992996Z         Start 528: ScenarioLoaderTest.ParseClockVirtualMode
2026-07-22T10:38:25.3025199Z 528/762 Test #528: ScenarioLoaderTest.ParseClockVirtualMode .................................................   Passed    0.00 sec
2026-07-22T10:38:25.3026477Z         Start 529: ScenarioLoaderTest.ParseDeclaredIntentChannelReachesTheOutputConfig
2026-07-22T10:38:25.3059863Z 529/762 Test #529: ScenarioLoaderTest.ParseDeclaredIntentChannelReachesTheOutputConfig ......................   Passed    0.00 sec
2026-07-22T10:38:25.3061538Z         Start 530: ScenarioLoaderTest.ParseOmittedIntentChannelIsUnspecified
2026-07-22T10:38:25.3094283Z 530/762 Test #530: ScenarioLoaderTest.ParseOmittedIntentChannelIsUnspecified ................................   Passed    0.00 sec
2026-07-22T10:38:25.3096081Z         Start 531: ScenarioLoaderTest.ParseUnknownIntentChannelThrows
2026-07-22T10:38:25.3128840Z 531/762 Test #531: ScenarioLoaderTest.ParseUnknownIntentChannelThrows .......................................   Passed    0.00 sec
2026-07-22T10:38:25.3130272Z         Start 532: ScenarioLoaderTest.ParsePipelineConfig
2026-07-22T10:38:25.3162851Z 532/762 Test #532: ScenarioLoaderTest.ParsePipelineConfig ...................................................   Passed    0.00 sec
2026-07-22T10:38:25.3164648Z         Start 533: ScenarioLoaderTest.ParsePipelineBackpressureDrop
2026-07-22T10:38:25.3196544Z 533/762 Test #533: ScenarioLoaderTest.ParsePipelineBackpressureDrop .........................................   Passed    0.00 sec
2026-07-22T10:38:25.3198056Z         Start 534: ScenarioLoaderTest.RecordingOutputTakesRecordingFormatAndRefusesTheRetiredFormatKey
2026-07-22T10:38:25.3233512Z 534/762 Test #534: ScenarioLoaderTest.RecordingOutputTakesRecordingFormatAndRefusesTheRetiredFormatKey ......   Passed    0.00 sec
2026-07-22T10:38:25.3234990Z         Start 535: ScenarioLoaderTest.AnUnknownLogLevelTokenIsRefusedAtEveryLevelKey
2026-07-22T10:38:25.3278151Z 535/762 Test #535: ScenarioLoaderTest.AnUnknownLogLevelTokenIsRefusedAtEveryLevelKey ........................   Passed    0.00 sec
2026-07-22T10:38:25.3279587Z         Start 536: ScenarioLoaderTest.SeedUnderRealScenarioRootIsRejected
2026-07-22T10:38:25.3311559Z 536/762 Test #536: ScenarioLoaderTest.SeedUnderRealScenarioRootIsRejected ...................................   Passed    0.00 sec
2026-07-22T10:38:25.3313057Z         Start 537: ScenarioLoaderTest.DeterministicScenarioSeedDefaultsTo42
2026-07-22T10:38:25.3349079Z 537/762 Test #537: ScenarioLoaderTest.DeterministicScenarioSeedDefaultsTo42 .................................   Passed    0.00 sec
2026-07-22T10:38:25.3352336Z         Start 538: ScenarioLoaderTest.DeclaringBothRootsIsRejected
2026-07-22T10:38:25.3388780Z 538/762 Test #538: ScenarioLoaderTest.DeclaringBothRootsIsRejected ..........................................   Passed    0.00 sec
2026-07-22T10:38:25.3389974Z         Start 539: ScenarioLoaderTest.DeterministicScenarioRootSelectsDeterministicMode
2026-07-22T10:38:25.3424877Z 539/762 Test #539: ScenarioLoaderTest.DeterministicScenarioRootSelectsDeterministicMode .....................   Passed    0.00 sec
2026-07-22T10:38:25.3426120Z         Start 540: ScenarioLoaderTest.RealScenarioRootSelectsRealMode
2026-07-22T10:38:25.3459196Z 540/762 Test #540: ScenarioLoaderTest.RealScenarioRootSelectsRealMode .......................................   Passed    0.00 sec
2026-07-22T10:38:25.3461314Z         Start 541: ScenarioLoaderTest.DeterministicScenarioDeclinesAutoCascade
2026-07-22T10:38:25.3498046Z 541/762 Test #541: ScenarioLoaderTest.DeterministicScenarioDeclinesAutoCascade ..............................   Passed    0.00 sec
2026-07-22T10:38:25.3499859Z         Start 542: ScenarioLoaderTest.RealScenarioDeclinesFlowsAndSaysWhichCapabilityAndWhere
2026-07-22T10:38:25.3540180Z 542/762 Test #542: ScenarioLoaderTest.RealScenarioDeclinesFlowsAndSaysWhichCapabilityAndWhere ...............   Passed    0.00 sec
2026-07-22T10:38:25.3541598Z         Start 543: ScenarioLoaderTest.TheDeterministicWorldStillAcceptsTheVerySameFlow
2026-07-22T10:38:25.3577028Z 543/762 Test #543: ScenarioLoaderTest.TheDeterministicWorldStillAcceptsTheVerySameFlow ......................   Passed    0.00 sec
2026-07-22T10:38:25.3578893Z         Start 544: ScenarioLoaderTest.PerAgentSeedOverridesTheCommonSeed
2026-07-22T10:38:25.3611125Z 544/762 Test #544: ScenarioLoaderTest.PerAgentSeedOverridesTheCommonSeed ....................................   Passed    0.00 sec
2026-07-22T10:38:25.3612486Z         Start 545: ScenarioLoaderTest.InstancesSeedAssignsOnePerExpandedInstance
2026-07-22T10:38:25.3646174Z 545/762 Test #545: ScenarioLoaderTest.InstancesSeedAssignsOnePerExpandedInstance ............................   Passed    0.00 sec
2026-07-22T10:38:25.3647917Z         Start 546: ScenarioLoaderTest.InstancesSeedWrongLengthIsRejected
2026-07-22T10:38:25.3682086Z 546/762 Test #546: ScenarioLoaderTest.InstancesSeedWrongLengthIsRejected ....................................   Passed    0.00 sec
2026-07-22T10:38:25.3683176Z         Start 547: ScenarioLoaderTest.SeedAndInstancesSeedAreMutuallyExclusive
2026-07-22T10:38:25.3716567Z 547/762 Test #547: ScenarioLoaderTest.SeedAndInstancesSeedAreMutuallyExclusive ..............................   Passed    0.00 sec
2026-07-22T10:38:25.3718932Z         Start 548: ScenarioLoaderTest.InstancesSeedRequiresMultipleInstances
2026-07-22T10:38:25.3752103Z 548/762 Test #548: ScenarioLoaderTest.InstancesSeedRequiresMultipleInstances ................................   Passed    0.00 sec
2026-07-22T10:38:25.3753833Z         Start 549: ScenarioLoaderTest.PerAgentSeedInRealWorldIsRejected
2026-07-22T10:38:25.3787716Z 549/762 Test #549: ScenarioLoaderTest.PerAgentSeedInRealWorldIsRejected .....................................   Passed    0.00 sec
2026-07-22T10:38:25.3789004Z         Start 550: ScenarioLoaderTest.TemplateMustDeclareAnIntent
2026-07-22T10:38:25.3822050Z 550/762 Test #550: ScenarioLoaderTest.TemplateMustDeclareAnIntent ...........................................   Passed    0.00 sec
2026-07-22T10:38:25.3823754Z         Start 551: ScenarioLoaderTest.UseTemplateWithMismatchedIntentIsRejected
2026-07-22T10:38:25.3857695Z 551/762 Test #551: ScenarioLoaderTest.UseTemplateWithMismatchedIntentIsRejected .............................   Passed    0.00 sec
2026-07-22T10:38:25.3858898Z         Start 552: ScenarioLoaderTest.UseTemplateInheritsIntentWhenAgentDeclaresNone
2026-07-22T10:38:25.3892416Z 552/762 Test #552: ScenarioLoaderTest.UseTemplateInheritsIntentWhenAgentDeclaresNone ........................   Passed    0.00 sec
2026-07-22T10:38:25.3893485Z         Start 553: ScenarioLoaderTest.PropagationRuleTargetUnknownAgentThrows
2026-07-22T10:38:25.3927564Z 553/762 Test #553: ScenarioLoaderTest.PropagationRuleTargetUnknownAgentThrows ...............................   Passed    0.00 sec
2026-07-22T10:38:25.3928831Z         Start 554: ScenarioLoaderTest.PropagationRuleValidTargetDoesNotThrow
2026-07-22T10:38:25.3962742Z 554/762 Test #554: ScenarioLoaderTest.PropagationRuleValidTargetDoesNotThrow ................................   Passed    0.00 sec
2026-07-22T10:38:25.3964239Z         Start 555: ScenarioLoaderTest.AgentDependencyUnknownAgentThrows
2026-07-22T10:38:25.3997627Z 555/762 Test #555: ScenarioLoaderTest.AgentDependencyUnknownAgentThrows .....................................   Passed    0.00 sec
2026-07-22T10:38:25.3998961Z         Start 556: ScenarioLoaderTest.AgentDependencyValidAgentDoesNotThrow
2026-07-22T10:38:25.4033424Z 556/762 Test #556: ScenarioLoaderTest.AgentDependencyValidAgentDoesNotThrow .................................   Passed    0.00 sec
2026-07-22T10:38:25.4034608Z         Start 557: ScenarioLoaderTest.UnrecognizedAgentKeyProducesWarning
2026-07-22T10:38:25.4067953Z 557/762 Test #557: ScenarioLoaderTest.UnrecognizedAgentKeyProducesWarning ...................................   Passed    0.00 sec
2026-07-22T10:38:25.4070136Z         Start 558: ScenarioLoaderTest.SeedWithRealClockAndBusinessHoursThrows
2026-07-22T10:38:25.4103568Z 558/762 Test #558: ScenarioLoaderTest.SeedWithRealClockAndBusinessHoursThrows ...............................   Passed    0.00 sec
2026-07-22T10:38:25.4105252Z         Start 559: ScenarioLoaderTest.SeedWithLocalTimezoneThrows
2026-07-22T10:38:25.4138470Z 559/762 Test #559: ScenarioLoaderTest.SeedWithLocalTimezoneThrows ...........................................   Passed    0.00 sec
2026-07-22T10:38:25.4139682Z         Start 560: ScenarioLoaderTest.RealModeBusinessHoursRateModulationDoesNotThrow
2026-07-22T10:38:25.4172845Z 560/762 Test #560: ScenarioLoaderTest.RealModeBusinessHoursRateModulationDoesNotThrow .......................   Passed    0.00 sec
2026-07-22T10:38:25.4174006Z         Start 561: ScenarioLoaderTest.DeterministicScenarioDeclinesBusinessHoursRateModulation
2026-07-22T10:38:25.4207323Z 561/762 Test #561: ScenarioLoaderTest.DeterministicScenarioDeclinesBusinessHoursRateModulation ..............   Passed    0.00 sec
2026-07-22T10:38:25.4208733Z         Start 562: ScenarioLoaderTest.NoSeedWithRealClockAndBusinessHoursDoesNotThrow
2026-07-22T10:38:25.4245240Z 562/762 Test #562: ScenarioLoaderTest.NoSeedWithRealClockAndBusinessHoursDoesNotThrow .......................   Passed    0.00 sec
2026-07-22T10:38:25.4247457Z         Start 563: AutoDeterminismLoaderTest.SeedOnlyAutoPromotesClockToVirtual
2026-07-22T10:38:25.4279930Z 563/762 Test #563: AutoDeterminismLoaderTest.SeedOnlyAutoPromotesClockToVirtual .............................   Passed    0.00 sec
2026-07-22T10:38:25.4281254Z         Start 564: AutoDeterminismLoaderTest.SeedOnlyAutoPromotesPipelineToBlock
2026-07-22T10:38:25.4315110Z 564/762 Test #564: AutoDeterminismLoaderTest.SeedOnlyAutoPromotesPipelineToBlock ............................   Passed    0.00 sec
2026-07-22T10:38:25.4317320Z         Start 565: AutoDeterminismLoaderTest.PipelineBlockWithoutBackpressureForcesBlock
2026-07-22T10:38:25.4349101Z 565/762 Test #565: AutoDeterminismLoaderTest.PipelineBlockWithoutBackpressureForcesBlock ....................   Passed    0.00 sec
2026-07-22T10:38:25.4351024Z         Start 566: AutoDeterminismLoaderTest.SeededExplicitDropBackpressureIsRejected
2026-07-22T10:38:25.4390526Z 566/762 Test #566: AutoDeterminismLoaderTest.SeededExplicitDropBackpressureIsRejected .......................   Passed    0.00 sec
2026-07-22T10:38:25.4391793Z         Start 567: AutoDeterminismLoaderTest.UnseededScenariosKeepProductionDefaults
2026-07-22T10:38:25.4424296Z 567/762 Test #567: AutoDeterminismLoaderTest.UnseededScenariosKeepProductionDefaults ........................   Passed    0.00 sec
2026-07-22T10:38:25.4425667Z         Start 568: DslBuildAxis.AnEdgelessBuildAxisIsTheOneCoordinateHistory
2026-07-22T10:38:25.4462136Z 568/762 Test #568: DslBuildAxis.AnEdgelessBuildAxisIsTheOneCoordinateHistory ................................   Passed    0.00 sec
2026-07-22T10:38:25.4463616Z         Start 569: DslBuildAxis.AMaterializedCoordinateCarriesNoAxis
2026-07-22T10:38:25.4505450Z 569/762 Test #569: DslBuildAxis.AMaterializedCoordinateCarriesNoAxis ........................................   Passed    0.00 sec
2026-07-22T10:38:25.4507632Z         Start 570: DslBuildAxis.RemoveVanishesExactlyItsQuantumAndTheEdgeRewiresTheChain
2026-07-22T10:38:25.4552152Z 570/762 Test #570: DslBuildAxis.RemoveVanishesExactlyItsQuantumAndTheEdgeRewiresTheChain ....................   Passed    0.00 sec
2026-07-22T10:38:25.4553526Z         Start 571: DslBuildAxis.RemovingAStepWithoutRewiringItsSuccessorIsRejected
2026-07-22T10:38:25.4592367Z 571/762 Test #571: DslBuildAxis.RemovingAStepWithoutRewiringItsSuccessorIsRejected ..........................   Passed    0.00 sec
2026-07-22T10:38:25.4593743Z         Start 572: DslBuildAxis.UpsertCreatesAQuantumAtTheChainPositionItDeclares
2026-07-22T10:38:25.4629451Z 572/762 Test #572: DslBuildAxis.UpsertCreatesAQuantumAtTheChainPositionItDeclares ...........................   Passed    0.00 sec
2026-07-22T10:38:25.4630996Z         Start 573: DslBuildAxis.TheChainNotTheDeclarationOrderDecidesTheDocumentOrder
2026-07-22T10:38:25.4666959Z 573/762 Test #573: DslBuildAxis.TheChainNotTheDeclarationOrderDecidesTheDocumentOrder .......................   Passed    0.00 sec
2026-07-22T10:38:25.4668784Z         Start 574: DslBuildAxis.UpsertAtALeafRewordsTheQuantumWithoutTouchingItsIdentity
2026-07-22T10:38:25.4709602Z 574/762 Test #574: DslBuildAxis.UpsertAtALeafRewordsTheQuantumWithoutTouchingItsIdentity ....................   Passed    0.00 sec
2026-07-22T10:38:25.4710932Z         Start 575: DslBuildAxis.UpsertBindsTheErrorRateOfTheFailingStep
2026-07-22T10:38:25.4746249Z 575/762 Test #575: DslBuildAxis.UpsertBindsTheErrorRateOfTheFailingStep .....................................   Passed    0.00 sec
2026-07-22T10:38:25.4747369Z         Start 576: DslBuildAxis.UpsertAtAWorldScalarLeafAppliesAndSparesItsSiblings
2026-07-22T10:38:25.4785677Z 576/762 Test #576: DslBuildAxis.UpsertAtAWorldScalarLeafAppliesAndSparesItsSiblings .........................   Passed    0.00 sec
2026-07-22T10:38:25.4788135Z         Start 577: DslBuildAxis.UpsertCreatesAnAbsentWorldScalarBlock
2026-07-22T10:38:25.4826364Z 577/762 Test #577: DslBuildAxis.UpsertCreatesAnAbsentWorldScalarBlock .......................................   Passed    0.00 sec
2026-07-22T10:38:25.4827508Z         Start 578: DslBuildAxis.EdgesFoldOntoTheirPredecessorNotOntoTheBase
2026-07-22T10:38:25.4872685Z 578/762 Test #578: DslBuildAxis.EdgesFoldOntoTheirPredecessorNotOntoTheBase .................................   Passed    0.00 sec
2026-07-22T10:38:25.4875616Z         Start 579: DslBuildAxis.MaterializingPastTheAxisIsRejected
2026-07-22T10:38:25.4910271Z 579/762 Test #579: DslBuildAxis.MaterializingPastTheAxisIsRejected ..........................................   Passed    0.00 sec
2026-07-22T10:38:25.4913864Z         Start 580: DslBuildAxis.ACoordinateOfTheWrongAxisIsRejected
2026-07-22T10:38:25.4947112Z 580/762 Test #580: DslBuildAxis.ACoordinateOfTheWrongAxisIsRejected .........................................   Passed    0.00 sec
2026-07-22T10:38:25.4948707Z         Start 581: DslBuildAxis.ATimeAxisNestedUnderTheBuildAxisIsRejected
2026-07-22T10:38:25.4982057Z 581/762 Test #581: DslBuildAxis.ATimeAxisNestedUnderTheBuildAxisIsRejected ..................................   Passed    0.00 sec
2026-07-22T10:38:25.4983479Z         Start 582: DslBuildAxis.IncidentsAreRejectedInTheCiWorld
2026-07-22T10:38:25.5018536Z 582/762 Test #582: DslBuildAxis.IncidentsAreRejectedInTheCiWorld ............................................   Passed    0.00 sec
2026-07-22T10:38:25.5019866Z         Start 583: DslBuildAxis.TheStepChainIsRejectedOutsideTheCiWorld
2026-07-22T10:38:25.5053973Z 583/762 Test #583: DslBuildAxis.TheStepChainIsRejectedOutsideTheCiWorld .....................................   Passed    0.00 sec
2026-07-22T10:38:25.5055284Z         Start 584: DslBuildAxis.TwoInterventionalAxesSideBySideAreRejected
2026-07-22T10:38:25.5089804Z 584/762 Test #584: DslBuildAxis.TwoInterventionalAxesSideBySideAreRejected ..................................   Passed    0.00 sec
2026-07-22T10:38:25.5091112Z         Start 585: DslBuildAxis.AForkedChainIsRejected
2026-07-22T10:38:25.5125792Z 585/762 Test #585: DslBuildAxis.AForkedChainIsRejected ......................................................   Passed    0.00 sec
2026-07-22T10:38:25.5127066Z         Start 586: DslBuildAxis.AChainWithNoHeadIsRejected
2026-07-22T10:38:25.5162127Z 586/762 Test #586: DslBuildAxis.AChainWithNoHeadIsRejected ..................................................   Passed    0.00 sec
2026-07-22T10:38:25.5163743Z         Start 587: DslBuildAxis.TwoHeadsAreRejected
2026-07-22T10:38:25.5198127Z 587/762 Test #587: DslBuildAxis.TwoHeadsAreRejected .........................................................   Passed    0.00 sec
2026-07-22T10:38:25.5200451Z         Start 588: DslBuildAxis.ASelfLoopIsRejected
2026-07-22T10:38:25.5236713Z 588/762 Test #588: DslBuildAxis.ASelfLoopIsRejected .........................................................   Passed    0.00 sec
2026-07-22T10:38:25.5238996Z         Start 589: DslBuildAxis.RemovingAnUnknownQuantumIsRejected
2026-07-22T10:38:25.5279867Z 589/762 Test #589: DslBuildAxis.RemovingAnUnknownQuantumIsRejected ..........................................   Passed    0.00 sec
2026-07-22T10:38:25.5280678Z         Start 590: DslBuildAxis.AnEdgeIncoherentAtItsOwnCoordinateIsRejectedAtLoad
2026-07-22T10:38:25.5323548Z 590/762 Test #590: DslBuildAxis.AnEdgeIncoherentAtItsOwnCoordinateIsRejectedAtLoad ..........................   Passed    0.00 sec
2026-07-22T10:38:25.5325426Z         Start 591: DslBuildAxis.AnOrdinalEdgeDeclaringANameIsRejected
2026-07-22T10:38:25.5359296Z 591/762 Test #591: DslBuildAxis.AnOrdinalEdgeDeclaringANameIsRejected .......................................   Passed    0.00 sec
2026-07-22T10:38:25.5360750Z         Start 592: DslBuildAxis.AnUnknownKeyOnAnEdgeIsRejected
2026-07-22T10:38:25.5394987Z 592/762 Test #592: DslBuildAxis.AnUnknownKeyOnAnEdgeIsRejected ..............................................   Passed    0.00 sec
2026-07-22T10:38:25.5396331Z         Start 593: DslBuildAxis.AnEdgeThatDeclaresNoOperationIsRejected
2026-07-22T10:38:25.5430594Z 593/762 Test #593: DslBuildAxis.AnEdgeThatDeclaresNoOperationIsRejected .....................................   Passed    0.00 sec
2026-07-22T10:38:25.5432340Z         Start 594: DslBuildAxis.EdgesMustBeASequence
2026-07-22T10:38:25.5468718Z 594/762 Test #594: DslBuildAxis.EdgesMustBeASequence ........................................................   Passed    0.00 sec
2026-07-22T10:38:25.5471499Z         Start 595: DslBuildAxis.DeclaringTheAxisIsACountedCapability
2026-07-22T10:38:25.5513316Z 595/762 Test #595: DslBuildAxis.DeclaringTheAxisIsACountedCapability ........................................   Passed    0.00 sec
2026-07-22T10:38:25.5514781Z         Start 596: ComputeCapabilitiesTest.MinimalScenario_ScenarioNameAlwaysPresent
2026-07-22T10:38:25.5548613Z 596/762 Test #596: ComputeCapabilitiesTest.MinimalScenario_ScenarioNameAlwaysPresent ........................   Passed    0.00 sec
2026-07-22T10:38:25.5549997Z         Start 597: ComputeCapabilitiesTest.SeedAndDuration_Detected
2026-07-22T10:38:25.5584187Z 597/762 Test #597: ComputeCapabilitiesTest.SeedAndDuration_Detected .........................................   Passed    0.00 sec
2026-07-22T10:38:25.5585617Z         Start 598: ComputeCapabilitiesTest.NoSeedNoDuration_Absent
2026-07-22T10:38:25.5618659Z 598/762 Test #598: ComputeCapabilitiesTest.NoSeedNoDuration_Absent ..........................................   Passed    0.00 sec
2026-07-22T10:38:25.5620397Z         Start 599: ComputeCapabilitiesTest.AgentBasicCountMatchesExpandedAgents
2026-07-22T10:38:25.5653348Z 599/762 Test #599: ComputeCapabilitiesTest.AgentBasicCountMatchesExpandedAgents .............................   Passed    0.00 sec
2026-07-22T10:38:25.5655403Z         Start 600: ComputeCapabilitiesTest.HttpSink_CountedPerSink
2026-07-22T10:38:25.5693466Z 600/762 Test #600: ComputeCapabilitiesTest.HttpSink_CountedPerSink ..........................................   Passed    0.00 sec
2026-07-22T10:38:25.5694738Z         Start 601: ComputeCapabilitiesTest.DisabledSinks_AllDetected
2026-07-22T10:38:25.5728291Z 601/762 Test #601: ComputeCapabilitiesTest.DisabledSinks_AllDetected ........................................   Passed    0.00 sec
2026-07-22T10:38:25.5729604Z         Start 602: ComputeCapabilitiesTest.ReplayBlock_Detected
2026-07-22T10:38:25.5763655Z 602/762 Test #602: ComputeCapabilitiesTest.ReplayBlock_Detected .............................................   Passed    0.00 sec
2026-07-22T10:38:25.5765020Z         Start 603: ComputeCapabilitiesTest.NoReplayBlock_Absent
2026-07-22T10:38:25.5797168Z 603/762 Test #603: ComputeCapabilitiesTest.NoReplayBlock_Absent .............................................   Passed    0.00 sec
2026-07-22T10:38:25.5799041Z         Start 604: ComputeCapabilitiesTest.AgentOutputRouting_Detected
2026-07-22T10:38:25.5831252Z 604/762 Test #604: ComputeCapabilitiesTest.AgentOutputRouting_Detected ......................................   Passed    0.00 sec
2026-07-22T10:38:25.5832574Z         Start 605: ComputeCapabilitiesTest.NoAgentOutputRouting_Absent
2026-07-22T10:38:25.5864675Z 605/762 Test #605: ComputeCapabilitiesTest.NoAgentOutputRouting_Absent ......................................   Passed    0.00 sec
2026-07-22T10:38:25.5865926Z         Start 606: ComputeCapabilitiesTest.AutoCascade_Detected
2026-07-22T10:38:25.5901035Z 606/762 Test #606: ComputeCapabilitiesTest.AutoCascade_Detected .............................................   Passed    0.00 sec
2026-07-22T10:38:25.5902250Z         Start 607: ComputeCapabilitiesTest.FieldGenerators_EachTypeDetected
2026-07-22T10:38:25.5936686Z 607/762 Test #607: ComputeCapabilitiesTest.FieldGenerators_EachTypeDetected .................................   Passed    0.00 sec
2026-07-22T10:38:25.5937719Z         Start 608: ComputeCapabilitiesTest.FieldGenerators_CountAccumulates
2026-07-22T10:38:25.5970560Z 608/762 Test #608: ComputeCapabilitiesTest.FieldGenerators_CountAccumulates .................................   Passed    0.00 sec
2026-07-22T10:38:25.5971716Z         Start 609: ComputeCapabilitiesTest.Personas_CountMatches
2026-07-22T10:38:25.6004089Z 609/762 Test #609: ComputeCapabilitiesTest.Personas_CountMatches ............................................   Passed    0.00 sec
2026-07-22T10:38:25.6005388Z         Start 610: DslCausalAxis.AxisLessScenarioIsTheDegenerateOneElementAxis
2026-07-22T10:38:25.6050110Z 610/762 Test #610: DslCausalAxis.AxisLessScenarioIsTheDegenerateOneElementAxis ..............................   Passed    0.00 sec
2026-07-22T10:38:25.6051469Z         Start 611: DslCausalAxis.BaseLoadKeepsTheDeclarationInfoAndParsesTheBaseWorld
2026-07-22T10:38:25.6090512Z 611/762 Test #611: DslCausalAxis.BaseLoadKeepsTheDeclarationInfoAndParsesTheBaseWorld .......................   Passed    0.00 sec
2026-07-22T10:38:25.6091301Z         Start 612: DslCausalAxis.ExplicitPositionLoadReturnsAPlainScenario
2026-07-22T10:38:25.6130504Z 612/762 Test #612: DslCausalAxis.ExplicitPositionLoadReturnsAPlainScenario ..................................   Passed    0.00 sec
2026-07-22T10:38:25.6131718Z         Start 613: DslCausalAxis.OutOfRangeCoordinateIsRejectedWithTheArity
2026-07-22T10:38:25.6166143Z 613/762 Test #613: DslCausalAxis.OutOfRangeCoordinateIsRejectedWithTheArity .................................   Passed    0.00 sec
2026-07-22T10:38:25.6167075Z         Start 614: DslCausalAxis.RemoveVanishesExactlyTheNamedIncident
2026-07-22T10:38:25.6202379Z 614/762 Test #614: DslCausalAxis.RemoveVanishesExactlyTheNamedIncident ......................................   Passed    0.00 sec
2026-07-22T10:38:25.6204120Z         Start 615: DslCausalAxis.RemoveKeepsTheEmptyKeySoALaterEdgeCanRestore
2026-07-22T10:38:25.6241931Z 615/762 Test #615: DslCausalAxis.RemoveKeepsTheEmptyKeySoALaterEdgeCanRestore ...............................   Passed    0.00 sec
2026-07-22T10:38:25.6243299Z         Start 616: DslCausalAxis.UpsertReplacesTheWholeNamedElement
2026-07-22T10:38:25.6278113Z 616/762 Test #616: DslCausalAxis.UpsertReplacesTheWholeNamedElement .........................................   Passed    0.00 sec
2026-07-22T10:38:25.6279586Z         Start 617: DslCausalAxis.UpsertCreatesAMissingElement
2026-07-22T10:38:25.6315185Z 617/762 Test #617: DslCausalAxis.UpsertCreatesAMissingElement ...............................................   Passed    0.00 sec
2026-07-22T10:38:25.6316173Z         Start 618: DslCausalAxis.UpsertAtALeafIsTheOneKnobTweak
2026-07-22T10:38:25.6366320Z 618/762 Test #618: DslCausalAxis.UpsertAtALeafIsTheOneKnobTweak .............................................   Passed    0.00 sec
2026-07-22T10:38:25.6367625Z         Start 619: DslCausalAxis.TimeAxisAtRootAndUnderTheAxisIsRejected
2026-07-22T10:38:25.6402893Z 619/762 Test #619: DslCausalAxis.TimeAxisAtRootAndUnderTheAxisIsRejected ....................................   Passed    0.00 sec
2026-07-22T10:38:25.6404166Z         Start 620: DslCausalAxis.StructuralMisdeclarationsAreRejected
2026-07-22T10:38:25.6446969Z 620/762 Test #620: DslCausalAxis.StructuralMisdeclarationsAreRejected .......................................   Passed    0.00 sec
2026-07-22T10:38:25.6447992Z         Start 621: DslCausalAxis.PathMisdeclarationsAreRejected
2026-07-22T10:38:25.6498177Z 621/762 Test #621: DslCausalAxis.PathMisdeclarationsAreRejected .............................................   Passed    0.00 sec
2026-07-22T10:38:25.6499430Z         Start 622: DslCausalAxis.TheAxisIsDeterministicWorldOnly
2026-07-22T10:38:25.6532774Z 622/762 Test #622: DslCausalAxis.TheAxisIsDeterministicWorldOnly ............................................   Passed    0.00 sec
2026-07-22T10:38:25.6534099Z         Start 623: DslCausalAxis.UnknownDocumentRootIsRejected
2026-07-22T10:38:25.6569606Z 623/762 Test #623: DslCausalAxis.UnknownDocumentRootIsRejected ..............................................   Passed    0.00 sec
2026-07-22T10:38:25.6570866Z         Start 624: DslCausalAxis.BundledContractScenarioRootIsIgnored
2026-07-22T10:38:25.6606992Z 624/762 Test #624: DslCausalAxis.BundledContractScenarioRootIsIgnored .......................................   Passed    0.00 sec
2026-07-22T10:38:25.6608143Z         Start 625: FlowDslTest.ParsesFlowStatesAndTransitions
2026-07-22T10:38:25.6642642Z 625/762 Test #625: FlowDslTest.ParsesFlowStatesAndTransitions ...............................................   Passed    0.00 sec
2026-07-22T10:38:25.6644445Z         Start 626: FlowDslTest.UnknownFlowKeyWarns
2026-07-22T10:38:25.6678323Z 626/762 Test #626: FlowDslTest.UnknownFlowKeyWarns ..........................................................   Passed    0.00 sec
2026-07-22T10:38:25.6679522Z         Start 627: FlowDslTest.TransitionToUnknownStateThrows
2026-07-22T10:38:25.6715024Z 627/762 Test #627: FlowDslTest.TransitionToUnknownStateThrows ...............................................   Passed    0.00 sec
2026-07-22T10:38:25.6715858Z         Start 628: FlowDslTest.StateWithUnknownAgentThrows
2026-07-22T10:38:25.6750764Z 628/762 Test #628: FlowDslTest.StateWithUnknownAgentThrows ..................................................   Passed    0.00 sec
2026-07-22T10:38:25.6751687Z         Start 629: FlowDslTest.StartReferencingUnknownStateThrows
2026-07-22T10:38:25.6786389Z 629/762 Test #629: FlowDslTest.StartReferencingUnknownStateThrows ...........................................   Passed    0.00 sec
2026-07-22T10:38:25.6787433Z         Start 630: FlowDslTest.ParsesExplicitMaxSteps
2026-07-22T10:38:25.6820445Z 630/762 Test #630: FlowDslTest.ParsesExplicitMaxSteps .......................................................   Passed    0.00 sec
2026-07-22T10:38:25.6822017Z         Start 631: FlowDslTest.MaxStepsZeroThrows
2026-07-22T10:38:25.6858200Z 631/762 Test #631: FlowDslTest.MaxStepsZeroThrows ...........................................................   Passed    0.00 sec
2026-07-22T10:38:25.6859612Z         Start 632: DslIntentAxis.ScalarFormIsTheGenericWorldAndKeepsTheFluxRate
2026-07-22T10:38:25.6892388Z 632/762 Test #632: DslIntentAxis.ScalarFormIsTheGenericWorldAndKeepsTheFluxRate .............................   Passed    0.00 sec
2026-07-22T10:38:25.6893254Z         Start 633: DslIntentAxis.StructuralQuantumFallsBackSilent
2026-07-22T10:38:25.6926597Z 633/762 Test #633: DslIntentAxis.StructuralQuantumFallsBackSilent ...........................................   Passed    0.00 sec
2026-07-22T10:38:25.6927791Z         Start 634: DslIntentAxis.MappingFormInheritsTheAxisDialect
2026-07-22T10:38:25.6962533Z 634/762 Test #634: DslIntentAxis.MappingFormInheritsTheAxisDialect ..........................................   Passed    0.00 sec
2026-07-22T10:38:25.6963674Z         Start 635: DslIntentAxis.StructuralQuantumOutsideTheBuildWorldIsRejected
2026-07-22T10:38:25.6997265Z 635/762 Test #635: DslIntentAxis.StructuralQuantumOutsideTheBuildWorldIsRejected ............................   Passed    0.00 sec
2026-07-22T10:38:25.6998360Z         Start 636: DslIntentAxis.IntentNameRestatementIsRejected
2026-07-22T10:38:25.7032189Z 636/762 Test #636: DslIntentAxis.IntentNameRestatementIsRejected ............................................   Passed    0.00 sec
2026-07-22T10:38:25.7033527Z         Start 637: DslIntentAxis.StructuralQuantumWithoutAnAxisDialectIsRejected
2026-07-22T10:38:25.7067872Z 637/762 Test #637: DslIntentAxis.StructuralQuantumWithoutAnAxisDialectIsRejected ............................   Passed    0.00 sec
2026-07-22T10:38:25.7068424Z         Start 638: DslIntentAxis.InertAxisDialectIsRejected
2026-07-22T10:38:25.7103281Z 638/762 Test #638: DslIntentAxis.InertAxisDialectIsRejected .................................................   Passed    0.00 sec
2026-07-22T10:38:25.7104382Z         Start 639: DslIntentAxis.UnknownAxisDialectIsRejected
2026-07-22T10:38:25.7141880Z 639/762 Test #639: DslIntentAxis.UnknownAxisDialectIsRejected ...............................................   Passed    0.00 sec
2026-07-22T10:38:25.7142946Z         Start 640: DslIntentAxis.DialectOutsideTheBuildWorldIsRejected
2026-07-22T10:38:25.7179345Z 640/762 Test #640: DslIntentAxis.DialectOutsideTheBuildWorldIsRejected ......................................   Passed    0.00 sec
2026-07-22T10:38:25.7180825Z         Start 641: DslIntentAxis.BannerQuantumRejectsDynamicsKeys
2026-07-22T10:38:25.7218899Z 641/762 Test #641: DslIntentAxis.BannerQuantumRejectsDynamicsKeys ...........................................   Passed    0.00 sec
2026-07-22T10:38:25.7221035Z         Start 642: DslIntentAxis.UseTemplateOnABannerQuantumIsRejected
2026-07-22T10:38:25.7258235Z 642/762 Test #642: DslIntentAxis.UseTemplateOnABannerQuantumIsRejected ......................................   Passed    0.00 sec
2026-07-22T10:38:25.7259478Z         Start 643: DslIntentAxis.RegistryOverrideCannotHandDynamicsToABanner
2026-07-22T10:38:25.7302850Z 643/762 Test #643: DslIntentAxis.RegistryOverrideCannotHandDynamicsToABanner ................................   Passed    0.00 sec
2026-07-22T10:38:25.7303771Z         Start 644: DslIntentAxis.ContentQuantumRequiresABoundRate
2026-07-22T10:38:25.7337993Z 644/762 Test #644: DslIntentAxis.ContentQuantumRequiresABoundRate ...........................................   Passed    0.00 sec
2026-07-22T10:38:25.7339145Z         Start 645: DslIntentAxis.AgentScopeTypeIsHardRejected
2026-07-22T10:38:25.7385308Z 645/762 Test #645: DslIntentAxis.AgentScopeTypeIsHardRejected ...............................................   Passed    0.00 sec
2026-07-22T10:38:25.7386100Z         Start 646: DslIntentAxis.KindNoneInTheMappingFormIsRejected
2026-07-22T10:38:25.7420719Z 646/762 Test #646: DslIntentAxis.KindNoneInTheMappingFormIsRejected .........................................   Passed    0.00 sec
2026-07-22T10:38:25.7421905Z         Start 647: DslIntentAxis.UnknownKindIsRejectedNotCoercedToStep
2026-07-22T10:38:25.7456057Z 647/762 Test #647: DslIntentAxis.UnknownKindIsRejectedNotCoercedToStep ......................................   Passed    0.00 sec
2026-07-22T10:38:25.7456945Z         Start 648: DslIntentAxis.MappingFormWithoutKindIsRejected
2026-07-22T10:38:25.7490726Z 648/762 Test #648: DslIntentAxis.MappingFormWithoutKindIsRejected ...........................................   Passed    0.00 sec
2026-07-22T10:38:25.7491587Z         Start 649: DslIntentAxis.KindIsCaseInsensitive
2026-07-22T10:38:25.7530685Z 649/762 Test #649: DslIntentAxis.KindIsCaseInsensitive ......................................................   Passed    0.00 sec
2026-07-22T10:38:25.7531877Z         Start 650: DslIntentAxis.AbsentIntentIsTheUnnamedGenericWorld
2026-07-22T10:38:25.7571173Z 650/762 Test #650: DslIntentAxis.AbsentIntentIsTheUnnamedGenericWorld .......................................   Passed    0.00 sec
2026-07-22T10:38:25.7574294Z         Start 651: DslIntentLibrary.TheLibraryIsSizeOneAndAuthoredUntilTheTwinRatifies
2026-07-22T10:38:25.7607567Z 651/762 Test #651: DslIntentLibrary.TheLibraryIsSizeOneAndAuthoredUntilTheTwinRatifies ......................   Passed    0.00 sec
2026-07-22T10:38:25.7608439Z         Start 652: DslIntentLibrary.LookupIsByNameAndMissesReturnNull
2026-07-22T10:38:25.7638782Z 652/762 Test #652: DslIntentLibrary.LookupIsByNameAndMissesReturnNull .......................................   Passed    0.00 sec
2026-07-22T10:38:25.7639944Z         Start 653: DslIntentLibrary.RatifiedIndexIsEmptyWhileEveryEntryIsAuthored
2026-07-22T10:38:25.7669754Z 653/762 Test #653: DslIntentLibrary.RatifiedIndexIsEmptyWhileEveryEntryIsAuthored ...........................   Passed    0.00 sec
2026-07-22T10:38:25.7670871Z         Start 654: DslIntentLibrary.AsRatifiedRefusesAnAuthoredEntry
2026-07-22T10:38:25.7706182Z 654/762 Test #654: DslIntentLibrary.AsRatifiedRefusesAnAuthoredEntry ........................................   Passed    0.00 sec
2026-07-22T10:38:25.7707389Z         Start 655: DslIntentLibrary.UseIntentBindsStructureFromTheEntryAndDynamicsFromTheScenario
2026-07-22T10:38:25.7747761Z 655/762 Test #655: DslIntentLibrary.UseIntentBindsStructureFromTheEntryAndDynamicsFromTheScenario ...........   Passed    0.00 sec
2026-07-22T10:38:25.7749095Z         Start 656: DslIntentLibrary.UnboundClosedDomainIsUniformOverTheDeclaredVocabulary
2026-07-22T10:38:25.7783587Z 656/762 Test #656: DslIntentLibrary.UnboundClosedDomainIsUniformOverTheDeclaredVocabulary ...................   Passed    0.00 sec
2026-07-22T10:38:25.7784381Z         Start 657: DslIntentLibrary.WeightsArityMustMatchTheDeclaredDomain
2026-07-22T10:38:25.7822194Z 657/762 Test #657: DslIntentLibrary.WeightsArityMustMatchTheDeclaredDomain ..................................   Passed    0.00 sec
2026-07-22T10:38:25.7823328Z         Start 658: DslIntentLibrary.ADistributionForAnUndeclaredFieldIsRejected
2026-07-22T10:38:25.7857376Z 658/762 Test #658: DslIntentLibrary.ADistributionForAnUndeclaredFieldIsRejected .............................   Passed    0.00 sec
2026-07-22T10:38:25.7858368Z         Start 659: DslIntentLibrary.RestatingClosedDomainValuesIsRejected
2026-07-22T10:38:25.7897512Z 659/762 Test #659: DslIntentLibrary.RestatingClosedDomainValuesIsRejected ...................................   Passed    0.00 sec
2026-07-22T10:38:25.7898581Z         Start 660: DslIntentLibrary.OpenDomainWithoutAGeneratorIsRejected
2026-07-22T10:38:25.7933322Z 660/762 Test #660: DslIntentLibrary.OpenDomainWithoutAGeneratorIsRejected ...................................   Passed    0.00 sec
2026-07-22T10:38:25.7934155Z         Start 661: DslIntentLibrary.NumericBindingBelowTheDeclaredConstraintIsRejected
2026-07-22T10:38:25.7970639Z 661/762 Test #661: DslIntentLibrary.NumericBindingBelowTheDeclaredConstraintIsRejected ......................   Passed    0.00 sec
2026-07-22T10:38:25.7971717Z         Start 662: DslIntentLibrary.DeclaredPayloadContractRequiresTheBinding
2026-07-22T10:38:25.8006699Z 662/762 Test #662: DslIntentLibrary.DeclaredPayloadContractRequiresTheBinding ...............................   Passed    0.00 sec
2026-07-22T10:38:25.8007248Z         Start 663: DslIntentLibrary.UseIntentAndInlineIntentAreMutuallyExclusive
2026-07-22T10:38:25.8041424Z 663/762 Test #663: DslIntentLibrary.UseIntentAndInlineIntentAreMutuallyExclusive ............................   Passed    0.00 sec
2026-07-22T10:38:25.8042182Z         Start 664: DslIntentLibrary.AnUnknownLibraryEntryIsRejectedNamingTheKnownOnes
2026-07-22T10:38:25.8084082Z 664/762 Test #664: DslIntentLibrary.AnUnknownLibraryEntryIsRejectedNamingTheKnownOnes .......................   Passed    0.00 sec
2026-07-22T10:38:25.8085190Z         Start 665: DslIntentLibrary.RestatingTheBodyBesideUseIntentIsRejected
2026-07-22T10:38:25.8119944Z 665/762 Test #665: DslIntentLibrary.RestatingTheBodyBesideUseIntentIsRejected ...............................   Passed    0.00 sec
2026-07-22T10:38:25.8121286Z         Start 666: DslIntentLibrary.ABoundContentQuantumRequiresARate
2026-07-22T10:38:25.8154797Z 666/762 Test #666: DslIntentLibrary.ABoundContentQuantumRequiresARate .......................................   Passed    0.00 sec
2026-07-22T10:38:25.8156005Z         Start 667: DslIntentLibrary.UseIntentOutsideTheBuildWorldIsRejected
2026-07-22T10:38:25.8194349Z 667/762 Test #667: DslIntentLibrary.UseIntentOutsideTheBuildWorldIsRejected .................................   Passed    0.00 sec
2026-07-22T10:38:25.8195329Z         Start 668: DslKnobAxis.CardinalityIsTheTotalCoordinateCountIncludingTheBase
2026-07-22T10:38:25.8254297Z 668/762 Test #668: DslKnobAxis.CardinalityIsTheTotalCoordinateCountIncludingTheBase .........................   Passed    0.01 sec
2026-07-22T10:38:25.8255097Z         Start 669: DslKnobAxis.CoordinateZeroIsTheWorldAsAuthored
2026-07-22T10:38:25.8292478Z 669/762 Test #669: DslKnobAxis.CoordinateZeroIsTheWorldAsAuthored ...........................................   Passed    0.00 sec
2026-07-22T10:38:25.8293518Z         Start 670: DslKnobAxis.AMaterializedCoordinateCarriesNoAxis
2026-07-22T10:38:25.8330604Z 670/762 Test #670: DslKnobAxis.AMaterializedCoordinateCarriesNoAxis .........................................   Passed    0.00 sec
2026-07-22T10:38:25.8331637Z         Start 671: DslKnobAxis.TheGeneratedEdgesAreCountedAsAKnobAxisCapability
2026-07-22T10:38:25.8386977Z 671/762 Test #671: DslKnobAxis.TheGeneratedEdgesAreCountedAsAKnobAxisCapability .............................   Passed    0.01 sec
2026-07-22T10:38:25.8388085Z         Start 672: DslKnobAxis.TheFloatingPointSweepDivergenceIsAbsentAtItsSharpestCoordinate
2026-07-22T10:38:25.8430622Z 672/762 Test #672: DslKnobAxis.TheFloatingPointSweepDivergenceIsAbsentAtItsSharpestCoordinate ...............   Passed    0.00 sec
2026-07-22T10:38:25.8431968Z         Start 673: DslKnobAxis.TheSweepScaleIsTheFinerOfBaseAndIncrement
2026-07-22T10:38:25.8475912Z 673/762 Test #673: DslKnobAxis.TheSweepScaleIsTheFinerOfBaseAndIncrement ....................................   Passed    0.00 sec
2026-07-22T10:38:25.8476827Z         Start 674: DslKnobAxis.TheIncrementIsSigned
2026-07-22T10:38:25.8521635Z 674/762 Test #674: DslKnobAxis.TheIncrementIsSigned .........................................................   Passed    0.00 sec
2026-07-22T10:38:25.8522405Z         Start 675: DslKnobAxis.DerivationEqualsHandAuthoring
2026-07-22T10:38:25.8594036Z 675/762 Test #675: DslKnobAxis.DerivationEqualsHandAuthoring ................................................   Passed    0.01 sec
2026-07-22T10:38:25.8595145Z         Start 676: DslKnobAxis.AdjacentCoordinatesDifferInExactlyTheSweptLeaf
2026-07-22T10:38:25.8673918Z 676/762 Test #676: DslKnobAxis.AdjacentCoordinatesDifferInExactlyTheSweptLeaf ...............................   Passed    0.01 sec
2026-07-22T10:38:25.8676404Z         Start 677: DslKnobAxis.AZeroIncrementIsRefused
2026-07-22T10:38:25.8715444Z 677/762 Test #677: DslKnobAxis.AZeroIncrementIsRefused ......................................................   Passed    0.00 sec
2026-07-22T10:38:25.8716811Z         Start 678: DslKnobAxis.AZeroIncrementWrittenWithDecimalsIsAlsoRefused
2026-07-22T10:38:25.8751736Z 678/762 Test #678: DslKnobAxis.AZeroIncrementWrittenWithDecimalsIsAlsoRefused ...............................   Passed    0.00 sec
2026-07-22T10:38:25.8752723Z         Start 679: DslKnobAxis.AnUnresolvablePathIsRefused
2026-07-22T10:38:25.8787006Z 679/762 Test #679: DslKnobAxis.AnUnresolvablePathIsRefused ..................................................   Passed    0.00 sec
2026-07-22T10:38:25.8788276Z         Start 680: DslKnobAxis.APathToANodeIsRefused
2026-07-22T10:38:25.8823949Z 680/762 Test #680: DslKnobAxis.APathToANodeIsRefused ........................................................   Passed    0.00 sec
2026-07-22T10:38:25.8825029Z         Start 681: DslKnobAxis.AnUndeclaredLeafIsRefused
2026-07-22T10:38:25.8862008Z 681/762 Test #681: DslKnobAxis.AnUndeclaredLeafIsRefused ....................................................   Passed    0.00 sec
2026-07-22T10:38:25.8863040Z         Start 682: DslKnobAxis.ANonNumericLeafIsRefused
2026-07-22T10:38:25.8899161Z 682/762 Test #682: DslKnobAxis.ANonNumericLeafIsRefused .....................................................   Passed    0.00 sec
2026-07-22T10:38:25.8899623Z         Start 683: DslKnobAxis.ASweepOffTheLeafsDeclaredDomainIsRefused
2026-07-22T10:38:25.8934703Z 683/762 Test #683: DslKnobAxis.ASweepOffTheLeafsDeclaredDomainIsRefused .....................................   Passed    0.00 sec
2026-07-22T10:38:25.8935824Z         Start 684: DslKnobAxis.ASweepThatStaysInsideTheDomainIsAccepted
2026-07-22T10:38:25.8973028Z 684/762 Test #684: DslKnobAxis.ASweepThatStaysInsideTheDomainIsAccepted .....................................   Passed    0.00 sec
2026-07-22T10:38:25.8974005Z         Start 685: DslKnobAxis.ALeafWithNoDeclaredDomainIsRefused
2026-07-22T10:38:25.9010387Z 685/762 Test #685: DslKnobAxis.ALeafWithNoDeclaredDomainIsRefused ...........................................   Passed    0.00 sec
2026-07-22T10:38:25.9011835Z         Start 686: DslKnobAxis.TheUndeclaredLeafRefusalSaysExactlyWhatToAdd
2026-07-22T10:38:25.9045839Z 686/762 Test #686: DslKnobAxis.TheUndeclaredLeafRefusalSaysExactlyWhatToAdd .................................   Passed    0.00 sec
2026-07-22T10:38:25.9046349Z         Start 687: DslKnobAxis.ACompositionBoundaryLeafIsRefusedByName
2026-07-22T10:38:25.9081196Z 687/762 Test #687: DslKnobAxis.ACompositionBoundaryLeafIsRefusedByName ......................................   Passed    0.00 sec
2026-07-22T10:38:25.9082063Z         Start 688: DslKnobAxis.TheCompositionBoundaryRefusalDoesNotConsultTheDomainTable
2026-07-22T10:38:25.9116400Z 688/762 Test #688: DslKnobAxis.TheCompositionBoundaryRefusalDoesNotConsultTheDomainTable ....................   Passed    0.00 sec
2026-07-22T10:38:25.9118105Z         Start 689: DslKnobAxis.TheDeclaredDomainTracksTheEngineBoundSymbol
2026-07-22T10:38:25.9154151Z 689/762 Test #689: DslKnobAxis.TheDeclaredDomainTracksTheEngineBoundSymbol ..................................   Passed    0.00 sec
2026-07-22T10:38:25.9154995Z         Start 690: DslKnobAxis.ACardinalityBelowTwoIsRefused
2026-07-22T10:38:25.9197148Z 690/762 Test #690: DslKnobAxis.ACardinalityBelowTwoIsRefused ................................................   Passed    0.00 sec
2026-07-22T10:38:25.9197587Z         Start 691: DslKnobAxis.AMissingCardinalityIsRefused
2026-07-22T10:38:25.9232522Z 691/762 Test #691: DslKnobAxis.AMissingCardinalityIsRefused .................................................   Passed    0.00 sec
2026-07-22T10:38:25.9233603Z         Start 692: DslKnobAxis.ACardinalityOverTheCapIsRefused
2026-07-22T10:38:25.9268926Z 692/762 Test #692: DslKnobAxis.ACardinalityOverTheCapIsRefused ..............................................   Passed    0.00 sec
2026-07-22T10:38:25.9269744Z         Start 693: DslKnobAxis.AnExponentFormIncrementIsRefused
2026-07-22T10:38:25.9303865Z 693/762 Test #693: DslKnobAxis.AnExponentFormIncrementIsRefused .............................................   Passed    0.00 sec
2026-07-22T10:38:25.9304731Z         Start 694: DslKnobAxis.APathIntoTheTreeIsRefused
2026-07-22T10:38:25.9340780Z 694/762 Test #694: DslKnobAxis.APathIntoTheTreeIsRefused ....................................................   Passed    0.00 sec
2026-07-22T10:38:25.9343259Z         Start 695: DslKnobAxis.HandAuthoredEdgesUnderAKnobAxisAreRefused
2026-07-22T10:38:25.9377109Z 695/762 Test #695: DslKnobAxis.HandAuthoredEdgesUnderAKnobAxisAreRefused ....................................   Passed    0.00 sec
2026-07-22T10:38:25.9378012Z         Start 696: DslKnobAxis.TheUnbuiltSweepKindsAreRecognizedAndRefused
2026-07-22T10:38:25.9414702Z 696/762 Test #696: DslKnobAxis.TheUnbuiltSweepKindsAreRecognizedAndRefused ..................................   Passed    0.00 sec
2026-07-22T10:38:25.9415614Z         Start 697: DslKnobAxis.AnUnknownKnobAxisKeyIsRefused
2026-07-22T10:38:25.9451574Z 697/762 Test #697: DslKnobAxis.AnUnknownKnobAxisKeyIsRefused ................................................   Passed    0.00 sec
2026-07-22T10:38:25.9453287Z         Start 698: DslKnobAxis.TwoInterventionalAxesSideBySideAreRefused
2026-07-22T10:38:25.9486922Z 698/762 Test #698: DslKnobAxis.TwoInterventionalAxesSideBySideAreRefused ....................................   Passed    0.00 sec
2026-07-22T10:38:25.9487864Z         Start 699: DslKnobAxis.AKnobAxisUnderTheRealRootIsRefused
2026-07-22T10:38:25.9529814Z 699/762 Test #699: DslKnobAxis.AKnobAxisUnderTheRealRootIsRefused ...........................................   Passed    0.00 sec
2026-07-22T10:38:25.9530652Z         Start 700: DslKnobAxis.ATimeAxisAtTheRootBesideAKnobAxisIsRefused
2026-07-22T10:38:25.9565384Z 700/762 Test #700: DslKnobAxis.ATimeAxisAtTheRootBesideAKnobAxisIsRefused ...................................   Passed    0.00 sec
2026-07-22T10:38:25.9566240Z         Start 701: DslKnobAxis.AKnobAxisWithNoWorldIsRefused
2026-07-22T10:38:25.9599840Z 701/762 Test #701: DslKnobAxis.AKnobAxisWithNoWorldIsRefused ................................................   Passed    0.00 sec
2026-07-22T10:38:25.9600932Z         Start 702: DslKnobAxis.ACoordinateOffTheAxisIsRefused
2026-07-22T10:38:25.9635870Z 702/762 Test #702: DslKnobAxis.ACoordinateOffTheAxisIsRefused ...............................................   Passed    0.00 sec
2026-07-22T10:38:25.9637255Z         Start 703: DslKnobAxis.ACoordinateAddressingAnotherAxisIsRefused
2026-07-22T10:38:25.9678581Z 703/762 Test #703: DslKnobAxis.ACoordinateAddressingAnotherAxisIsRefused ....................................   Passed    0.00 sec
2026-07-22T10:38:25.9679030Z         Start 704: DslKnobAxis.TheSweptValuesAreStatedBackAsANotice
2026-07-22T10:38:25.9736237Z 704/762 Test #704: DslKnobAxis.TheSweptValuesAreStatedBackAsANotice .........................................   Passed    0.01 sec
2026-07-22T10:38:25.9737043Z         Start 705: DslTower.TheWorldScopeComesFromTheInnermostLevelNotTheOuterAxis
2026-07-22T10:38:25.9787557Z 705/762 Test #705: DslTower.TheWorldScopeComesFromTheInnermostLevelNotTheOuterAxis ..........................   Passed    0.00 sec
2026-07-22T10:38:25.9788306Z         Start 706: DslTower.TheDeclarationIsTwoLevelsInDeclarationOrder
2026-07-22T10:38:25.9835582Z 706/762 Test #706: DslTower.TheDeclarationIsTwoLevelsInDeclarationOrder .....................................   Passed    0.00 sec
2026-07-22T10:38:25.9836336Z         Start 707: DslTower.TheCoordinateSpaceIsTheProductOfTheLevels
2026-07-22T10:38:25.9888667Z 707/762 Test #707: DslTower.TheCoordinateSpaceIsTheProductOfTheLevels .......................................   Passed    0.01 sec
2026-07-22T10:38:25.9889665Z         Start 708: DslTower.EachCoordinateFoldsBothLevelsAndEqualsTheHandAuthoredWorld
2026-07-22T10:38:25.9941028Z 708/762 Test #708: DslTower.EachCoordinateFoldsBothLevelsAndEqualsTheHandAuthoredWorld ......................   Passed    0.01 sec
2026-07-22T10:38:25.9941995Z         Start 709: DslTower.TheTwoLevelsMoveIndependently
2026-07-22T10:38:25.9983160Z 709/762 Test #709: DslTower.TheTwoLevelsMoveIndependently ...................................................   Passed    0.00 sec
2026-07-22T10:38:25.9984252Z         Start 710: DslTower.APartialAddressIsRefusedRatherThanDefaulted
2026-07-22T10:38:26.0018978Z 710/762 Test #710: DslTower.APartialAddressIsRefusedRatherThanDefaulted .....................................   Passed    0.00 sec
2026-07-22T10:38:26.0019680Z         Start 711: DslTower.AnAddressNamingAnUndeclaredLevelIsRefused
2026-07-22T10:38:26.0060035Z 711/762 Test #711: DslTower.AnAddressNamingAnUndeclaredLevelIsRefused .......................................   Passed    0.00 sec
2026-07-22T10:38:26.0061750Z         Start 712: DslTower.AnUnbuiltTowerShapeIsRefusedByNameAsReserved
2026-07-22T10:38:26.0095420Z 712/762 Test #712: DslTower.AnUnbuiltTowerShapeIsRefusedByNameAsReserved ....................................   Passed    0.00 sec
2026-07-22T10:38:26.0096198Z         Start 713: DslTower.ATerminalAxisNestingAnythingIsRefusedAsUpsideDownNotAsReserved
2026-07-22T10:38:26.0133577Z 713/762 Test #713: DslTower.ATerminalAxisNestingAnythingIsRefusedAsUpsideDownNotAsReserved ..................   Passed    0.00 sec
2026-07-22T10:38:26.0134433Z         Start 714: DslTower.TwoLevelsInterveningOnOneLeafAreRefused
2026-07-22T10:38:26.0169309Z 714/762 Test #714: DslTower.TwoLevelsInterveningOnOneLeafAreRefused .........................................   Passed    0.00 sec
2026-07-22T10:38:26.0170015Z         Start 715: DslTower.TheCoordinateProductIsCappedNotThePerLevelCardinality
2026-07-22T10:38:26.0211485Z 715/762 Test #715: DslTower.TheCoordinateProductIsCappedNotThePerLevelCardinality ...........................   Passed    0.00 sec
2026-07-22T10:38:26.0212358Z         Start 716: DslTower.AnAdjacentOrdinalTowerAnnouncesItsUnDenoisedDifferential
2026-07-22T10:38:26.0260461Z 716/762 Test #716: DslTower.AnAdjacentOrdinalTowerAnnouncesItsUnDenoisedDifferential ........................   Passed    0.00 sec
2026-07-22T10:38:26.0261440Z         Start 717: DslTower.ASingleOrdinalLevelMakesNoUnDenoisedClaim
2026-07-22T10:38:26.0302414Z 717/762 Test #717: DslTower.ASingleOrdinalLevelMakesNoUnDenoisedClaim .......................................   Passed    0.00 sec
2026-07-22T10:38:26.0303475Z         Start 718: DslTower.TheUnDenoisedNoticeDescribesTheDeclarationNotEachCoordinate
2026-07-22T10:38:26.0344935Z 718/762 Test #718: DslTower.TheUnDenoisedNoticeDescribesTheDeclarationNotEachCoordinate .....................   Passed    0.00 sec
2026-07-22T10:38:26.0345773Z         Start 719: FieldValueTypeDerivation.EachGeneratorKindDerivesItsDeclaredType
2026-07-22T10:38:26.0376263Z 719/762 Test #719: FieldValueTypeDerivation.EachGeneratorKindDerivesItsDeclaredType .........................   Passed    0.00 sec
2026-07-22T10:38:26.0376957Z         Start 720: FieldValueTypeDerivation.ConditionalJoinsToStringWhenBranchesDisagree
2026-07-22T10:38:26.0412817Z 720/762 Test #720: FieldValueTypeDerivation.ConditionalJoinsToStringWhenBranchesDisagree ....................   Passed    0.00 sec
2026-07-22T10:38:26.0413889Z         Start 721: FieldValueTypeDerivation.GeneratorResolvesItsTypeOnceAndNeverPerDraw
2026-07-22T10:38:26.0445288Z 721/762 Test #721: FieldValueTypeDerivation.GeneratorResolvesItsTypeOnceAndNeverPerDraw .....................   Passed    0.00 sec
2026-07-22T10:38:26.0446346Z         Start 722: FieldValueTypeDerivation.ReservedEnvelopeKeyFailsClosedAtLoad
2026-07-22T10:38:26.0481288Z 722/762 Test #722: FieldValueTypeDerivation.ReservedEnvelopeKeyFailsClosedAtLoad ............................   Passed    0.00 sec
2026-07-22T10:38:26.0482061Z         Start 723: FieldValueTypeDerivation.OrdinaryFieldNamesStillLoad
2026-07-22T10:38:26.0516332Z 723/762 Test #723: FieldValueTypeDerivation.OrdinaryFieldNamesStillLoad .....................................   Passed    0.00 sec
2026-07-22T10:38:26.0517400Z         Start 724: LoaderLimitsTest.RejectsOversizedPayload
2026-07-22T10:38:26.0553209Z 724/762 Test #724: LoaderLimitsTest.RejectsOversizedPayload .................................................   Passed    0.00 sec
2026-07-22T10:38:26.0554050Z         Start 725: LoaderLimitsTest.RejectsExcessiveNesting
2026-07-22T10:38:26.0587531Z 725/762 Test #725: LoaderLimitsTest.RejectsExcessiveNesting .................................................   Passed    0.00 sec
2026-07-22T10:38:26.0589329Z         Start 726: LoaderLimitsTest.AcceptsPayloadInsideLimits
2026-07-22T10:38:26.0622805Z 726/762 Test #726: LoaderLimitsTest.AcceptsPayloadInsideLimits ..............................................   Passed    0.00 sec
2026-07-22T10:38:26.0623865Z         Start 727: SmfRecording.JsonlAndSmfEncodeSameRecordsAndReplayIdentically
2026-07-22T10:38:26.0666562Z 727/762 Test #727: SmfRecording.JsonlAndSmfEncodeSameRecordsAndReplayIdentically ............................   Passed    0.00 sec
2026-07-22T10:38:26.0667401Z         Start 728: SmfRecording.DefaultRecordingFormatIsJsonl
2026-07-22T10:38:26.0698895Z 728/762 Test #728: SmfRecording.DefaultRecordingFormatIsJsonl ...............................................   Passed    0.00 sec
2026-07-22T10:38:26.0699574Z         Start 729: SmfV0.RoundTripsByteIdenticalAndValueEqual
2026-07-22T10:38:26.0738819Z 729/762 Test #729: SmfV0.RoundTripsByteIdenticalAndValueEqual ...............................................   Passed    0.00 sec
2026-07-22T10:38:26.0739899Z         Start 730: SmfV0.ChainDetectsSingleByteCorruptionAtEveryOffset
2026-07-22T10:38:26.0783521Z 730/762 Test #730: SmfV0.ChainDetectsSingleByteCorruptionAtEveryOffset ......................................   Passed    0.00 sec
2026-07-22T10:38:26.0784243Z         Start 731: SmfV0.ManifestCanonicalFormIsStableGolden
2026-07-22T10:38:26.0814619Z 731/762 Test #731: SmfV0.ManifestCanonicalFormIsStableGolden ................................................   Passed    0.00 sec
2026-07-22T10:38:26.0815311Z         Start 732: SmfV0.ManifestJsonRoundTripsIncludingEscapesAndEmptyRoster
2026-07-22T10:38:26.0846947Z 732/762 Test #732: SmfV0.ManifestJsonRoundTripsIncludingEscapesAndEmptyRoster ...............................   Passed    0.00 sec
2026-07-22T10:38:26.0849696Z         Start 733: SmfV0.EmptyEpochDocumentRoundTrips
2026-07-22T10:38:26.0884492Z 733/762 Test #733: SmfV0.EmptyEpochDocumentRoundTrips .......................................................   Passed    0.00 sec
2026-07-22T10:38:26.0885298Z         Start 734: SmfV0.CheckpointIndexHonorsInterval
2026-07-22T10:38:26.0916817Z 734/762 Test #734: SmfV0.CheckpointIndexHonorsInterval ......................................................   Passed    0.00 sec
2026-07-22T10:38:26.0918053Z         Start 735: SmfV0.RejectsStructuralDamageWithSpecificErrors
2026-07-22T10:38:26.0948432Z 735/762 Test #735: SmfV0.RejectsStructuralDamageWithSpecificErrors ..........................................   Passed    0.00 sec
2026-07-22T10:38:26.0949317Z         Start 736: SmfV0.NonCanonicalManifestIsRejected
2026-07-22T10:38:26.0979703Z 736/762 Test #736: SmfV0.NonCanonicalManifestIsRejected .....................................................   Passed    0.00 sec
2026-07-22T10:38:26.0980660Z         Start 737: ShmTimelineView.DataFrameCountStable
2026-07-22T10:38:26.3607138Z 737/762 Test #737: ShmTimelineView.DataFrameCountStable .....................................................   Passed    0.26 sec
2026-07-22T10:38:26.3607614Z         Start 738: ShmTimelineView.PerShardStreamIsBitIdentical
2026-07-22T10:38:26.6258291Z 738/762 Test #738: ShmTimelineView.PerShardStreamIsBitIdentical .............................................   Passed    0.26 sec
2026-07-22T10:38:26.6259296Z         Start 739: ShmTimelineView.WindowSealSetIsDeterministic
2026-07-22T10:38:26.8962187Z 739/762 Test #739: ShmTimelineView.WindowSealSetIsDeterministic .............................................   Passed    0.27 sec
2026-07-22T10:38:26.8963050Z         Start 740: ShmTimelineView.DataPrecedesSealPerShardUnderBackpressure
2026-07-22T10:38:26.9476735Z 740/762 Test #740: ShmTimelineView.DataPrecedesSealPerShardUnderBackpressure ................................   Passed    0.05 sec
2026-07-22T10:38:26.9477946Z         Start 741: EngineShmReplay.MatchesViewBytesAndIsDeterministic
2026-07-22T10:38:27.3257422Z 741/762 Test #741: EngineShmReplay.MatchesViewBytesAndIsDeterministic .......................................   Passed    0.38 sec
2026-07-22T10:38:27.3257930Z         Start 742: V2ParallelUnfold.BitIdenticalAcrossWorkerCounts
2026-07-22T10:38:27.3361146Z 742/762 Test #742: V2ParallelUnfold.BitIdenticalAcrossWorkerCounts ..........................................   Passed    0.01 sec
2026-07-22T10:38:27.3362409Z         Start 743: V2Checkpoint.ResumeFromEveryCheckpointBitIdentical
2026-07-22T10:38:27.3464223Z 743/762 Test #743: V2Checkpoint.ResumeFromEveryCheckpointBitIdentical .......................................   Passed    0.01 sec
2026-07-22T10:38:27.3464683Z         Start 744: V2Checkpoint.EvictionRoundTripReReadsIdentical
2026-07-22T10:38:27.3633761Z 744/762 Test #744: V2Checkpoint.EvictionRoundTripReReadsIdentical ...........................................   Passed    0.02 sec
2026-07-22T10:38:27.3634532Z         Start 745: V2Flow.MaxConcurrentIsDeterministicAndBounded
2026-07-22T10:38:27.3672234Z 745/762 Test #745: V2Flow.MaxConcurrentIsDeterministicAndBounded ............................................   Passed    0.00 sec
2026-07-22T10:38:27.3673328Z         Start 746: V2EpochDuration.EpochGridIsAMaterializationGrainNotEventTime
2026-07-22T10:38:27.3765606Z 746/762 Test #746: V2EpochDuration.EpochGridIsAMaterializationGrainNotEventTime .............................   Passed    0.01 sec
2026-07-22T10:38:27.3766205Z         Start 747: TimelineCursor.ScrubReStreamIsByteIdentical
2026-07-22T10:38:27.3839238Z 747/762 Test #747: TimelineCursor.ScrubReStreamIsByteIdentical ..............................................   Passed    0.01 sec
2026-07-22T10:38:27.3839691Z         Start 748: TimelineCursor.StepBackAcrossEpochsReUnfolds
2026-07-22T10:38:27.3920073Z 748/762 Test #748: TimelineCursor.StepBackAcrossEpochsReUnfolds .............................................   Passed    0.01 sec
2026-07-22T10:38:27.3920820Z         Start 749: TimelineCursor.PlaySpeedAndPauseDoNotAlterContent
2026-07-22T10:38:27.5209905Z 749/762 Test #749: TimelineCursor.PlaySpeedAndPauseDoNotAlterContent ........................................   Passed    0.13 sec
2026-07-22T10:38:27.5210427Z         Start 750: TimelineCursor.FrontierCallbackFiresOncePerEpochBoundary
2026-07-22T10:38:27.5437769Z 750/762 Test #750: TimelineCursor.FrontierCallbackFiresOncePerEpochBoundary .................................   Passed    0.02 sec
2026-07-22T10:38:27.5438626Z         Start 751: TimelineCursor.SubEpochTargetEmitsExactPrefix
2026-07-22T10:38:27.5511582Z 751/762 Test #751: TimelineCursor.SubEpochTargetEmitsExactPrefix ............................................   Passed    0.01 sec
2026-07-22T10:38:27.5512108Z         Start 752: TimelineMetadata.PhaseTimelineIsPureGeometry
2026-07-22T10:38:27.5554748Z 752/762 Test #752: TimelineMetadata.PhaseTimelineIsPureGeometry .............................................   Passed    0.00 sec
2026-07-22T10:38:27.5555453Z         Start 753: TimelineMetadata.OffsetIncidentHistory
2026-07-22T10:38:27.5589630Z 753/762 Test #753: TimelineMetadata.OffsetIncidentHistory ...................................................   Passed    0.00 sec
2026-07-22T10:38:27.5590506Z         Start 754: TimelineMetadata.ProbabilityIncidentIsPositional
2026-07-22T10:38:27.5624473Z 754/762 Test #754: TimelineMetadata.ProbabilityIncidentIsPositional .........................................   Passed    0.00 sec
2026-07-22T10:38:27.5625159Z         Start 755: TimelineMetadata.EpochGranularVisibility
2026-07-22T10:38:27.5661164Z 755/762 Test #755: TimelineMetadata.EpochGranularVisibility .................................................   Passed    0.00 sec
2026-07-22T10:38:27.5661578Z         Start 756: TimelineMetadata.HistoryWindowCap
2026-07-22T10:38:27.5697214Z 756/762 Test #756: TimelineMetadata.HistoryWindowCap ........................................................   Passed    0.00 sec
2026-07-22T10:38:27.5697918Z         Start 757: TimelineMetadata.MetadataIsDeterministic
2026-07-22T10:38:27.5732085Z 757/762 Test #757: TimelineMetadata.MetadataIsDeterministic .................................................   Passed    0.00 sec
2026-07-22T10:38:27.5732877Z         Start 758: TimelineUnfolder.TwoIndependentUnfoldsAreByteIdentical
2026-07-22T10:38:27.5773989Z 758/762 Test #758: TimelineUnfolder.TwoIndependentUnfoldsAreByteIdentical ...................................   Passed    0.00 sec
2026-07-22T10:38:27.5775121Z         Start 759: TimelineUnfolder.BoundaryStateChainIsStableAcrossRuns
2026-07-22T10:38:27.5813414Z 759/762 Test #759: TimelineUnfolder.BoundaryStateChainIsStableAcrossRuns ....................................   Passed    0.00 sec
2026-07-22T10:38:27.5814053Z         Start 760: TimelineUnfolder.ReunfoldOnSameEngineIsByteIdentical
2026-07-22T10:38:27.5852550Z 760/762 Test #760: TimelineUnfolder.ReunfoldOnSameEngineIsByteIdentical .....................................   Passed    0.00 sec
2026-07-22T10:38:27.5853003Z         Start 761: TimelineUnfolder.PhaseRateChangeIsMaterialized
2026-07-22T10:38:27.5890777Z 761/762 Test #761: TimelineUnfolder.PhaseRateChangeIsMaterialized ...........................................   Passed    0.00 sec
2026-07-22T10:38:27.5891502Z         Start 762: LogcraftCoreModuleImport.SurfaceResolvesThroughModule
2026-07-22T10:38:27.5910744Z 762/762 Test #762: LogcraftCoreModuleImport.SurfaceResolvesThroughModule ....................................   Passed    0.00 sec
2026-07-22T10:38:27.5923866Z 
2026-07-22T10:38:27.5924102Z 100% tests passed, 0 tests failed out of 762
2026-07-22T10:38:27.5924262Z 
2026-07-22T10:38:27.5924823Z Total Test time (real) =  35.03 sec
2026-07-22T10:38:27.7616712Z Using lockfile: '/home/runner/work/_actions/CodeRoasted/malf-toolchain/main/.github/actions/coderoast-ci/../../../conan.lock'
2026-07-22T10:38:27.7838521Z 
2026-07-22T10:38:27.7838852Z ======== Exporting recipe to the cache ========
2026-07-22T10:38:27.7865023Z logcraft_core/1.8.3: Exporting package recipe: /home/runner/work/logcraft/logcraft/core/conanfile.py
2026-07-22T10:38:27.8124366Z logcraft_core/1.8.3: Copied 1 '.py' file: conanfile.py
2026-07-22T10:38:27.8124702Z logcraft_core/1.8.3: Copied 1 '.txt' file: CMakeLists.txt
2026-07-22T10:38:27.8124935Z logcraft_core/1.8.3: Copied 24 '.cppm' files
2026-07-22T10:38:27.8125123Z logcraft_core/1.8.3: Copied 56 '.cpp' files
2026-07-22T10:38:27.8125320Z logcraft_core/1.8.3: Copied 5 '.hpp' files
2026-07-22T10:38:27.8125552Z logcraft_core/1.8.3: Copied 1 '.yaml' file: github.step.intent.yaml
2026-07-22T10:38:27.8276580Z logcraft_core/1.8.3: Exported to cache folder: /home/runner/work/logcraft/logcraft/.conan2/p/logcr9f953a657d3c5/e
2026-07-22T10:38:27.8277481Z logcraft_core/1.8.3: Exported: logcraft_core/1.8.3#4190421fe63e2af329122ed009818d93 (2026-07-22 10:38:27 UTC)
2026-07-22T10:38:27.8277900Z 
2026-07-22T10:38:27.8277980Z ======== Input profiles ========
2026-07-22T10:38:27.8278323Z Profile host:
2026-07-22T10:38:27.8278494Z [settings]
2026-07-22T10:38:27.8278617Z arch=x86_64
2026-07-22T10:38:27.8278741Z build_type=Release
2026-07-22T10:38:27.8278898Z compiler=gcc
2026-07-22T10:38:27.8279297Z compiler.cppstd=gnu23
2026-07-22T10:38:27.8279448Z compiler.libcxx=libstdc++11
2026-07-22T10:38:27.8279601Z compiler.version=15
2026-07-22T10:38:27.8279733Z os=Linux
2026-07-22T10:38:27.8280025Z [conf]
2026-07-22T10:38:27.8280216Z tools.build:cflags=['-O3', '-march=x86-64-v2']
2026-07-22T10:38:27.8280429Z tools.build:cxxflags=['-O3', '-march=x86-64-v2']
2026-07-22T10:38:27.8280660Z tools.build:exelinkflags=['-Wl,-rpath,/opt/gcc-15.3/lib64']
2026-07-22T10:38:27.8280910Z tools.build:sharedlinkflags=['-Wl,-rpath,/opt/gcc-15.3/lib64']
2026-07-22T10:38:27.8281128Z tools.cmake.cmakedeps:new=will_break_next
2026-07-22T10:38:27.8281370Z tools.info.package_id:confs=['tools.build:cflags', 'tools.build:cxxflags']
2026-07-22T10:38:27.8281630Z user.malf:editable_build_dir=build-gcc15-release
2026-07-22T10:38:27.8281811Z [buildenv]
2026-07-22T10:38:27.8282122Z CC=/opt/gcc-15.3/bin/gcc
2026-07-22T10:38:27.8282284Z CXX=/opt/gcc-15.3/bin/g++
2026-07-22T10:38:27.8282443Z LD_LIBRARY_PATH=/opt/gcc-15.3/lib64
2026-07-22T10:38:27.8282565Z 
2026-07-22T10:38:27.8282619Z Profile build:
2026-07-22T10:38:27.8282747Z [settings]
2026-07-22T10:38:27.8282902Z arch=x86_64
2026-07-22T10:38:27.8283033Z build_type=Release
2026-07-22T10:38:27.8283391Z compiler=gcc
2026-07-22T10:38:27.8283523Z compiler.cppstd=gnu23
2026-07-22T10:38:27.8283670Z compiler.libcxx=libstdc++11
2026-07-22T10:38:27.8283819Z compiler.version=15
2026-07-22T10:38:27.8283945Z os=Linux
2026-07-22T10:38:27.8284067Z [conf]
2026-07-22T10:38:27.8284211Z tools.build:cflags=['-O3', '-march=x86-64-v2']
2026-07-22T10:38:27.8284416Z tools.build:cxxflags=['-O3', '-march=x86-64-v2']
2026-07-22T10:38:27.8284634Z tools.build:exelinkflags=['-Wl,-rpath,/opt/gcc-15.3/lib64']
2026-07-22T10:38:27.8284873Z tools.build:sharedlinkflags=['-Wl,-rpath,/opt/gcc-15.3/lib64']
2026-07-22T10:38:27.8285106Z tools.cmake.cmakedeps:new=will_break_next
2026-07-22T10:38:27.8285343Z tools.info.package_id:confs=['tools.build:cflags', 'tools.build:cxxflags']
2026-07-22T10:38:27.8285601Z user.malf:editable_build_dir=build-gcc15-release
2026-07-22T10:38:27.8285777Z [buildenv]
2026-07-22T10:38:27.8285901Z CC=/opt/gcc-15.3/bin/gcc
2026-07-22T10:38:27.8286042Z CXX=/opt/gcc-15.3/bin/g++
2026-07-22T10:38:27.8286192Z LD_LIBRARY_PATH=/opt/gcc-15.3/lib64
2026-07-22T10:38:27.8286304Z 
2026-07-22T10:38:27.8286307Z 
2026-07-22T10:38:27.8286375Z ======== Computing dependency graph ========
2026-07-22T10:38:27.8580697Z Graph root
2026-07-22T10:38:27.8581180Z     cli
2026-07-22T10:38:27.8581329Z Requirements
2026-07-22T10:38:27.8581519Z     asio/1.36.0#baa8f04f3c2486ca00851c092ab6afb7 - Cache
2026-07-22T10:38:27.8581788Z     coderoast_ipc_core/1.8.3#0a8aa4068016dac8f416ccb0d97f2258 - Cache
2026-07-22T10:38:27.8582061Z     coderoast_ipc_producer/1.8.3#795464896cc5b903186a28ec3af6e333 - Cache
2026-07-22T10:38:27.8582315Z     fmt/12.1.0#50abab23274d56bb8f42c94b3b9a40c7 - Cache
2026-07-22T10:38:27.8582699Z     insight_canon/1.8.3#160f17296dfdcda0910dd6421c27e5c0 - Cache
2026-07-22T10:38:27.8583044Z     insight_semantic_github/1.8.3#7385ba6f4d9f483ee003ca13cdba1ffa - Cache
2026-07-22T10:38:27.8583323Z     logcraft_core/1.8.3#4190421fe63e2af329122ed009818d93 - Cache
2026-07-22T10:38:27.8583557Z     picosha2/1.0.0#61923b65ad21c4bccdc00d2be5709b58 - Cache
2026-07-22T10:38:27.8583789Z     simdjson/4.6.3#57b63b0965065041e5cd871f7973a026 - Cache
2026-07-22T10:38:27.8584018Z     spdlog/1.17.0#bcbaaf7147bda6ad24ffbd1ac3d7142c - Cache
2026-07-22T10:38:27.8584243Z     yaml-cpp/0.9.0#237a808ce73af0e5f32ba2834ae2baf0 - Cache
2026-07-22T10:38:27.8584441Z Test requirements
2026-07-22T10:38:27.8584618Z     benchmark/1.9.5#b885dc73ad67b40a55d45684d1c88ad1 - Cache
2026-07-22T10:38:27.8584872Z     coderoast_ipc_consumer/1.8.3#12f9d0a52870bf015b7c9a706162601b - Cache
2026-07-22T10:38:27.8585121Z     gtest/1.17.0#5224b3b3ff3b4ce1133cbdd27d53ee7d - Cache
2026-07-22T10:38:27.8585304Z Build requirements
2026-07-22T10:38:27.8585466Z     cmake/4.4.0#a5dd5d73bd9fc56b0fc3163a04573dc8 - Cache
2026-07-22T10:38:27.8585593Z 
2026-07-22T10:38:27.8585903Z ======== Computing necessary packages ========
2026-07-22T10:38:27.8733023Z Connecting to remote 'conancenter' anonymously
2026-07-22T10:38:28.2173098Z logcraft_core/1.8.3: Main binary package 'caf435e6c3c0203c5c43fb11d0adf2e4105e6904' missing
2026-07-22T10:38:28.2173575Z logcraft_core/1.8.3: Checking 13 compatible configurations
2026-07-22T10:38:28.2188743Z logcraft_core/1.8.3: Compatible configurations not found in cache, checking servers
2026-07-22T10:38:28.3342334Z logcraft_core/1.8.3: Found 0 compatible configurations in remotes
2026-07-22T10:38:28.3343133Z logcraft_core/1.8.3: No compatible configuration found
2026-07-22T10:38:28.3351154Z Requirements
2026-07-22T10:38:28.3352583Z     asio/1.36.0#baa8f04f3c2486ca00851c092ab6afb7:da39a3ee5e6b4b0d3255bfef95601890afd80709#c02fdd2b35b8e2b48197b1749056e852 - Cache
2026-07-22T10:38:28.3353311Z     coderoast_ipc_core/1.8.3#0a8aa4068016dac8f416ccb0d97f2258:976572dde09ae4802a96a09ed547708e031572ad#681c17c9fea18b4fa15b8edf03bdf321 - Cache
2026-07-22T10:38:28.3353978Z     coderoast_ipc_producer/1.8.3#795464896cc5b903186a28ec3af6e333:fc80aeffbd4ec8fb019a975dca81d8576c982531#3c95f7da1066d1b18d8be4f7215965b6 - Cache
2026-07-22T10:38:28.3354772Z     fmt/12.1.0#50abab23274d56bb8f42c94b3b9a40c7:ad913eb4f99fc875fffba787e4d80fce29a7f765#39be80cf5ecb8caac2c37f8baa122a79 - Cache
2026-07-22T10:38:28.3355735Z     insight_canon/1.8.3#160f17296dfdcda0910dd6421c27e5c0:b78615a5f087d90c3deb764e78f1e3407b351ad5#1346f8ea699d054e2d6b6af51e13b654 - Cache
2026-07-22T10:38:28.3356364Z     insight_semantic_github/1.8.3#7385ba6f4d9f483ee003ca13cdba1ffa:df942b337ca24eac7d9164e22b217601aa33eb1a#443e707d4a1c54515046f3253f56c990 - Cache
2026-07-22T10:38:28.3356909Z     logcraft_core/1.8.3#4190421fe63e2af329122ed009818d93:caf435e6c3c0203c5c43fb11d0adf2e4105e6904 - Build
2026-07-22T10:38:28.3357539Z     picosha2/1.0.0#61923b65ad21c4bccdc00d2be5709b58:da39a3ee5e6b4b0d3255bfef95601890afd80709#1e86527276bd819290d3531c62615e33 - Cache
2026-07-22T10:38:28.3358105Z     simdjson/4.6.3#57b63b0965065041e5cd871f7973a026:5d1991fbda5f8e42ea0b1fc45dc1f0e08c876862#aaf343449055f180a80e0c56dcf203ea - Cache
2026-07-22T10:38:28.3358867Z     spdlog/1.17.0#bcbaaf7147bda6ad24ffbd1ac3d7142c:dc97e1c73da307d48b15663ff835c7139057ef19#e7174d4ea12a233dcd7fd45c2d9f83d0 - Cache
2026-07-22T10:38:28.3359476Z     yaml-cpp/0.9.0#237a808ce73af0e5f32ba2834ae2baf0:5bcc2325ae24c87a0dbda9fe98b25099fcbadab3#6a44f4e7c342438a031fda01b4b1f46c - Cache
2026-07-22T10:38:28.3360221Z Test requirements
2026-07-22T10:38:28.3360800Z     benchmark/1.9.5#b885dc73ad67b40a55d45684d1c88ad1:450ef64ba4e985ecaa322e7110fecc37f5ba874b#1c54c10c0928d8cc7bd3bdf8b505041a - Cache
2026-07-22T10:38:28.3361437Z     coderoast_ipc_consumer/1.8.3#12f9d0a52870bf015b7c9a706162601b:fc80aeffbd4ec8fb019a975dca81d8576c982531#d3d1175b40a54ceb3a44704d882b2e7f - Cache
2026-07-22T10:38:28.3362033Z     gtest/1.17.0#5224b3b3ff3b4ce1133cbdd27d53ee7d:2408b5402882dc2df22863610623b66506a4870c#e19edae35da6f5681ecfc11e8f6ed87a - Cache
2026-07-22T10:38:28.3362398Z Build requirements
2026-07-22T10:38:28.3362547Z Skipped binaries
2026-07-22T10:38:28.3362680Z     cmake/4.4.0
2026-07-22T10:38:28.3362773Z 
2026-07-22T10:38:28.3362842Z ======== Installing packages ========
2026-07-22T10:38:28.3364578Z asio/1.36.0: Already installed! (1 of 14)
2026-07-22T10:38:28.3368251Z fmt/12.1.0: Already installed! (2 of 14)
2026-07-22T10:38:28.3371810Z picosha2/1.0.0: Already installed! (3 of 14)
2026-07-22T10:38:28.3373864Z simdjson/4.6.3: Already installed! (4 of 14)
2026-07-22T10:38:28.3376473Z yaml-cpp/0.9.0: Already installed! (5 of 14)
2026-07-22T10:38:28.3379784Z benchmark/1.9.5: Already installed! (6 of 14)
2026-07-22T10:38:28.3382461Z gtest/1.17.0: Already installed! (7 of 14)
2026-07-22T10:38:28.3385781Z coderoast_ipc_core/1.8.3: Already installed! (8 of 14)
2026-07-22T10:38:28.3388821Z spdlog/1.17.0: Already installed! (9 of 14)
2026-07-22T10:38:28.3391813Z coderoast_ipc_consumer/1.8.3: Already installed! (10 of 14)
2026-07-22T10:38:28.3394139Z coderoast_ipc_producer/1.8.3: Already installed! (11 of 14)
2026-07-22T10:38:28.3398020Z insight_canon/1.8.3: Already installed! (12 of 14)
2026-07-22T10:38:28.3400233Z insight_semantic_github/1.8.3: Already installed! (13 of 14)
2026-07-22T10:38:28.3580041Z 
2026-07-22T10:38:28.3581220Z -------- Installing package logcraft_core/1.8.3 (14 of 14) --------
2026-07-22T10:38:28.3581492Z logcraft_core/1.8.3: Building from source
2026-07-22T10:38:28.3581785Z logcraft_core/1.8.3: Package logcraft_core/1.8.3:caf435e6c3c0203c5c43fb11d0adf2e4105e6904
2026-07-22T10:38:28.3582453Z logcraft_core/1.8.3: settings: os=Linux arch=x86_64 compiler=gcc compiler.cppstd=gnu23 compiler.libcxx=libstdc++11 compiler.version=15 build_type=Release
2026-07-22T10:38:28.3582925Z logcraft_core/1.8.3: options: fPIC=True shared=False
2026-07-22T10:38:28.3584888Z logcraft_core/1.8.3: requires: coderoast_ipc_producer/1.8.3#795464896cc5b903186a28ec3af6e333:fc80aeffbd4ec8fb019a975dca81d8576c982531 yaml-cpp/0.9.0#237a808ce73af0e5f32ba2834ae2baf0:5bcc2325ae24c87a0dbda9fe98b25099fcbadab3 insight_semantic_github/1.8.3#7385ba6f4d9f483ee003ca13cdba1ffa:df942b337ca24eac7d9164e22b217601aa33eb1a insight_canon/1.8.3#160f17296dfdcda0910dd6421c27e5c0:b78615a5f087d90c3deb764e78f1e3407b351ad5 spdlog/1.17.0#bcbaaf7147bda6ad24ffbd1ac3d7142c:dc97e1c73da307d48b15663ff835c7139057ef19 fmt/12.1.0#50abab23274d56bb8f42c94b3b9a40c7:ad913eb4f99fc875fffba787e4d80fce29a7f765 asio/1.36.0#baa8f04f3c2486ca00851c092ab6afb7:da39a3ee5e6b4b0d3255bfef95601890afd80709
2026-07-22T10:38:28.3587170Z logcraft_core/1.8.3: conf: tools.build:cflags=['-O3', '-march=x86-64-v2'] tools.build:cxxflags=['-O3', '-march=x86-64-v2']
2026-07-22T10:38:28.3587922Z logcraft_core/1.8.3: Copying sources to build folder
2026-07-22T10:38:28.3739295Z logcraft_core/1.8.3: Building your package in /home/runner/work/logcraft/logcraft/.conan2/p/b/logcr7dd653f5a6e02/b
2026-07-22T10:38:28.3739906Z logcraft_core/1.8.3: Calling generate()
2026-07-22T10:38:28.3740513Z logcraft_core/1.8.3: Generators folder: /home/runner/work/logcraft/logcraft/.conan2/p/b/logcr7dd653f5a6e02/b
2026-07-22T10:38:28.3966465Z logcraft_core/1.8.3: CMakeToolchain generated: conan_toolchain.cmake
2026-07-22T10:38:28.3971363Z logcraft_core/1.8.3: CMakeToolchain generated: /home/runner/work/logcraft/logcraft/.conan2/p/b/logcr7dd653f5a6e02/b/CMakePresets.json
2026-07-22T10:38:28.3972516Z logcraft_core/1.8.3: WARN: On the fly replacement of CMakeDeps by CMakeConfigDeps generator, because 'tools.cmake.cmakedeps:new' incubating conf activated. This conf is incubating and will break in next releases. CMakeConfigDeps is now experimental and can be used as such in recipes.
2026-07-22T10:38:28.3973396Z logcraft_core/1.8.3: WARN: experimental: CMakeConfigDeps is experimental, and might get breaking changes in future releases
2026-07-22T10:38:28.4900380Z logcraft_core/1.8.3: WARN: deprecated: CMakeConfigDeps does not support module find mode in gtest/1.17.0.
2026-07-22T10:38:28.4901185Z Config mode will be used regardless.
2026-07-22T10:38:28.5248488Z logcraft_core/1.8.3: CMakeDeps necessary find_package() and targets for your CMakeLists.txt
2026-07-22T10:38:28.5248819Z     find_package(yaml-cpp)
2026-07-22T10:38:28.5249294Z     find_package(spdlog)
2026-07-22T10:38:28.5249481Z     find_package(fmt)
2026-07-22T10:38:28.5249629Z     find_package(asio)
2026-07-22T10:38:28.5249928Z     find_package(GTest)
2026-07-22T10:38:28.5250113Z     find_package(benchmark)
2026-07-22T10:38:28.5250621Z     target_link_libraries(... yaml-cpp::yaml-cpp spdlog::spdlog fmt::fmt asio::asio gtest::gtest benchmark::benchmark_main)
2026-07-22T10:38:28.5315348Z logcraft_core/1.8.3: Generating aggregated env files
2026-07-22T10:38:28.5315705Z logcraft_core/1.8.3: Generated aggregated env files: ['conanbuild.sh', 'conanrun.sh']
2026-07-22T10:38:28.5323106Z logcraft_core/1.8.3: Calling build()
2026-07-22T10:38:28.5323915Z logcraft_core/1.8.3: Running CMake.configure()
2026-07-22T10:38:28.5326584Z logcraft_core/1.8.3: RUN: cmake -G "Ninja" -DCMAKE_TOOLCHAIN_FILE="conan_toolchain.cmake" -DCMAKE_INSTALL_PREFIX="/home/runner/work/logcraft/logcraft/.conan2/p/b/logcr7dd653f5a6e02/p" -DCMAKE_POLICY_DEFAULT_CMP0091="NEW" -DCMAKE_BUILD_TYPE="Release" -DLOGCRAFT_CORE_BUILD_TESTS="OFF" -DLOGCRAFT_CORE_BUILD_BENCHMARKS="OFF" -DLOGCRAFT_CORE_BUILD_CLI="OFF" "/home/runner/work/logcraft/logcraft/.conan2/p/b/logcr7dd653f5a6e02/b"
2026-07-22T10:38:28.6384823Z -- Using Conan toolchain: /home/runner/work/logcraft/logcraft/.conan2/p/b/logcr7dd653f5a6e02/b/conan_toolchain.cmake
2026-07-22T10:38:28.6385596Z -- Conan toolchain: Setting CMAKE_POSITION_INDEPENDENT_CODE=ON (options.fPIC)
2026-07-22T10:38:28.6385944Z -- Conan toolchain: Defining architecture flag: -m64
2026-07-22T10:38:28.6386193Z -- Conan toolchain: C++ Standard 23 with extensions ON
2026-07-22T10:38:28.6386497Z -- Conan toolchain: Including CMakeConfigDeps generated conan_cmakedeps_paths.cmake
2026-07-22T10:38:28.6386811Z -- Conan toolchain: Setting BUILD_SHARED_LIBS = OFF
2026-07-22T10:38:28.7651917Z -- The CXX compiler identification is GNU 15.3.0
2026-07-22T10:38:28.9218366Z -- Detecting CXX compiler ABI info
2026-07-22T10:38:29.0413492Z -- Detecting CXX compiler ABI info - done
2026-07-22T10:38:29.0511986Z -- Check for working CXX compiler: /opt/gcc-15.3/bin/g++ - skipped
2026-07-22T10:38:29.0512402Z -- Detecting CXX compile features
2026-07-22T10:38:29.0516939Z CMake Warning (dev) at /home/runner/venvs/common/lib/python3.12/site-packages/cmake/data/share/cmake-4.3/Modules/Compiler/CMakeCommonCompilerMacros.cmake:226 (cmake_language):
2026-07-22T10:38:29.0517782Z   CMake's support for `import std;` in C++23 and newer is experimental.  It
2026-07-22T10:38:29.0518822Z   is meant only for experimentation and feedback to CMake developers.
2026-07-22T10:38:29.0519081Z Call Stack (most recent call first):
2026-07-22T10:38:29.0519553Z   /home/runner/venvs/common/lib/python3.12/site-packages/cmake/data/share/cmake-4.3/Modules/CMakeDetermineCompilerSupport.cmake:110 (cmake_cxx_find_modules_json)
2026-07-22T10:38:29.0520930Z   /home/runner/venvs/common/lib/python3.12/site-packages/cmake/data/share/cmake-4.3/Modules/CMakeTestCXXCompiler.cmake:83 (CMAKE_DETERMINE_COMPILER_SUPPORT)
2026-07-22T10:38:29.0521421Z   CMakeLists.txt:13 (project)
2026-07-22T10:38:29.0521667Z This warning is for project developers.  Use -Wno-dev to suppress it.
2026-07-22T10:38:29.0521855Z 
2026-07-22T10:38:29.0534979Z -- Detecting CXX compile features - done
2026-07-22T10:38:29.0640359Z -- Conan: Configuring Targets for fmt/12.1.0
2026-07-22T10:38:29.0642982Z -- Conan: Target declared imported STATIC library 'fmt::fmt'
2026-07-22T10:38:29.0646067Z -- Conan: Configuring Targets for spdlog/1.17.0
2026-07-22T10:38:29.0648221Z -- Conan: Target declared imported STATIC library 'spdlog::spdlog'
2026-07-22T10:38:29.0651058Z -- Conan: Configuring Targets for yaml-cpp/0.9.0
2026-07-22T10:38:29.0653496Z -- Conan: Target declared imported STATIC library 'yaml-cpp::yaml-cpp'
2026-07-22T10:38:29.0653855Z -- Conan: Target declared alias 'yaml-cpp' for 'yaml-cpp::yaml-cpp'
2026-07-22T10:38:29.0656516Z -- Conan: Configuring Targets for asio/1.36.0
2026-07-22T10:38:29.0657819Z -- Conan: Target declared imported INTERFACE library 'asio::asio'
2026-07-22T10:38:29.0676412Z -- Conan: Configuring Targets for simdjson/4.6.3
2026-07-22T10:38:29.0679111Z -- Conan: Target declared imported STATIC library 'simdjson::simdjson'
2026-07-22T10:38:29.0682638Z -- Conan: Configuring Targets for picosha2/1.0.0
2026-07-22T10:38:29.0684805Z -- Conan: Target declared imported INTERFACE library 'picosha2::picosha2'
2026-07-22T10:38:30.0724324Z -- Found Python3: /home/runner/venvs/common/bin/python3.12 (found version "3.12.3") found components: Interpreter
2026-07-22T10:38:30.0753188Z -- Configuring done (1.4s)
2026-07-22T10:38:30.0921755Z CMake Warning (dev) in CMakeLists.txt:
2026-07-22T10:38:30.0921976Z   Target "logcraft_core" has source file
2026-07-22T10:38:30.0922110Z 
2026-07-22T10:38:30.0922607Z     /home/runner/work/logcraft/logcraft/.conan2/p/b/logcr7dd653f5a6e02/b/api/core.cppm
2026-07-22T10:38:30.0922892Z 
2026-07-22T10:38:30.0922979Z   in a "FILE_SET TYPE CXX_MODULES" multiple times.
2026-07-22T10:38:30.0923241Z This warning is for project developers.  Use -Wno-dev to suppress it.
2026-07-22T10:38:30.0923427Z 
2026-07-22T10:38:30.1082236Z -- Generating done (0.0s)
2026-07-22T10:38:30.1086121Z -- Build files have been written to: /home/runner/work/logcraft/logcraft/.conan2/p/b/logcr7dd653f5a6e02/b
2026-07-22T10:38:30.1119249Z 
2026-07-22T10:38:30.1119599Z logcraft_core/1.8.3: Running CMake.build()
2026-07-22T10:38:30.1121179Z logcraft_core/1.8.3: RUN: cmake --build "/home/runner/work/logcraft/logcraft/.conan2/p/b/logcr7dd653f5a6e02/b" -- -j8
2026-07-22T10:38:30.2174071Z [0/2] Re-checking globbed directories...
2026-07-22T10:38:30.2339759Z [1/183] Scanning /home/runner/work/logcraft/logcraft/.conan2/p/insig6e3d1225ed231/p/include/insight_canon_modules/canon.internal.cppm for CXX dependencies
2026-07-22T10:38:30.2346449Z [2/183] Scanning /home/runner/work/logcraft/logcraft/.conan2/p/codercb88d1082ab2c/p/include/coderoast_ipc_core_modules/core.cppm for CXX dependencies
2026-07-22T10:38:30.2387035Z [3/183] Scanning /home/runner/work/logcraft/logcraft/.conan2/p/insig6e3d1225ed231/p/include/insight_canon_modules/canon.spi.cppm for CXX dependencies
2026-07-22T10:38:30.2390365Z [4/183] Scanning /home/runner/work/logcraft/logcraft/.conan2/p/insig6e3d1225ed231/p/include/insight_canon_modules/canon.compose.cppm for CXX dependencies
2026-07-22T10:38:30.2403727Z [5/183] Scanning /opt/gcc-15.3/include/c++/15.3.0/bits/std.compat.cc for CXX dependencies
2026-07-22T10:38:30.2431237Z [6/183] Scanning /home/runner/work/logcraft/logcraft/.conan2/p/insig6e3d1225ed231/p/include/insight_canon_modules/conformance/canon.conformance.cppm for CXX dependencies
2026-07-22T10:38:30.2439238Z [7/183] Scanning /home/runner/work/logcraft/logcraft/.conan2/p/insig6e3d1225ed231/p/include/insight_canon_modules/canon.cppm for CXX dependencies
2026-07-22T10:38:30.3185065Z [8/183] intent_library_codegen: --selftest, then generate intent_library.generated.inc
2026-07-22T10:38:30.3186293Z selftest OK — the fence holds: teeth 1-4 rejections fire, the hash is canonical (reformat-stable, edit-sensitive), the manifest partitions edit-vs-stale, emission is byte-deterministic ASCII
2026-07-22T10:38:30.3820702Z [9/183] Scanning /home/runner/work/logcraft/logcraft/.conan2/p/insig6e3d1225ed231/p/include/insight_canon_modules/canon.api.cppm for CXX dependencies
2026-07-22T10:38:30.4240129Z [10/183] Scanning /opt/gcc-15.3/include/c++/15.3.0/bits/std.cc for CXX dependencies
2026-07-22T10:38:30.4287497Z [11/183] Generating CXX dyndep file CMakeFiles/__cmake_cxx_std_23.dir/CXX.dd
2026-07-22T10:38:30.4327955Z [12/183] Generating CXX dyndep file 'CMakeFiles/coderoast__ipc__core@synth_c091cf7340b6.dir/CXX.dd'
2026-07-22T10:38:30.4335386Z [13/183] Generating CXX dyndep file 'CMakeFiles/insight__canon@synth_c091cf7340b6.dir/CXX.dd'
2026-07-22T10:38:30.4417252Z [14/183] Scanning /home/runner/work/logcraft/logcraft/.conan2/p/coder83c8353627e87/p/include/coderoast_ipc_producer_modules/producer.cppm for CXX dependencies
2026-07-22T10:38:30.4438042Z [15/183] Scanning /home/runner/work/logcraft/logcraft/.conan2/p/insigeb616a23e171f/p/include/insight_semantic_github_modules/github.cppm for CXX dependencies
2026-07-22T10:38:30.4458094Z [16/183] Generating CXX dyndep file 'CMakeFiles/coderoast__ipc__producer@synth_c091cf7340b6.dir/CXX.dd'
2026-07-22T10:38:30.4479610Z [17/183] Generating CXX dyndep file 'CMakeFiles/insight__semantic_github@synth_c091cf7340b6.dir/CXX.dd'
2026-07-22T10:38:30.4661213Z [18/183] Scanning /home/runner/work/logcraft/logcraft/.conan2/p/b/logcr7dd653f5a6e02/b/src/agent/field_generator.cpp for CXX dependencies
2026-07-22T10:38:30.6926515Z [19/183] Scanning /home/runner/work/logcraft/logcraft/.conan2/p/b/logcr7dd653f5a6e02/b/src/engine/command_facade.cpp for CXX dependencies
2026-07-22T10:38:30.7002892Z [20/183] Scanning /home/runner/work/logcraft/logcraft/.conan2/p/b/logcr7dd653f5a6e02/b/src/engine/engine_api.cpp for CXX dependencies
2026-07-22T10:38:30.7243493Z [21/183] Scanning /home/runner/work/logcraft/logcraft/.conan2/p/b/logcr7dd653f5a6e02/b/src/agent/agent_registry.cpp for CXX dependencies
2026-07-22T10:38:30.7756654Z [22/183] Scanning /home/runner/work/logcraft/logcraft/.conan2/p/b/logcr7dd653f5a6e02/b/src/engine/engine.cpp for CXX dependencies
2026-07-22T10:38:30.7777928Z [23/183] Scanning /home/runner/work/logcraft/logcraft/.conan2/p/b/logcr7dd653f5a6e02/b/src/agent/agent_generation.cpp for CXX dependencies
2026-07-22T10:38:30.7935448Z [24/183] Scanning /home/runner/work/logcraft/logcraft/.conan2/p/b/logcr7dd653f5a6e02/b/src/agent/agent_scheduling.cpp for CXX dependencies
2026-07-22T10:38:30.8162353Z [25/183] Scanning /home/runner/work/logcraft/logcraft/.conan2/p/b/logcr7dd653f5a6e02/b/src/agent/agent.cpp for CXX dependencies
2026-07-22T10:38:30.8286801Z [26/183] Scanning /home/runner/work/logcraft/logcraft/.conan2/p/b/logcr7dd653f5a6e02/b/src/agent/agent_enrichment.cpp for CXX dependencies
2026-07-22T10:38:30.8407234Z [27/183] Scanning /home/runner/work/logcraft/logcraft/.conan2/p/b/logcr7dd653f5a6e02/b/src/engine/runtime_monitor.cpp for CXX dependencies
2026-07-22T10:38:30.8587651Z [28/183] Scanning /home/runner/work/logcraft/logcraft/.conan2/p/b/logcr7dd653f5a6e02/b/src/foundation/sha256.cpp for CXX dependencies
2026-07-22T10:38:30.8746430Z [29/183] Scanning /home/runner/work/logcraft/logcraft/.conan2/p/b/logcr7dd653f5a6e02/b/src/foundation/simulation_clock.cpp for CXX dependencies
2026-07-22T10:38:30.9017361Z [30/183] Scanning /home/runner/work/logcraft/logcraft/.conan2/p/b/logcr7dd653f5a6e02/b/src/foundation/time_context.cpp for CXX dependencies
2026-07-22T10:38:31.0023973Z [31/183] Scanning /home/runner/work/logcraft/logcraft/.conan2/p/b/logcr7dd653f5a6e02/b/src/engine/engine_manager.cpp for CXX dependencies
2026-07-22T10:38:31.0053564Z [32/183] Scanning /home/runner/work/logcraft/logcraft/.conan2/p/b/logcr7dd653f5a6e02/b/src/engine/engine_command_surface.cpp for CXX dependencies
2026-07-22T10:38:31.0140369Z [33/183] Scanning /home/runner/work/logcraft/logcraft/.conan2/p/b/logcr7dd653f5a6e02/b/src/engine/engine_replay.cpp for CXX dependencies
2026-07-22T10:38:31.0839414Z [34/183] Scanning /home/runner/work/logcraft/logcraft/.conan2/p/b/logcr7dd653f5a6e02/b/src/engine/replay_source.cpp for CXX dependencies
2026-07-22T10:38:31.0986135Z [35/183] Scanning /home/runner/work/logcraft/logcraft/.conan2/p/b/logcr7dd653f5a6e02/b/src/output/gha_intent_medium.cpp for CXX dependencies
2026-07-22T10:38:31.1598190Z [36/183] Scanning /home/runner/work/logcraft/logcraft/.conan2/p/b/logcr7dd653f5a6e02/b/src/logging/logger.cpp for CXX dependencies
2026-07-22T10:38:31.1599248Z [37/183] Scanning /home/runner/work/logcraft/logcraft/.conan2/p/b/logcr7dd653f5a6e02/b/src/flow/flow_engine.cpp for CXX dependencies
2026-07-22T10:38:31.1674094Z [38/183] Scanning /home/runner/work/logcraft/logcraft/.conan2/p/b/logcr7dd653f5a6e02/b/src/output/log_formatter_cloud.cpp for CXX dependencies
2026-07-22T10:38:31.1685034Z [39/183] Scanning /home/runner/work/logcraft/logcraft/.conan2/p/b/logcr7dd653f5a6e02/b/src/output/log_formatter.cpp for CXX dependencies
2026-07-22T10:38:31.1734033Z [40/183] Scanning /home/runner/work/logcraft/logcraft/.conan2/p/b/logcr7dd653f5a6e02/b/src/engine/engine_lifecycle.cpp for CXX dependencies
2026-07-22T10:38:31.1807238Z [41/183] Scanning /home/runner/work/logcraft/logcraft/.conan2/p/b/logcr7dd653f5a6e02/b/src/output/log_formatter_github_actions.cpp for CXX dependencies
2026-07-22T10:38:31.1816813Z [42/183] Scanning /home/runner/work/logcraft/logcraft/.conan2/p/b/logcr7dd653f5a6e02/b/src/output/log_formatter_syslog.cpp for CXX dependencies
2026-07-22T10:38:31.1827591Z [43/183] Scanning /home/runner/work/logcraft/logcraft/.conan2/p/b/logcr7dd653f5a6e02/b/src/output/log_formatter_mobile.cpp for CXX dependencies
2026-07-22T10:38:31.1976292Z [44/183] Scanning /home/runner/work/logcraft/logcraft/.conan2/p/b/logcr7dd653f5a6e02/b/src/output/log_formatter_text.cpp for CXX dependencies
2026-07-22T10:38:31.2267776Z [45/183] Scanning /home/runner/work/logcraft/logcraft/.conan2/p/b/logcr7dd653f5a6e02/b/src/logging/logging_config.cpp for CXX dependencies
2026-07-22T10:38:31.2411532Z [46/183] Scanning /home/runner/work/logcraft/logcraft/.conan2/p/b/logcr7dd653f5a6e02/b/src/output/console_sink.cpp for CXX dependencies
2026-07-22T10:38:31.2424046Z [47/183] Scanning /home/runner/work/logcraft/logcraft/.conan2/p/b/logcr7dd653f5a6e02/b/src/output/file_sink.cpp for CXX dependencies
2026-07-22T10:38:31.2908170Z [48/183] Scanning /home/runner/work/logcraft/logcraft/.conan2/p/b/logcr7dd653f5a6e02/b/src/output/shared_memory_sink.cpp for CXX dependencies
2026-07-22T10:38:31.3069583Z [49/183] Scanning /home/runner/work/logcraft/logcraft/.conan2/p/b/logcr7dd653f5a6e02/b/src/scenario/intent_library.cpp for CXX dependencies
2026-07-22T10:38:31.4838336Z [50/183] Scanning /home/runner/work/logcraft/logcraft/.conan2/p/b/logcr7dd653f5a6e02/b/src/output/sharded_pipeline.cpp for CXX dependencies
2026-07-22T10:38:31.4844332Z [51/183] Scanning /home/runner/work/logcraft/logcraft/.conan2/p/b/logcr7dd653f5a6e02/b/src/output/output_manager.cpp for CXX dependencies
2026-07-22T10:38:31.4895429Z [52/183] Scanning /home/runner/work/logcraft/logcraft/.conan2/p/b/logcr7dd653f5a6e02/b/src/output/recording_sink.cpp for CXX dependencies
2026-07-22T10:38:31.4956812Z [53/183] Scanning /home/runner/work/logcraft/logcraft/.conan2/p/b/logcr7dd653f5a6e02/b/src/scenario/scenario_axis.cpp for CXX dependencies
2026-07-22T10:38:31.4987884Z [54/183] Scanning /home/runner/work/logcraft/logcraft/.conan2/p/b/logcr7dd653f5a6e02/b/src/scenario/scenario_capabilities.cpp for CXX dependencies
2026-07-22T10:38:31.5146798Z [55/183] Scanning /home/runner/work/logcraft/logcraft/.conan2/p/b/logcr7dd653f5a6e02/b/src/output/smf_recording_sink.cpp for CXX dependencies
2026-07-22T10:38:31.5229021Z [56/183] Scanning /home/runner/work/logcraft/logcraft/.conan2/p/b/logcr7dd653f5a6e02/b/src/output/metrics_sink.cpp for CXX dependencies
2026-07-22T10:38:31.5362459Z [57/183] Scanning /home/runner/work/logcraft/logcraft/.conan2/p/b/logcr7dd653f5a6e02/b/src/output/http_sink.cpp for CXX dependencies
2026-07-22T10:38:31.5482251Z [58/183] Scanning /home/runner/work/logcraft/logcraft/.conan2/p/b/logcr7dd653f5a6e02/b/src/scenario/scenario_agent_parsing.cpp for CXX dependencies
2026-07-22T10:38:31.6563332Z [59/183] Scanning /home/runner/work/logcraft/logcraft/.conan2/p/b/logcr7dd653f5a6e02/b/src/scenario/scenario_flow_parsing.cpp for CXX dependencies
2026-07-22T10:38:31.6672027Z [60/183] Scanning /home/runner/work/logcraft/logcraft/.conan2/p/b/logcr7dd653f5a6e02/b/src/smf/smf_manifest.cpp for CXX dependencies
2026-07-22T10:38:31.6780507Z [61/183] Scanning /home/runner/work/logcraft/logcraft/.conan2/p/b/logcr7dd653f5a6e02/b/src/scenario/scenario_component_parsing.cpp for CXX dependencies
2026-07-22T10:38:31.6866109Z [62/183] Scanning /home/runner/work/logcraft/logcraft/.conan2/p/b/logcr7dd653f5a6e02/b/src/smf/smf_writer.cpp for CXX dependencies
2026-07-22T10:38:31.6930390Z [63/183] Scanning /home/runner/work/logcraft/logcraft/.conan2/p/b/logcr7dd653f5a6e02/b/src/smf/smf_reader.cpp for CXX dependencies
2026-07-22T10:38:31.6961584Z [64/183] Scanning /home/runner/work/logcraft/logcraft/.conan2/p/b/logcr7dd653f5a6e02/b/src/scenario/scenario_section_dispatch.cpp for CXX dependencies
2026-07-22T10:38:31.7089062Z [65/183] Scanning /home/runner/work/logcraft/logcraft/.conan2/p/b/logcr7dd653f5a6e02/b/src/scenario/scenario_registry_resolution.cpp for CXX dependencies
2026-07-22T10:38:31.7120127Z [66/183] Scanning /home/runner/work/logcraft/logcraft/.conan2/p/b/logcr7dd653f5a6e02/b/src/timeline/timeline_cursor.cpp for CXX dependencies
2026-07-22T10:38:31.7309843Z [67/183] Scanning /home/runner/work/logcraft/logcraft/.conan2/p/b/logcr7dd653f5a6e02/b/src/timeline/timeline_engine.cpp for CXX dependencies
2026-07-22T10:38:31.7471414Z [68/183] Scanning /home/runner/work/logcraft/logcraft/.conan2/p/b/logcr7dd653f5a6e02/b/src/core.internal.cppm for CXX dependencies
2026-07-22T10:38:31.7502779Z [69/183] Scanning /home/runner/work/logcraft/logcraft/.conan2/p/b/logcr7dd653f5a6e02/b/src/scenario/scenario_loader.cpp for CXX dependencies
2026-07-22T10:38:31.7553751Z [70/183] Scanning /home/runner/work/logcraft/logcraft/.conan2/p/b/logcr7dd653f5a6e02/b/api/core.api-agent.cppm for CXX dependencies
2026-07-22T10:38:31.7609960Z [71/183] Scanning /home/runner/work/logcraft/logcraft/.conan2/p/b/logcr7dd653f5a6e02/b/api/core.api-engine.cppm for CXX dependencies
2026-07-22T10:38:31.7686508Z [72/183] Scanning /home/runner/work/logcraft/logcraft/.conan2/p/b/logcr7dd653f5a6e02/b/src/scenario/scenario_loader_detail.cpp for CXX dependencies
2026-07-22T10:38:31.7700284Z [73/183] Scanning /home/runner/work/logcraft/logcraft/.conan2/p/b/logcr7dd653f5a6e02/b/api/core.api-output.cppm for CXX dependencies
2026-07-22T10:38:31.7797866Z [74/183] Scanning /home/runner/work/logcraft/logcraft/.conan2/p/b/logcr7dd653f5a6e02/b/api/core.api-intent_library.cppm for CXX dependencies
2026-07-22T10:38:31.7805876Z [75/183] Scanning /home/runner/work/logcraft/logcraft/.conan2/p/b/logcr7dd653f5a6e02/b/api/core.api-scenario.cppm for CXX dependencies
2026-07-22T10:38:31.7811124Z [76/183] Scanning /home/runner/work/logcraft/logcraft/.conan2/p/b/logcr7dd653f5a6e02/b/api/core.api-timeline.cppm for CXX dependencies
2026-07-22T10:38:31.7970301Z [77/183] Scanning /home/runner/work/logcraft/logcraft/.conan2/p/b/logcr7dd653f5a6e02/b/api/core.api-value.cppm for CXX dependencies
2026-07-22T10:38:31.7971031Z [78/183] Scanning /home/runner/work/logcraft/logcraft/.conan2/p/b/logcr7dd653f5a6e02/b/api/core.cppm for CXX dependencies
2026-07-22T10:38:31.7993331Z [79/183] Scanning /home/runner/work/logcraft/logcraft/.conan2/p/b/logcr7dd653f5a6e02/b/api/core.api.cppm for CXX dependencies
2026-07-22T10:38:31.8078121Z [80/183] Scanning /home/runner/work/logcraft/logcraft/.conan2/p/b/logcr7dd653f5a6e02/b/src/flow/core.detail.flow.cppm for CXX dependencies
2026-07-22T10:38:31.8147962Z [81/183] Scanning /home/runner/work/logcraft/logcraft/.conan2/p/b/logcr7dd653f5a6e02/b/src/agent/core.detail.agent.cppm for CXX dependencies
2026-07-22T10:38:31.8210690Z [82/183] Scanning /home/runner/work/logcraft/logcraft/.conan2/p/b/logcr7dd653f5a6e02/b/src/scenario/scenario_validation.cpp for CXX dependencies
2026-07-22T10:38:31.8213584Z [83/183] Scanning /home/runner/work/logcraft/logcraft/.conan2/p/b/logcr7dd653f5a6e02/b/src/foundation/core.detail.foundation-hash.cppm for CXX dependencies
2026-07-22T10:38:31.8313510Z [84/183] Scanning /home/runner/work/logcraft/logcraft/.conan2/p/b/logcr7dd653f5a6e02/b/src/foundation/core.detail.foundation-pipeline.cppm for CXX dependencies
2026-07-22T10:38:31.8337309Z [85/183] Scanning /home/runner/work/logcraft/logcraft/.conan2/p/b/logcr7dd653f5a6e02/b/src/foundation/core.detail.foundation-random.cppm for CXX dependencies
2026-07-22T10:38:31.8395013Z [86/183] Scanning /home/runner/work/logcraft/logcraft/.conan2/p/b/logcr7dd653f5a6e02/b/src/foundation/core.detail.foundation.cppm for CXX dependencies
2026-07-22T10:38:31.8594266Z [87/183] Scanning /home/runner/work/logcraft/logcraft/.conan2/p/b/logcr7dd653f5a6e02/b/src/output/core.detail.output-sink.cppm for CXX dependencies
2026-07-22T10:38:31.8723941Z [88/183] Scanning /home/runner/work/logcraft/logcraft/.conan2/p/b/logcr7dd653f5a6e02/b/src/output/core.detail.output.cppm for CXX dependencies
2026-07-22T10:38:31.8790513Z [89/183] Scanning /home/runner/work/logcraft/logcraft/.conan2/p/b/logcr7dd653f5a6e02/b/src/output/core.detail.output-formatter.cppm for CXX dependencies
2026-07-22T10:38:31.8898200Z [90/183] Scanning /home/runner/work/logcraft/logcraft/.conan2/p/b/logcr7dd653f5a6e02/b/src/smf/core.detail.smf.cppm for CXX dependencies
2026-07-22T10:38:31.9048380Z [91/183] Scanning /home/runner/work/logcraft/logcraft/.conan2/p/b/logcr7dd653f5a6e02/b/src/timeline/core.detail.timeline.cppm for CXX dependencies
2026-07-22T10:38:31.9578576Z [92/183] Scanning /home/runner/work/logcraft/logcraft/.conan2/p/b/logcr7dd653f5a6e02/b/src/timeline/shm_timeline_view.cpp for CXX dependencies
2026-07-22T10:38:31.9593366Z [93/183] Scanning /home/runner/work/logcraft/logcraft/.conan2/p/b/logcr7dd653f5a6e02/b/src/timeline/flow_unfolder.cpp for CXX dependencies
2026-07-22T10:38:31.9784024Z [94/183] Scanning /home/runner/work/logcraft/logcraft/.conan2/p/b/logcr7dd653f5a6e02/b/src/timeline/timeline_unfolder.cpp for CXX dependencies
2026-07-22T10:38:32.0434773Z [95/183] Scanning /home/runner/work/logcraft/logcraft/.conan2/p/b/logcr7dd653f5a6e02/b/src/engine/core.detail.engine.cppm for CXX dependencies
2026-07-22T10:38:32.0606738Z [96/183] Scanning /home/runner/work/logcraft/logcraft/.conan2/p/b/logcr7dd653f5a6e02/b/src/logging/core.detail.logging.cppm for CXX dependencies
2026-07-22T10:38:32.0952868Z [97/183] Scanning /home/runner/work/logcraft/logcraft/.conan2/p/b/logcr7dd653f5a6e02/b/src/scenario/core.detail.scenario.cppm for CXX dependencies
2026-07-22T10:38:32.1094986Z [98/183] Generating CXX dyndep file CMakeFiles/logcraft_core.dir/CXX.dd
2026-07-22T10:38:33.9001360Z [99/189] Building CXX object CMakeFiles/__cmake_cxx_std_23.dir/opt/gcc-15.3/include/c++/15.3.0/bits/std.cc.o
2026-07-22T10:38:33.9244550Z [100/189] Building CXX object 'CMakeFiles/insight__canon@synth_c091cf7340b6.dir/bc66bc3e4db1.bmi'
2026-07-22T10:38:33.9282540Z [101/189] Building CXX object CMakeFiles/logcraft_core.dir/src/core.internal.cppm.o
2026-07-22T10:38:33.9651714Z [102/189] Building CXX object CMakeFiles/logcraft_core.dir/api/core.api-timeline.cppm.o
2026-07-22T10:38:34.2284358Z [103/189] Building CXX object CMakeFiles/__cmake_cxx_std_23.dir/opt/gcc-15.3/include/c++/15.3.0/bits/std.compat.cc.o
2026-07-22T10:38:34.3209869Z [104/189] Building CXX object CMakeFiles/logcraft_core.dir/src/foundation/core.detail.foundation-hash.cppm.o
2026-07-22T10:38:34.3285600Z [105/189] Linking CXX static library lib__cmake_cxx_std_23.a
2026-07-22T10:38:34.3295433Z [106/189] Building CXX object CMakeFiles/logcraft_core.dir/src/foundation/core.detail.foundation-random.cppm.o
2026-07-22T10:38:34.3706742Z [107/189] Building CXX object CMakeFiles/logcraft_core.dir/api/core.api-value.cppm.o
2026-07-22T10:38:34.4278766Z [108/189] Building CXX object 'CMakeFiles/coderoast__ipc__core@synth_c091cf7340b6.dir/4e83dd84ca21.bmi'
2026-07-22T10:38:34.5429790Z [109/189] Building CXX object CMakeFiles/logcraft_core.dir/api/core.api-output.cppm.o
2026-07-22T10:38:34.6730289Z [110/189] Building CXX object 'CMakeFiles/coderoast__ipc__producer@synth_c091cf7340b6.dir/8e8253e3b257.bmi'
2026-07-22T10:38:34.7901869Z [111/189] Building CXX object CMakeFiles/logcraft_core.dir/api/core.api-intent_library.cppm.o
2026-07-22T10:38:35.1144670Z [112/189] Building CXX object CMakeFiles/logcraft_core.dir/api/core.api-agent.cppm.o
2026-07-22T10:38:35.7162653Z [113/189] Building CXX object CMakeFiles/logcraft_core.dir/api/core.api-scenario.cppm.o
2026-07-22T10:38:35.7631689Z [114/189] Building CXX object 'CMakeFiles/insight__canon@synth_c091cf7340b6.dir/f32b0af99b03.bmi'
2026-07-22T10:38:35.8459730Z [115/189] Building CXX object CMakeFiles/logcraft_core.dir/src/logging/core.detail.logging.cppm.o
2026-07-22T10:38:36.1014577Z [116/189] Building CXX object CMakeFiles/logcraft_core.dir/api/core.api-engine.cppm.o
2026-07-22T10:38:36.3087061Z [117/189] Building CXX object 'CMakeFiles/insight__canon@synth_c091cf7340b6.dir/6368edd6cd7b.bmi'
2026-07-22T10:38:36.7405390Z [118/189] Building CXX object CMakeFiles/logcraft_core.dir/api/core.api.cppm.o
2026-07-22T10:38:36.7689892Z [119/189] Building CXX object 'CMakeFiles/insight__semantic_github@synth_c091cf7340b6.dir/8940ba46be57.bmi'
2026-07-22T10:38:37.3298202Z [120/189] Building CXX object CMakeFiles/logcraft_core.dir/api/core.cppm.o
2026-07-22T10:38:37.3381341Z [121/189] Building CXX object CMakeFiles/logcraft_core.dir/src/foundation/time_context.cpp.o
2026-07-22T10:38:37.5918446Z [122/189] Building CXX object CMakeFiles/logcraft_core.dir/src/scenario/scenario_axis.cpp.o
2026-07-22T10:38:37.6237349Z [123/189] Building CXX object CMakeFiles/logcraft_core.dir/src/scenario/scenario_capabilities.cpp.o
2026-07-22T10:38:37.6332883Z [124/189] Building CXX object CMakeFiles/logcraft_core.dir/src/foundation/core.detail.foundation-pipeline.cppm.o
2026-07-22T10:38:38.1114858Z [125/189] Building CXX object CMakeFiles/logcraft_core.dir/src/foundation/core.detail.foundation.cppm.o
2026-07-22T10:38:38.1319897Z [126/189] Building CXX object CMakeFiles/logcraft_core.dir/src/logging/logger.cpp.o
2026-07-22T10:38:38.5692586Z [127/189] Building CXX object CMakeFiles/logcraft_core.dir/src/foundation/simulation_clock.cpp.o
2026-07-22T10:38:38.6138563Z [128/189] Building CXX object CMakeFiles/logcraft_core.dir/src/smf/core.detail.smf.cppm.o
2026-07-22T10:38:38.7798737Z [129/189] Building CXX object CMakeFiles/logcraft_core.dir/src/foundation/sha256.cpp.o
2026-07-22T10:38:38.7944044Z [130/189] Building CXX object CMakeFiles/logcraft_core.dir/src/output/core.detail.output-formatter.cppm.o
2026-07-22T10:38:38.9337191Z [131/189] Building CXX object CMakeFiles/logcraft_core.dir/src/agent/core.detail.agent.cppm.o
2026-07-22T10:38:39.3045457Z [132/189] Building CXX object CMakeFiles/logcraft_core.dir/src/scenario/core.detail.scenario.cppm.o
2026-07-22T10:38:39.3410043Z [133/189] Building CXX object CMakeFiles/logcraft_core.dir/src/logging/logging_config.cpp.o
2026-07-22T10:38:39.5945530Z [134/189] Building CXX object CMakeFiles/logcraft_core.dir/src/smf/smf_reader.cpp.o
2026-07-22T10:38:39.7994386Z [135/189] Building CXX object CMakeFiles/logcraft_core.dir/src/smf/smf_writer.cpp.o
2026-07-22T10:38:40.0250752Z [136/189] Building CXX object CMakeFiles/logcraft_core.dir/src/smf/smf_manifest.cpp.o
2026-07-22T10:38:40.5260151Z [137/189] Building CXX object CMakeFiles/logcraft_core.dir/src/output/core.detail.output-sink.cppm.o
2026-07-22T10:38:41.2178831Z [138/189] Building CXX object CMakeFiles/logcraft_core.dir/src/scenario/intent_library.cpp.o
2026-07-22T10:38:42.4625904Z [139/189] Building CXX object CMakeFiles/logcraft_core.dir/src/agent/agent_generation.cpp.o
2026-07-22T10:38:42.5278325Z [140/189] Building CXX object CMakeFiles/logcraft_core.dir/src/agent/field_generator.cpp.o
2026-07-22T10:38:42.5421907Z [141/189] Building CXX object CMakeFiles/logcraft_core.dir/src/agent/agent_registry.cpp.o
2026-07-22T10:38:42.9998983Z [142/189] Building CXX object CMakeFiles/logcraft_core.dir/src/agent/agent_enrichment.cpp.o
2026-07-22T10:38:43.9459306Z [143/189] Building CXX object CMakeFiles/logcraft_core.dir/src/scenario/scenario_component_parsing.cpp.o
2026-07-22T10:38:44.5642941Z [144/189] Building CXX object CMakeFiles/logcraft_core.dir/src/agent/agent_scheduling.cpp.o
2026-07-22T10:38:45.2245605Z [145/189] Building CXX object CMakeFiles/logcraft_core.dir/src/flow/core.detail.flow.cppm.o
2026-07-22T10:38:45.3314945Z [146/189] Building CXX object CMakeFiles/logcraft_core.dir/src/agent/agent.cpp.o
2026-07-22T10:38:45.4241420Z [147/189] Building CXX object CMakeFiles/logcraft_core.dir/src/scenario/scenario_loader.cpp.o
2026-07-22T10:38:46.2878097Z [148/189] Building CXX object CMakeFiles/logcraft_core.dir/src/timeline/core.detail.timeline.cppm.o
2026-07-22T10:38:46.3141708Z [149/189] Building CXX object CMakeFiles/logcraft_core.dir/src/output/core.detail.output.cppm.o
2026-07-22T10:38:46.3959576Z [150/189] Building CXX object CMakeFiles/logcraft_core.dir/src/scenario/scenario_flow_parsing.cpp.o
2026-07-22T10:38:47.0109609Z [151/189] Building CXX object CMakeFiles/logcraft_core.dir/src/scenario/scenario_section_dispatch.cpp.o
2026-07-22T10:38:48.1523488Z [152/189] Building CXX object CMakeFiles/logcraft_core.dir/src/output/gha_intent_medium.cpp.o
2026-07-22T10:38:48.4041659Z [153/189] Building CXX object CMakeFiles/logcraft_core.dir/src/scenario/scenario_registry_resolution.cpp.o
2026-07-22T10:38:49.0803352Z [154/189] Building CXX object CMakeFiles/logcraft_core.dir/src/output/console_sink.cpp.o
2026-07-22T10:38:49.0857348Z [155/189] Building CXX object CMakeFiles/logcraft_core.dir/src/output/log_formatter.cpp.o
2026-07-22T10:38:49.1928540Z [156/189] Building CXX object CMakeFiles/logcraft_core.dir/src/timeline/flow_unfolder.cpp.o
2026-07-22T10:38:49.6708151Z [157/189] Building CXX object CMakeFiles/logcraft_core.dir/src/output/file_sink.cpp.o
2026-07-22T10:38:49.8557074Z [158/189] Building CXX object CMakeFiles/logcraft_core.dir/src/flow/flow_engine.cpp.o
2026-07-22T10:38:50.0661789Z [159/189] Building CXX object CMakeFiles/logcraft_core.dir/src/output/log_formatter_github_actions.cpp.o
2026-07-22T10:38:51.2624111Z [160/189] Building CXX object CMakeFiles/logcraft_core.dir/src/output/log_formatter_mobile.cpp.o
2026-07-22T10:38:51.2702297Z [161/189] Building CXX object CMakeFiles/logcraft_core.dir/src/scenario/scenario_validation.cpp.o
2026-07-22T10:38:51.7363747Z [162/189] Building CXX object CMakeFiles/logcraft_core.dir/src/output/log_formatter_text.cpp.o
2026-07-22T10:38:52.1950922Z [163/189] Building CXX object CMakeFiles/logcraft_core.dir/src/output/log_formatter_cloud.cpp.o
2026-07-22T10:38:52.4066538Z [164/189] Building CXX object CMakeFiles/logcraft_core.dir/src/output/log_formatter_syslog.cpp.o
2026-07-22T10:38:53.2866188Z [165/189] Building CXX object CMakeFiles/logcraft_core.dir/src/scenario/scenario_loader_detail.cpp.o
2026-07-22T10:38:53.3752521Z [166/189] Building CXX object CMakeFiles/logcraft_core.dir/src/output/http_sink.cpp.o
2026-07-22T10:38:53.7798171Z [167/189] Building CXX object CMakeFiles/logcraft_core.dir/src/output/output_manager.cpp.o
2026-07-22T10:38:54.1137015Z [168/189] Building CXX object CMakeFiles/logcraft_core.dir/src/output/sharded_pipeline.cpp.o
2026-07-22T10:38:54.2569667Z [169/189] Building CXX object CMakeFiles/logcraft_core.dir/src/output/shared_memory_sink.cpp.o
2026-07-22T10:38:54.5016687Z [170/189] Building CXX object CMakeFiles/logcraft_core.dir/src/output/recording_sink.cpp.o
2026-07-22T10:38:55.2422736Z [171/189] Building CXX object CMakeFiles/logcraft_core.dir/src/output/metrics_sink.cpp.o
2026-07-22T10:38:55.7177729Z [172/189] Building CXX object CMakeFiles/logcraft_core.dir/src/timeline/timeline_cursor.cpp.o
2026-07-22T10:38:55.9467526Z [173/189] Building CXX object CMakeFiles/logcraft_core.dir/src/output/smf_recording_sink.cpp.o
2026-07-22T10:38:58.1064018Z [174/189] Building CXX object CMakeFiles/logcraft_core.dir/src/timeline/timeline_engine.cpp.o
2026-07-22T10:38:58.1405008Z [175/189] Building CXX object CMakeFiles/logcraft_core.dir/src/timeline/shm_timeline_view.cpp.o
2026-07-22T10:38:58.6365448Z [176/189] Building CXX object CMakeFiles/logcraft_core.dir/src/engine/core.detail.engine.cppm.o
2026-07-22T10:38:59.6652163Z [177/189] Building CXX object CMakeFiles/logcraft_core.dir/src/timeline/timeline_unfolder.cpp.o
2026-07-22T10:38:59.8308393Z [178/189] Building CXX object CMakeFiles/logcraft_core.dir/src/engine/engine_api.cpp.o
2026-07-22T10:39:01.5311928Z [179/189] Building CXX object CMakeFiles/logcraft_core.dir/src/engine/command_facade.cpp.o
2026-07-22T10:39:01.8566799Z [180/189] Building CXX object CMakeFiles/logcraft_core.dir/src/scenario/scenario_agent_parsing.cpp.o
2026-07-22T10:39:02.1211330Z [181/189] Building CXX object CMakeFiles/logcraft_core.dir/src/engine/engine_command_surface.cpp.o
2026-07-22T10:39:02.7810826Z [182/189] Building CXX object CMakeFiles/logcraft_core.dir/src/engine/engine_replay.cpp.o
2026-07-22T10:39:03.1342393Z [183/189] Building CXX object CMakeFiles/logcraft_core.dir/src/engine/replay_source.cpp.o
2026-07-22T10:39:05.1298347Z [184/189] Building CXX object CMakeFiles/logcraft_core.dir/src/engine/runtime_monitor.cpp.o
2026-07-22T10:39:05.1911436Z [185/189] Building CXX object CMakeFiles/logcraft_core.dir/src/engine/engine_lifecycle.cpp.o
2026-07-22T10:39:06.2155163Z [186/189] Building CXX object CMakeFiles/logcraft_core.dir/src/engine/engine_manager.cpp.o
2026-07-22T10:39:06.2890711Z [187/189] Building CXX object CMakeFiles/logcraft_core.dir/src/engine/engine.cpp.o
2026-07-22T10:39:06.4541428Z [188/189] Linking CXX static library liblogcraft_core.a
2026-07-22T10:39:06.4561063Z 
2026-07-22T10:39:06.4561493Z logcraft_core/1.8.3: Package 'caf435e6c3c0203c5c43fb11d0adf2e4105e6904' built
2026-07-22T10:39:06.4561985Z logcraft_core/1.8.3: Build folder /home/runner/work/logcraft/logcraft/.conan2/p/b/logcr7dd653f5a6e02/b
2026-07-22T10:39:06.4569179Z logcraft_core/1.8.3: Generating the package
2026-07-22T10:39:06.4569786Z logcraft_core/1.8.3: Packaging in folder /home/runner/work/logcraft/logcraft/.conan2/p/b/logcr7dd653f5a6e02/p
2026-07-22T10:39:06.4570190Z logcraft_core/1.8.3: Calling package()
2026-07-22T10:39:06.4570385Z logcraft_core/1.8.3: Running CMake.install()
2026-07-22T10:39:06.4571677Z logcraft_core/1.8.3: RUN: cmake --install "/home/runner/work/logcraft/logcraft/.conan2/p/b/logcr7dd653f5a6e02/b" --prefix "/home/runner/work/logcraft/logcraft/.conan2/p/b/logcr7dd653f5a6e02/p"
2026-07-22T10:39:06.5549723Z -- Install configuration: "Release"
2026-07-22T10:39:06.5556591Z -- Installing: /home/runner/work/logcraft/logcraft/.conan2/p/b/logcr7dd653f5a6e02/p/lib/liblogcraft_core.a
2026-07-22T10:39:06.5650036Z -- Installing: /home/runner/work/logcraft/logcraft/.conan2/p/b/logcr7dd653f5a6e02/p/include/logcraft_core_modules/api/core.api-agent.cppm
2026-07-22T10:39:06.5651794Z -- Installing: /home/runner/work/logcraft/logcraft/.conan2/p/b/logcr7dd653f5a6e02/p/include/logcraft_core_modules/api/core.api-engine.cppm
2026-07-22T10:39:06.5653537Z -- Installing: /home/runner/work/logcraft/logcraft/.conan2/p/b/logcr7dd653f5a6e02/p/include/logcraft_core_modules/api/core.api-intent_library.cppm
2026-07-22T10:39:06.5656719Z -- Installing: /home/runner/work/logcraft/logcraft/.conan2/p/b/logcr7dd653f5a6e02/p/include/logcraft_core_modules/api/core.api-output.cppm
2026-07-22T10:39:06.5658163Z -- Installing: /home/runner/work/logcraft/logcraft/.conan2/p/b/logcr7dd653f5a6e02/p/include/logcraft_core_modules/api/core.api-scenario.cppm
2026-07-22T10:39:06.5661004Z -- Installing: /home/runner/work/logcraft/logcraft/.conan2/p/b/logcr7dd653f5a6e02/p/include/logcraft_core_modules/api/core.api-timeline.cppm
2026-07-22T10:39:06.5662558Z -- Installing: /home/runner/work/logcraft/logcraft/.conan2/p/b/logcr7dd653f5a6e02/p/include/logcraft_core_modules/api/core.api-value.cppm
2026-07-22T10:39:06.5664116Z -- Installing: /home/runner/work/logcraft/logcraft/.conan2/p/b/logcr7dd653f5a6e02/p/include/logcraft_core_modules/api/core.api.cppm
2026-07-22T10:39:06.5665761Z -- Installing: /home/runner/work/logcraft/logcraft/.conan2/p/b/logcr7dd653f5a6e02/p/include/logcraft_core_modules/api/core.cppm
2026-07-22T10:39:06.5668320Z -- Up-to-date: /home/runner/work/logcraft/logcraft/.conan2/p/b/logcr7dd653f5a6e02/p/include/logcraft_core_modules/api/core.cppm
2026-07-22T10:39:06.5672628Z -- Installing: /home/runner/work/logcraft/logcraft/.conan2/p/b/logcr7dd653f5a6e02/p/include/logcraft_core_modules/src/core.internal.cppm
2026-07-22T10:39:06.5681548Z -- Installing: /home/runner/work/logcraft/logcraft/.conan2/p/b/logcr7dd653f5a6e02/p/lib/cmake/logcraft_core/logcraft_coreTargets.cmake
2026-07-22T10:39:06.5684784Z -- Installing: /home/runner/work/logcraft/logcraft/.conan2/p/b/logcr7dd653f5a6e02/p/lib/cmake/logcraft_core/logcraft_coreTargets-release.cmake
2026-07-22T10:39:06.5686454Z -- Installing: /home/runner/work/logcraft/logcraft/.conan2/p/b/logcr7dd653f5a6e02/p/lib/cmake/logcraft_core/logcraft_core-config.cmake
2026-07-22T10:39:06.5703506Z 
2026-07-22T10:39:06.5802095Z logcraft_core/1.8.3: package(): Packaged 10 '.cppm' files
2026-07-22T10:39:06.5802576Z logcraft_core/1.8.3: package(): Packaged 1 '.a' file: liblogcraft_core.a
2026-07-22T10:39:06.5803243Z logcraft_core/1.8.3: package(): Packaged 3 '.cmake' files: logcraft_coreTargets.cmake, logcraft_coreTargets-release.cmake, logcraft_core-config.cmake
2026-07-22T10:39:06.5803908Z logcraft_core/1.8.3: Created package revision 1fb3629c5898830fe8493163d84de367
2026-07-22T10:39:06.5804396Z logcraft_core/1.8.3: Package 'caf435e6c3c0203c5c43fb11d0adf2e4105e6904' created
2026-07-22T10:39:06.5804943Z logcraft_core/1.8.3: Full package reference: logcraft_core/1.8.3#4190421fe63e2af329122ed009818d93:caf435e6c3c0203c5c43fb11d0adf2e4105e6904#1fb3629c5898830fe8493163d84de367
2026-07-22T10:39:06.5877194Z logcraft_core/1.8.3: Package folder /home/runner/work/logcraft/logcraft/.conan2/p/b/logcr7dd653f5a6e02/p
2026-07-22T10:39:06.5894275Z 
2026-07-22T10:39:06.5894539Z ======== Launching test_package ========
2026-07-22T10:39:06.5894697Z 
2026-07-22T10:39:06.5894777Z ======== Computing dependency graph ========
2026-07-22T10:39:06.6256309Z Graph root
2026-07-22T10:39:06.6256696Z     logcraft_core/1.8.3 (test package): /home/runner/work/logcraft/logcraft/core/test_package/conanfile.py
2026-07-22T10:39:06.6257090Z Requirements
2026-07-22T10:39:06.6257267Z     asio/1.36.0#baa8f04f3c2486ca00851c092ab6afb7 - Cache
2026-07-22T10:39:06.6257513Z     coderoast_ipc_core/1.8.3#0a8aa4068016dac8f416ccb0d97f2258 - Cache
2026-07-22T10:39:06.6258042Z     coderoast_ipc_producer/1.8.3#795464896cc5b903186a28ec3af6e333 - Cache
2026-07-22T10:39:06.6258394Z     fmt/12.1.0#50abab23274d56bb8f42c94b3b9a40c7 - Cache
2026-07-22T10:39:06.6258636Z     insight_canon/1.8.3#160f17296dfdcda0910dd6421c27e5c0 - Cache
2026-07-22T10:39:06.6258931Z     insight_semantic_github/1.8.3#7385ba6f4d9f483ee003ca13cdba1ffa - Cache
2026-07-22T10:39:06.6259208Z     logcraft_core/1.8.3#4190421fe63e2af329122ed009818d93 - Cache
2026-07-22T10:39:06.6259470Z     picosha2/1.0.0#61923b65ad21c4bccdc00d2be5709b58 - Cache
2026-07-22T10:39:06.6259696Z     simdjson/4.6.3#57b63b0965065041e5cd871f7973a026 - Cache
2026-07-22T10:39:06.6259938Z     spdlog/1.17.0#bcbaaf7147bda6ad24ffbd1ac3d7142c - Cache
2026-07-22T10:39:06.6260164Z     yaml-cpp/0.9.0#237a808ce73af0e5f32ba2834ae2baf0 - Cache
2026-07-22T10:39:06.6260350Z Test requirements
2026-07-22T10:39:06.6260544Z     benchmark/1.9.5#b885dc73ad67b40a55d45684d1c88ad1 - Cache
2026-07-22T10:39:06.6260821Z     coderoast_ipc_consumer/1.8.3#12f9d0a52870bf015b7c9a706162601b - Cache
2026-07-22T10:39:06.6261073Z     gtest/1.17.0#5224b3b3ff3b4ce1133cbdd27d53ee7d - Cache
2026-07-22T10:39:06.6261831Z Build requirements
2026-07-22T10:39:06.6262040Z     cmake/4.4.0#a5dd5d73bd9fc56b0fc3163a04573dc8 - Cache
2026-07-22T10:39:06.6262188Z 
2026-07-22T10:39:06.6262267Z ======== Computing necessary packages ========
2026-07-22T10:39:06.6399733Z Requirements
2026-07-22T10:39:06.6400276Z     asio/1.36.0#baa8f04f3c2486ca00851c092ab6afb7:da39a3ee5e6b4b0d3255bfef95601890afd80709#c02fdd2b35b8e2b48197b1749056e852 - Cache
2026-07-22T10:39:06.6400874Z     coderoast_ipc_core/1.8.3#0a8aa4068016dac8f416ccb0d97f2258:976572dde09ae4802a96a09ed547708e031572ad#681c17c9fea18b4fa15b8edf03bdf321 - Cache
2026-07-22T10:39:06.6401669Z     coderoast_ipc_producer/1.8.3#795464896cc5b903186a28ec3af6e333:fc80aeffbd4ec8fb019a975dca81d8576c982531#3c95f7da1066d1b18d8be4f7215965b6 - Cache
2026-07-22T10:39:06.6402290Z     fmt/12.1.0#50abab23274d56bb8f42c94b3b9a40c7:ad913eb4f99fc875fffba787e4d80fce29a7f765#39be80cf5ecb8caac2c37f8baa122a79 - Cache
2026-07-22T10:39:06.6402869Z     insight_canon/1.8.3#160f17296dfdcda0910dd6421c27e5c0:b78615a5f087d90c3deb764e78f1e3407b351ad5#1346f8ea699d054e2d6b6af51e13b654 - Cache
2026-07-22T10:39:06.6403443Z     insight_semantic_github/1.8.3#7385ba6f4d9f483ee003ca13cdba1ffa:df942b337ca24eac7d9164e22b217601aa33eb1a#443e707d4a1c54515046f3253f56c990 - Cache
2026-07-22T10:39:06.6404303Z     logcraft_core/1.8.3#4190421fe63e2af329122ed009818d93:caf435e6c3c0203c5c43fb11d0adf2e4105e6904#1fb3629c5898830fe8493163d84de367 - Cache
2026-07-22T10:39:06.6404839Z     picosha2/1.0.0#61923b65ad21c4bccdc00d2be5709b58:da39a3ee5e6b4b0d3255bfef95601890afd80709#1e86527276bd819290d3531c62615e33 - Cache
2026-07-22T10:39:06.6405356Z     simdjson/4.6.3#57b63b0965065041e5cd871f7973a026:5d1991fbda5f8e42ea0b1fc45dc1f0e08c876862#aaf343449055f180a80e0c56dcf203ea - Cache
2026-07-22T10:39:06.6405885Z     spdlog/1.17.0#bcbaaf7147bda6ad24ffbd1ac3d7142c:dc97e1c73da307d48b15663ff835c7139057ef19#e7174d4ea12a233dcd7fd45c2d9f83d0 - Cache
2026-07-22T10:39:06.6406425Z     yaml-cpp/0.9.0#237a808ce73af0e5f32ba2834ae2baf0:5bcc2325ae24c87a0dbda9fe98b25099fcbadab3#6a44f4e7c342438a031fda01b4b1f46c - Cache
2026-07-22T10:39:06.6406774Z Test requirements
2026-07-22T10:39:06.6407135Z     coderoast_ipc_consumer/1.8.3#12f9d0a52870bf015b7c9a706162601b:fc80aeffbd4ec8fb019a975dca81d8576c982531#d3d1175b40a54ceb3a44704d882b2e7f - Cache
2026-07-22T10:39:06.6407703Z     gtest/1.17.0#5224b3b3ff3b4ce1133cbdd27d53ee7d:2408b5402882dc2df22863610623b66506a4870c#e19edae35da6f5681ecfc11e8f6ed87a - Cache
2026-07-22T10:39:06.6408227Z Build requirements
2026-07-22T10:39:06.6408397Z Skipped binaries
2026-07-22T10:39:06.6408548Z     benchmark/1.9.5, cmake/4.4.0
2026-07-22T10:39:06.6408660Z 
2026-07-22T10:39:06.6408730Z ======== Installing packages ========
2026-07-22T10:39:06.6408913Z asio/1.36.0: Already installed! (1 of 13)
2026-07-22T10:39:06.6411033Z fmt/12.1.0: Already installed! (2 of 13)
2026-07-22T10:39:06.6413379Z picosha2/1.0.0: Already installed! (3 of 13)
2026-07-22T10:39:06.6415615Z simdjson/4.6.3: Already installed! (4 of 13)
2026-07-22T10:39:06.6417986Z yaml-cpp/0.9.0: Already installed! (5 of 13)
2026-07-22T10:39:06.6421087Z gtest/1.17.0: Already installed! (6 of 13)
2026-07-22T10:39:06.6424753Z coderoast_ipc_core/1.8.3: Already installed! (7 of 13)
2026-07-22T10:39:06.6427015Z spdlog/1.17.0: Already installed! (8 of 13)
2026-07-22T10:39:06.6429399Z coderoast_ipc_consumer/1.8.3: Already installed! (9 of 13)
2026-07-22T10:39:06.6431630Z coderoast_ipc_producer/1.8.3: Already installed! (10 of 13)
2026-07-22T10:39:06.6433944Z insight_canon/1.8.3: Already installed! (11 of 13)
2026-07-22T10:39:06.6436506Z insight_semantic_github/1.8.3: Already installed! (12 of 13)
2026-07-22T10:39:06.6438978Z logcraft_core/1.8.3: Already installed! (13 of 13)
2026-07-22T10:39:06.6439813Z 
2026-07-22T10:39:06.6439900Z ======== Testing the package ========
2026-07-22T10:39:06.6440366Z Removing previously existing 'test_package' build folder: /home/runner/work/logcraft/logcraft/core/test_package/build/gcc-15-x86_64-gnu23-release
2026-07-22T10:39:06.6449440Z logcraft_core/1.8.3 (test package): Test package build: build/gcc-15-x86_64-gnu23-release
2026-07-22T10:39:06.6449997Z logcraft_core/1.8.3 (test package): Test package build folder: /home/runner/work/logcraft/logcraft/core/test_package/build/gcc-15-x86_64-gnu23-release
2026-07-22T10:39:06.6450456Z logcraft_core/1.8.3 (test package): Calling generate()
2026-07-22T10:39:06.6450915Z logcraft_core/1.8.3 (test package): Generators folder: /home/runner/work/logcraft/logcraft/core/test_package/build/gcc-15-x86_64-gnu23-release/generators
2026-07-22T10:39:06.6663948Z logcraft_core/1.8.3 (test package): CMakeToolchain generated: conan_toolchain.cmake
2026-07-22T10:39:06.6670971Z logcraft_core/1.8.3 (test package): CMakeToolchain generated: /home/runner/work/logcraft/logcraft/core/test_package/build/gcc-15-x86_64-gnu23-release/generators/CMakePresets.json
2026-07-22T10:39:06.6671731Z logcraft_core/1.8.3 (test package): CMakeToolchain generated: /home/runner/work/logcraft/logcraft/core/test_package/CMakeUserPresets.json
2026-07-22T10:39:06.6672852Z logcraft_core/1.8.3 (test package): WARN: On the fly replacement of CMakeDeps by CMakeConfigDeps generator, because 'tools.cmake.cmakedeps:new' incubating conf activated. This conf is incubating and will break in next releases. CMakeConfigDeps is now experimental and can be used as such in recipes.
2026-07-22T10:39:06.6674040Z logcraft_core/1.8.3 (test package): WARN: experimental: CMakeConfigDeps is experimental, and might get breaking changes in future releases
2026-07-22T10:39:06.7661179Z : WARN: deprecated: CMakeConfigDeps does not support module find mode in gtest/1.17.0.
2026-07-22T10:39:06.7661639Z Config mode will be used regardless.
2026-07-22T10:39:06.7831865Z logcraft_core/1.8.3 (test package): CMakeDeps necessary find_package() and targets for your CMakeLists.txt
2026-07-22T10:39:06.7832246Z     find_package(GTest)
2026-07-22T10:39:06.7832469Z     target_link_libraries(... gtest::gtest)
2026-07-22T10:39:06.7918874Z logcraft_core/1.8.3 (test package): Generating aggregated env files
2026-07-22T10:39:06.7919545Z logcraft_core/1.8.3 (test package): Generated aggregated env files: ['conanbuild.sh', 'conanrun.sh']
2026-07-22T10:39:06.7919827Z 
2026-07-22T10:39:06.7919910Z ======== Testing the package: Building ========
2026-07-22T10:39:06.7923617Z logcraft_core/1.8.3 (test package): Calling build()
2026-07-22T10:39:06.7924107Z logcraft_core/1.8.3 (test package): Running CMake.configure()
2026-07-22T10:39:06.7925564Z logcraft_core/1.8.3 (test package): RUN: cmake -G "Ninja" -DCMAKE_TOOLCHAIN_FILE="generators/conan_toolchain.cmake" -DCMAKE_INSTALL_PREFIX="/home/runner/work/logcraft/logcraft/core/test_package" -DCMAKE_POLICY_DEFAULT_CMP0091="NEW" -DCMAKE_BUILD_TYPE="Release" "/home/runner/work/logcraft/logcraft/core/test_package"
2026-07-22T10:39:06.8959149Z -- Using Conan toolchain: /home/runner/work/logcraft/logcraft/core/test_package/build/gcc-15-x86_64-gnu23-release/generators/conan_toolchain.cmake
2026-07-22T10:39:06.8959673Z -- Conan toolchain: Defining architecture flag: -m64
2026-07-22T10:39:06.8959915Z -- Conan toolchain: C++ Standard 23 with extensions ON
2026-07-22T10:39:06.8960655Z -- Conan toolchain: Including CMakeConfigDeps generated conan_cmakedeps_paths.cmake
2026-07-22T10:39:07.0187958Z -- The CXX compiler identification is GNU 15.3.0
2026-07-22T10:39:07.1710988Z -- Detecting CXX compiler ABI info
2026-07-22T10:39:07.2941823Z -- Detecting CXX compiler ABI info - done
2026-07-22T10:39:07.3033017Z -- Check for working CXX compiler: /opt/gcc-15.3/bin/g++ - skipped
2026-07-22T10:39:07.3036068Z -- Detecting CXX compile features
2026-07-22T10:39:07.3040638Z CMake Warning (dev) at /home/runner/venvs/common/lib/python3.12/site-packages/cmake/data/share/cmake-4.3/Modules/Compiler/CMakeCommonCompilerMacros.cmake:226 (cmake_language):
2026-07-22T10:39:07.3041510Z   CMake's support for `import std;` in C++23 and newer is experimental.  It
2026-07-22T10:39:07.3041813Z   is meant only for experimentation and feedback to CMake developers.
2026-07-22T10:39:07.3042055Z Call Stack (most recent call first):
2026-07-22T10:39:07.3042498Z   /home/runner/venvs/common/lib/python3.12/site-packages/cmake/data/share/cmake-4.3/Modules/CMakeDetermineCompilerSupport.cmake:110 (cmake_cxx_find_modules_json)
2026-07-22T10:39:07.3043177Z   /home/runner/venvs/common/lib/python3.12/site-packages/cmake/data/share/cmake-4.3/Modules/CMakeTestCXXCompiler.cmake:83 (CMAKE_DETERMINE_COMPILER_SUPPORT)
2026-07-22T10:39:07.3043599Z   CMakeLists.txt:8 (project)
2026-07-22T10:39:07.3043821Z This warning is for project developers.  Use -Wno-dev to suppress it.
2026-07-22T10:39:07.3043991Z 
2026-07-22T10:39:07.3060122Z -- Detecting CXX compile features - done
2026-07-22T10:39:07.3166764Z -- Conan: Configuring Targets for fmt/12.1.0
2026-07-22T10:39:07.3169136Z -- Conan: Target declared imported STATIC library 'fmt::fmt'
2026-07-22T10:39:07.3172460Z -- Conan: Configuring Targets for spdlog/1.17.0
2026-07-22T10:39:07.3174823Z -- Conan: Target declared imported STATIC library 'spdlog::spdlog'
2026-07-22T10:39:07.3177993Z -- Conan: Configuring Targets for yaml-cpp/0.9.0
2026-07-22T10:39:07.3182571Z -- Conan: Target declared imported STATIC library 'yaml-cpp::yaml-cpp'
2026-07-22T10:39:07.3183119Z -- Conan: Target declared alias 'yaml-cpp' for 'yaml-cpp::yaml-cpp'
2026-07-22T10:39:07.3183406Z -- Conan: Configuring Targets for asio/1.36.0
2026-07-22T10:39:07.3188142Z -- Conan: Target declared imported INTERFACE library 'asio::asio'
2026-07-22T10:39:07.3200850Z -- Conan: Configuring Targets for simdjson/4.6.3
2026-07-22T10:39:07.3203030Z -- Conan: Target declared imported STATIC library 'simdjson::simdjson'
2026-07-22T10:39:07.3206133Z -- Conan: Configuring Targets for picosha2/1.0.0
2026-07-22T10:39:07.3208569Z -- Conan: Target declared imported INTERFACE library 'picosha2::picosha2'
2026-07-22T10:39:07.3221012Z -- Conan: Configuring Targets for gtest/1.17.0
2026-07-22T10:39:07.3223704Z -- Conan: Target declared imported STATIC library 'GTest::gtest'
2026-07-22T10:39:07.3224004Z -- Conan: Target declared alias 'GTest::GTest' for 'GTest::gtest'
2026-07-22T10:39:07.3224271Z -- Conan: Target declared imported STATIC library 'GTest::gtest_main'
2026-07-22T10:39:07.3224544Z -- Conan: Target declared alias 'GTest::Main' for 'GTest::gtest_main'
2026-07-22T10:39:07.3224807Z -- Conan: Target declared imported STATIC library 'GTest::gmock'
2026-07-22T10:39:07.3225063Z -- Conan: Target declared imported STATIC library 'GTest::gmock_main'
2026-07-22T10:39:07.3225324Z -- Conan: Target declared imported INTERFACE library 'gtest::gtest'
2026-07-22T10:39:07.3631203Z -- Configuring done (0.5s)
2026-07-22T10:39:07.3802672Z CMake Warning (dev) in CMakeLists.txt:
2026-07-22T10:39:07.3802958Z   Target "logcraft__core@synth_09c85f8542c6" has source file
2026-07-22T10:39:07.3803116Z 
2026-07-22T10:39:07.3803432Z     /home/runner/work/logcraft/logcraft/.conan2/p/b/logcr7dd653f5a6e02/p/include/logcraft_core_modules/api/core.cppm
2026-07-22T10:39:07.3803749Z 
2026-07-22T10:39:07.3804130Z   in a "FILE_SET TYPE CXX_MODULES" multiple times.
2026-07-22T10:39:07.3804405Z This warning is for project developers.  Use -Wno-dev to suppress it.
2026-07-22T10:39:07.3804594Z 
2026-07-22T10:39:07.3878535Z -- Generating done (0.0s)
2026-07-22T10:39:07.3882598Z -- Build files have been written to: /home/runner/work/logcraft/logcraft/core/test_package/build/gcc-15-x86_64-gnu23-release
2026-07-22T10:39:07.3912418Z 
2026-07-22T10:39:07.3912718Z logcraft_core/1.8.3 (test package): Running CMake.build()
2026-07-22T10:39:07.3914906Z logcraft_core/1.8.3 (test package): RUN: cmake --build "/home/runner/work/logcraft/logcraft/core/test_package/build/gcc-15-x86_64-gnu23-release" -- -j8
2026-07-22T10:39:07.5077729Z [1/34] Scanning /home/runner/work/logcraft/logcraft/.conan2/p/codercb88d1082ab2c/p/include/coderoast_ipc_core_modules/core.cppm for CXX dependencies
2026-07-22T10:39:07.5106583Z [2/34] Scanning /opt/gcc-15.3/include/c++/15.3.0/bits/std.compat.cc for CXX dependencies
2026-07-22T10:39:07.5108035Z [3/34] Scanning /home/runner/work/logcraft/logcraft/.conan2/p/insig6e3d1225ed231/p/include/insight_canon_modules/canon.internal.cppm for CXX dependencies
2026-07-22T10:39:07.5108786Z [4/34] Scanning /home/runner/work/logcraft/logcraft/.conan2/p/insig6e3d1225ed231/p/include/insight_canon_modules/canon.cppm for CXX dependencies
2026-07-22T10:39:07.5147370Z [5/34] Scanning /home/runner/work/logcraft/logcraft/.conan2/p/insig6e3d1225ed231/p/include/insight_canon_modules/canon.compose.cppm for CXX dependencies
2026-07-22T10:39:07.5152504Z [6/34] Scanning /home/runner/work/logcraft/logcraft/.conan2/p/insig6e3d1225ed231/p/include/insight_canon_modules/canon.spi.cppm for CXX dependencies
2026-07-22T10:39:07.5209211Z [7/34] Scanning /home/runner/work/logcraft/logcraft/.conan2/p/insig6e3d1225ed231/p/include/insight_canon_modules/conformance/canon.conformance.cppm for CXX dependencies
2026-07-22T10:39:07.6730122Z [8/34] Scanning /home/runner/work/logcraft/logcraft/.conan2/p/insig6e3d1225ed231/p/include/insight_canon_modules/canon.api.cppm for CXX dependencies
2026-07-22T10:39:07.7124149Z [9/34] Scanning /opt/gcc-15.3/include/c++/15.3.0/bits/std.cc for CXX dependencies
2026-07-22T10:39:07.7172096Z [10/34] Generating CXX dyndep file CMakeFiles/__cmake_cxx_std_23.dir/CXX.dd
2026-07-22T10:39:07.7216724Z [11/34] Generating CXX dyndep file 'CMakeFiles/coderoast__ipc__core@synth_09c85f8542c6.dir/CXX.dd'
2026-07-22T10:39:07.7222027Z [12/34] Generating CXX dyndep file 'CMakeFiles/insight__canon@synth_09c85f8542c6.dir/CXX.dd'
2026-07-22T10:39:07.7299720Z [13/34] Scanning /home/runner/work/logcraft/logcraft/.conan2/p/coder83c8353627e87/p/include/coderoast_ipc_producer_modules/producer.cppm for CXX dependencies
2026-07-22T10:39:07.7304454Z [14/34] Scanning /home/runner/work/logcraft/logcraft/.conan2/p/insigeb616a23e171f/p/include/insight_semantic_github_modules/github.cppm for CXX dependencies
2026-07-22T10:39:07.7341833Z [15/34] Generating CXX dyndep file 'CMakeFiles/coderoast__ipc__producer@synth_09c85f8542c6.dir/CXX.dd'
2026-07-22T10:39:07.7344614Z [16/34] Generating CXX dyndep file 'CMakeFiles/insight__semantic_github@synth_09c85f8542c6.dir/CXX.dd'
2026-07-22T10:39:07.7432823Z [17/34] Scanning /home/runner/work/logcraft/logcraft/.conan2/p/b/logcr7dd653f5a6e02/p/include/logcraft_core_modules/api/core.api-intent_library.cppm for CXX dependencies
2026-07-22T10:39:07.7451078Z [18/34] Scanning /home/runner/work/logcraft/logcraft/.conan2/p/b/logcr7dd653f5a6e02/p/include/logcraft_core_modules/api/core.api-engine.cppm for CXX dependencies
2026-07-22T10:39:07.7501811Z [19/34] Scanning /home/runner/work/logcraft/logcraft/.conan2/p/b/logcr7dd653f5a6e02/p/include/logcraft_core_modules/api/core.api-agent.cppm for CXX dependencies
2026-07-22T10:39:07.7524001Z [20/34] Scanning /home/runner/work/logcraft/logcraft/.conan2/p/b/logcr7dd653f5a6e02/p/include/logcraft_core_modules/api/core.api-scenario.cppm for CXX dependencies
2026-07-22T10:39:07.7525687Z [21/34] Scanning /home/runner/work/logcraft/logcraft/.conan2/p/b/logcr7dd653f5a6e02/p/include/logcraft_core_modules/api/core.api-timeline.cppm for CXX dependencies
2026-07-22T10:39:07.7526484Z [22/34] Scanning /home/runner/work/logcraft/logcraft/.conan2/p/b/logcr7dd653f5a6e02/p/include/logcraft_core_modules/api/core.api-value.cppm for CXX dependencies
2026-07-22T10:39:07.7558420Z [23/34] Scanning /home/runner/work/logcraft/logcraft/.conan2/p/b/logcr7dd653f5a6e02/p/include/logcraft_core_modules/api/core.api.cppm for CXX dependencies
2026-07-22T10:39:07.7585882Z [24/34] Scanning /home/runner/work/logcraft/logcraft/.conan2/p/b/logcr7dd653f5a6e02/p/include/logcraft_core_modules/api/core.cppm for CXX dependencies
2026-07-22T10:39:07.7611378Z [25/34] Scanning /home/runner/work/logcraft/logcraft/.conan2/p/b/logcr7dd653f5a6e02/p/include/logcraft_core_modules/api/core.api-output.cppm for CXX dependencies
2026-07-22T10:39:07.7646316Z [26/34] Scanning /home/runner/work/logcraft/logcraft/.conan2/p/b/logcr7dd653f5a6e02/p/include/logcraft_core_modules/src/core.internal.cppm for CXX dependencies
2026-07-22T10:39:07.7703744Z [27/34] Generating CXX dyndep file 'CMakeFiles/logcraft__core@synth_09c85f8542c6.dir/CXX.dd'
2026-07-22T10:39:07.9354559Z [28/34] Scanning /home/runner/work/logcraft/logcraft/core/test_package/test_package.cpp for CXX dependencies
2026-07-22T10:39:07.9404854Z [29/34] Generating CXX dyndep file CMakeFiles/logcraft_core_test_package.dir/CXX.dd
2026-07-22T10:39:10.6381314Z [30/44] Building CXX object CMakeFiles/__cmake_cxx_std_23.dir/opt/gcc-15.3/include/c++/15.3.0/bits/std.cc.o
2026-07-22T10:39:10.6617394Z [31/44] Building CXX object 'CMakeFiles/logcraft__core@synth_09c85f8542c6.dir/a505377ad24c.bmi'
2026-07-22T10:39:10.6829837Z [32/44] Building CXX object 'CMakeFiles/logcraft__core@synth_09c85f8542c6.dir/35973bea2fe3.bmi'
2026-07-22T10:39:10.8583369Z [33/44] Building CXX object CMakeFiles/__cmake_cxx_std_23.dir/opt/gcc-15.3/include/c++/15.3.0/bits/std.compat.cc.o
2026-07-22T10:39:10.9259566Z [34/44] Linking CXX static library lib__cmake_cxx_std_23.a
2026-07-22T10:39:11.0055146Z [35/44] Building CXX object 'CMakeFiles/logcraft__core@synth_09c85f8542c6.dir/30949532b6b0.bmi'
2026-07-22T10:39:11.0725024Z [36/44] Building CXX object 'CMakeFiles/logcraft__core@synth_09c85f8542c6.dir/8ba4c30f50b5.bmi'
2026-07-22T10:39:11.3946114Z [37/44] Building CXX object 'CMakeFiles/logcraft__core@synth_09c85f8542c6.dir/f27b1c48e48b.bmi'
2026-07-22T10:39:11.7085675Z [38/44] Building CXX object 'CMakeFiles/logcraft__core@synth_09c85f8542c6.dir/d70f59d48f5a.bmi'
2026-07-22T10:39:12.2440591Z [39/44] Building CXX object 'CMakeFiles/logcraft__core@synth_09c85f8542c6.dir/af530ab3930f.bmi'
2026-07-22T10:39:12.6615726Z [40/44] Building CXX object 'CMakeFiles/logcraft__core@synth_09c85f8542c6.dir/cbbdcdad84f4.bmi'
2026-07-22T10:39:13.3161288Z [41/44] Building CXX object 'CMakeFiles/logcraft__core@synth_09c85f8542c6.dir/1cdee95cc9c1.bmi'
2026-07-22T10:39:13.7140686Z [42/44] Building CXX object 'CMakeFiles/logcraft__core@synth_09c85f8542c6.dir/f409a8f5ee51.bmi'
2026-07-22T10:39:16.6735500Z [43/44] Building CXX object CMakeFiles/logcraft_core_test_package.dir/test_package.cpp.o
2026-07-22T10:39:16.8430192Z [44/44] Linking CXX executable logcraft_core_test_package
2026-07-22T10:39:16.8450876Z 
2026-07-22T10:39:16.8451388Z 
2026-07-22T10:39:16.8451852Z ======== Testing the package: Executing test ========
2026-07-22T10:39:16.8452550Z logcraft_core/1.8.3 (test package): Running test()
2026-07-22T10:39:16.8459026Z logcraft_core/1.8.3 (test package): RUN: ctest --parallel 8 --output-on-failure
2026-07-22T10:39:16.9474517Z Test project /home/runner/work/logcraft/logcraft/core/test_package/build/gcc-15-x86_64-gnu23-release
2026-07-22T10:39:16.9479268Z     Start 1: ScenarioLoaderConsumerTest.ParsesPublicScenarioApi
2026-07-22T10:39:16.9487372Z     Start 2: EngineApiConsumerTest.LoadsScenarioAndHandlesLifecycle
2026-07-22T10:39:16.9503191Z 1/2 Test #1: ScenarioLoaderConsumerTest.ParsesPublicScenarioApi .......   Passed    0.00 sec
2026-07-22T10:39:17.4671666Z 2/2 Test #2: EngineApiConsumerTest.LoadsScenarioAndHandlesLifecycle ...   Passed    0.52 sec
2026-07-22T10:39:17.4674253Z 
2026-07-22T10:39:17.4674597Z 100% tests passed, 0 tests failed out of 2
2026-07-22T10:39:17.4674750Z 
2026-07-22T10:39:17.4674821Z Total Test time (real) =   0.52 sec
2026-07-22T10:39:17.4692679Z 
2026-07-22T10:39:17.5165459Z ##[endgroup]
2026-07-22T10:39:22.2613893Z Post job cleanup.
2026-07-22T10:39:22.2675383Z Post job cleanup.
2026-07-22T10:39:26.1100829Z Post job cleanup.
2026-07-22T10:39:26.2743707Z [command]/usr/bin/tar --posix -cf cache.tzst --exclude cache.tzst -P -C /home/runner/work/logcraft/logcraft --files-from manifest.txt --use-compress-program zstdmt
2026-07-22T10:39:30.7626120Z Sent 0 of 577036046 (0.0%), 0.0 MBs/sec
2026-07-22T10:39:31.7623486Z Sent 0 of 577036046 (0.0%), 0.0 MBs/sec
2026-07-22T10:39:32.7622327Z Sent 0 of 577036046 (0.0%), 0.0 MBs/sec
2026-07-22T10:39:33.7628736Z Sent 0 of 577036046 (0.0%), 0.0 MBs/sec
2026-07-22T10:39:34.7641578Z Sent 0 of 577036046 (0.0%), 0.0 MBs/sec
2026-07-22T10:39:35.7651023Z Sent 0 of 577036046 (0.0%), 0.0 MBs/sec
2026-07-22T10:39:36.7655526Z Sent 0 of 577036046 (0.0%), 0.0 MBs/sec
2026-07-22T10:39:37.7655041Z Sent 0 of 577036046 (0.0%), 0.0 MBs/sec
2026-07-22T10:39:38.7653607Z Sent 0 of 577036046 (0.0%), 0.0 MBs/sec
2026-07-22T10:39:39.7654360Z Sent 0 of 577036046 (0.0%), 0.0 MBs/sec
2026-07-22T10:39:40.7663980Z Sent 0 of 577036046 (0.0%), 0.0 MBs/sec
2026-07-22T10:39:41.7662815Z Sent 0 of 577036046 (0.0%), 0.0 MBs/sec
2026-07-22T10:39:42.7667652Z Sent 0 of 577036046 (0.0%), 0.0 MBs/sec
2026-07-22T10:39:43.7661853Z Sent 0 of 577036046 (0.0%), 0.0 MBs/sec
2026-07-22T10:39:44.7664073Z Sent 0 of 577036046 (0.0%), 0.0 MBs/sec
2026-07-22T10:39:45.7663955Z Sent 0 of 577036046 (0.0%), 0.0 MBs/sec
2026-07-22T10:39:46.7667035Z Sent 0 of 577036046 (0.0%), 0.0 MBs/sec
2026-07-22T10:39:47.7663738Z Sent 0 of 577036046 (0.0%), 0.0 MBs/sec
2026-07-22T10:39:48.7665543Z Sent 0 of 577036046 (0.0%), 0.0 MBs/sec
2026-07-22T10:39:49.7661021Z Sent 0 of 577036046 (0.0%), 0.0 MBs/sec
2026-07-22T10:39:50.7664182Z Sent 0 of 577036046 (0.0%), 0.0 MBs/sec
2026-07-22T10:39:51.7667176Z Sent 0 of 577036046 (0.0%), 0.0 MBs/sec
2026-07-22T10:39:52.7662901Z Sent 0 of 577036046 (0.0%), 0.0 MBs/sec
2026-07-22T10:39:53.7670347Z Sent 67108864 of 577036046 (11.6%), 2.7 MBs/sec
2026-07-22T10:39:54.7676840Z Sent 469762048 of 577036046 (81.4%), 17.9 MBs/sec
2026-07-22T10:39:55.7676124Z Sent 536870912 of 577036046 (93.0%), 19.7 MBs/sec
2026-07-22T10:39:56.3046525Z Sent 577036046 of 577036046 (100.0%), 20.7 MBs/sec
2026-07-22T10:39:56.8770740Z Cache saved with key: conan-gcc153-Linux-6006e8a1b9c69107b5259771ede488e414dc2bdfa9bcbea97f0b309bdd765488
2026-07-22T10:39:56.8983448Z Post job cleanup.
2026-07-22T10:39:56.9029929Z Post job cleanup.
2026-07-22T10:39:56.9961457Z [command]/usr/bin/git version
2026-07-22T10:39:57.0022858Z git version 2.43.0
2026-07-22T10:39:57.0046421Z Copying '/home/runner/.gitconfig' to '/home/runner/work/_temp/76df177c-fdd9-46bf-8e88-f56b1692830d/.gitconfig'
2026-07-22T10:39:57.0056662Z Temporarily overriding HOME='/home/runner/work/_temp/76df177c-fdd9-46bf-8e88-f56b1692830d' before making global git config changes
2026-07-22T10:39:57.0057239Z Adding repository directory to the temporary git global config as a safe directory
2026-07-22T10:39:57.0060484Z [command]/usr/bin/git config --global --add safe.directory /home/runner/work/logcraft/logcraft
2026-07-22T10:39:57.0092992Z [command]/usr/bin/git config --local --name-only --get-regexp core\.sshCommand
2026-07-22T10:39:57.0121490Z [command]/usr/bin/git submodule foreach --recursive sh -c "git config --local --name-only --get-regexp 'core\.sshCommand' && git config --local --unset-all 'core.sshCommand' || :"
2026-07-22T10:39:57.0376343Z [command]/usr/bin/git config --local --name-only --get-regexp http\.https\:\/\/github\.com\/\.extraheader
2026-07-22T10:39:57.0398048Z http.https://github.com/.extraheader
2026-07-22T10:39:57.0407265Z [command]/usr/bin/git config --local --unset-all http.https://github.com/.extraheader
2026-07-22T10:39:57.0436245Z [command]/usr/bin/git submodule foreach --recursive sh -c "git config --local --name-only --get-regexp 'http\.https\:\/\/github\.com\/\.extraheader' && git config --local --unset-all 'http.https://github.com/.extraheader' || :"
2026-07-22T10:39:57.0686163Z [command]/usr/bin/git config --local --name-only --get-regexp ^includeIf\.gitdir:
2026-07-22T10:39:57.0721712Z [command]/usr/bin/git submodule foreach --recursive git config --local --show-origin --name-only --get-regexp remote.origin.url
2026-07-22T10:39:57.1119903Z Cleaning up orphan processes
