2026-07-20T11:14:37.5608194Z Current runner version: '2.335.1'
2026-07-20T11:14:37.5614718Z Runner name: 'ci-runner'
2026-07-20T11:14:37.5619528Z Runner group name: 'default'
2026-07-20T11:14:37.5620299Z Machine name: 'BUILD-NODE-04'
2026-07-20T11:14:37.5632042Z ##[group]GITHUB_TOKEN Permissions
2026-07-20T11:14:37.5645108Z Actions: write
2026-07-20T11:14:37.5645579Z Contents: write
2026-07-20T11:14:37.5646723Z Metadata: read
2026-07-20T11:14:37.5648239Z PullRequests: write
2026-07-20T11:14:37.5653705Z ##[endgroup]
2026-07-20T11:14:37.5655994Z Secret source: Actions
2026-07-20T11:14:37.5656549Z Prepare workflow directory
2026-07-20T11:14:37.6317890Z Prepare all required actions
2026-07-20T11:14:37.6347774Z Getting action download info
2026-07-20T11:14:38.0951335Z Download action repository 'CodeRoasted/malf-toolchain@main' (SHA:7c22c2668f9894e0a50b0a05a7b7a46010f58050)
2026-07-20T11:14:38.5852351Z Getting action download info
2026-07-20T11:14:38.7697268Z Download action repository 'actions/checkout@v5' (SHA:93cb6efe18208431cddfb8368fd83d5badbf9bfd)
2026-07-20T11:14:39.3544591Z Getting action download info
2026-07-20T11:14:39.5314770Z Download action repository 'conan-io/setup-conan@v1' (SHA:ed3942a6883243f4af84e13e49c972f9440fa1c2)
2026-07-20T11:14:39.8176809Z Download action repository 'actions/cache@v5' (SHA:caa296126883cff596d87d8935842f9db880ef25)
2026-07-20T11:14:40.9469187Z Getting action download info
2026-07-20T11:14:41.1490723Z Download action repository 'actions/cache@v5.0.3' (SHA:cdf6c1fa76f9f475f3d7449005a359c84ca0f306)
2026-07-20T11:14:41.9716435Z Getting action download info
2026-07-20T11:14:42.6738603Z Download action repository 'actions/upload-artifact@v7' (SHA:043fb46d1a93c77aae656e7c1c64a875d1fc6a0a)
2026-07-20T11:14:43.5883672Z Uses: CodeRoasted/malf-toolchain/.github/workflows/coderoast-ci.yml@refs/heads/main (7c22c2668f9894e0a50b0a05a7b7a46010f58050)
2026-07-20T11:14:43.5886355Z ##[group] Inputs
2026-07-20T11:14:43.5886561Z   modules: core
2026-07-20T11:14:43.5887324Z   vendor: coderoast_ipc_core      1.8.2 CodeRoasted/coderoast-ipc public
coderoast_ipc_producer  1.8.2 CodeRoasted/coderoast-ipc public
coderoast_ipc_consumer  1.8.2 CodeRoasted/coderoast-ipc public
insight_canon           1.8.2 CodeRoasted/insight-canon public
insight_semantic_github 1.8.2 CodeRoasted/insight-canon public

2026-07-20T11:14:43.5888095Z   extra-apt: 
2026-07-20T11:14:43.5888858Z   runs-on: ci-local
2026-07-20T11:14:43.5889007Z ##[endgroup]
2026-07-20T11:14:43.5889148Z Complete job name: ci / ci / build
2026-07-20T11:14:43.6626074Z ##[group]Run CodeRoasted/malf-toolchain/.github/actions/coderoast-ci@main
2026-07-20T11:14:43.6626559Z with:
2026-07-20T11:14:43.6627339Z   vendor: coderoast_ipc_core      1.8.2 CodeRoasted/coderoast-ipc public
coderoast_ipc_producer  1.8.2 CodeRoasted/coderoast-ipc public
coderoast_ipc_consumer  1.8.2 CodeRoasted/coderoast-ipc public
insight_canon           1.8.2 CodeRoasted/insight-canon public
insight_semantic_github 1.8.2 CodeRoasted/insight-canon public

2026-07-20T11:14:43.6628121Z   modules: core
2026-07-20T11:14:43.6629916Z   github-token: ***
2026-07-20T11:14:43.6630069Z   fetch-depth: 0
2026-07-20T11:14:43.6630223Z   profile: linux-gcc15-release
2026-07-20T11:14:43.6630631Z ##[endgroup]
2026-07-20T11:14:43.6717835Z ##[group]Run actions/checkout@v5
2026-07-20T11:14:43.6718248Z with:
2026-07-20T11:14:43.6718400Z   fetch-depth: 0
2026-07-20T11:14:43.6718565Z   repository: CodeRoasted/logcraft
2026-07-20T11:14:43.6720250Z   token: ***
2026-07-20T11:14:43.6720430Z   ssh-strict: true
2026-07-20T11:14:43.6720575Z   ssh-user: git
2026-07-20T11:14:43.6720803Z   persist-credentials: true
2026-07-20T11:14:43.6720954Z   clean: true
2026-07-20T11:14:43.6721097Z   sparse-checkout-cone-mode: true
2026-07-20T11:14:43.6721541Z   fetch-tags: false
2026-07-20T11:14:43.6721678Z   show-progress: true
2026-07-20T11:14:43.6721817Z   lfs: false
2026-07-20T11:14:43.6722043Z   submodules: false
2026-07-20T11:14:43.6722184Z   set-safe-directory: true
2026-07-20T11:14:43.6722339Z ##[endgroup]
2026-07-20T11:14:43.7699192Z Syncing repository: CodeRoasted/logcraft
2026-07-20T11:14:43.7700490Z ##[group]Getting Git version info
2026-07-20T11:14:43.7700963Z Working directory is '/home/runner/work/logcraft/logcraft'
2026-07-20T11:14:43.7924325Z [command]/usr/bin/git version
2026-07-20T11:14:43.7957893Z git version 2.43.0
2026-07-20T11:14:43.7971912Z ##[endgroup]
2026-07-20T11:14:43.7985012Z Copying '/home/runner/.gitconfig' to '/home/runner/work/_temp/a4dd8430-2448-4e19-b3d4-68fc9ec33e05/.gitconfig'
2026-07-20T11:14:43.7997542Z Temporarily overriding HOME='/home/runner/work/_temp/a4dd8430-2448-4e19-b3d4-68fc9ec33e05' before making global git config changes
2026-07-20T11:14:43.7998687Z Adding repository directory to the temporary git global config as a safe directory
2026-07-20T11:14:43.7999659Z [command]/usr/bin/git config --global --add safe.directory /home/runner/work/logcraft/logcraft
2026-07-20T11:14:43.8104093Z [command]/usr/bin/git config --local --get remote.origin.url
2026-07-20T11:14:43.8125355Z https://github.com/CodeRoasted/logcraft
2026-07-20T11:14:43.8139338Z ##[group]Removing previously created refs, to avoid conflicts
2026-07-20T11:14:43.8142442Z [command]/usr/bin/git rev-parse --symbolic-full-name --verify --quiet HEAD
2026-07-20T11:14:43.8164246Z HEAD
2026-07-20T11:14:43.8199384Z ##[endgroup]
2026-07-20T11:14:43.8202136Z [command]/usr/bin/git submodule status
2026-07-20T11:14:43.8448696Z ##[group]Cleaning the repository
2026-07-20T11:14:43.8453108Z [command]/usr/bin/git clean -ffdx
2026-07-20T11:14:43.8499429Z Removing actionlint
2026-07-20T11:14:43.8507353Z [command]/usr/bin/git reset --hard HEAD
2026-07-20T11:14:43.8920794Z HEAD is now at 5d363291d docs(core): correct two comments that describe code that does not exist
2026-07-20T11:14:43.8928851Z ##[endgroup]
2026-07-20T11:14:43.8932223Z ##[group]Disabling automatic garbage collection
2026-07-20T11:14:43.8936983Z [command]/usr/bin/git config --local gc.auto 0
2026-07-20T11:14:43.8968178Z ##[endgroup]
2026-07-20T11:14:43.8968996Z ##[group]Setting up auth
2026-07-20T11:14:43.8973085Z [command]/usr/bin/git config --local --name-only --get-regexp core\.sshCommand
2026-07-20T11:14:43.9000962Z [command]/usr/bin/git submodule foreach --recursive sh -c "git config --local --name-only --get-regexp 'core\.sshCommand' && git config --local --unset-all 'core.sshCommand' || :"
2026-07-20T11:14:43.9262776Z [command]/usr/bin/git config --local --name-only --get-regexp http\.https\:\/\/github\.com\/\.extraheader
2026-07-20T11:14:43.9291665Z [command]/usr/bin/git submodule foreach --recursive sh -c "git config --local --name-only --get-regexp 'http\.https\:\/\/github\.com\/\.extraheader' && git config --local --unset-all 'http.https://github.com/.extraheader' || :"
2026-07-20T11:14:43.9545891Z [command]/usr/bin/git config --local --name-only --get-regexp ^includeIf\.gitdir:
2026-07-20T11:14:43.9576789Z [command]/usr/bin/git submodule foreach --recursive git config --local --show-origin --name-only --get-regexp remote.origin.url
2026-07-20T11:14:43.9839323Z [command]/usr/bin/git config --local http.https://github.com/.extraheader AUTHORIZATION: basic ***
2026-07-20T11:14:43.9877451Z ##[endgroup]
2026-07-20T11:14:43.9878021Z ##[group]Fetching the repository
2026-07-20T11:14:43.9882751Z [command]/usr/bin/git -c protocol.version=2 fetch --prune --no-recurse-submodules --unshallow origin +refs/heads/*:refs/remotes/origin/* +refs/tags/*:refs/tags/*
2026-07-20T11:14:44.9188870Z From https://github.com/CodeRoasted/logcraft
2026-07-20T11:14:44.9189571Z  + f2f01871c...5d363291d main       -> origin/main  (forced update)
2026-07-20T11:14:44.9221826Z [command]/usr/bin/git tag --list v1.8.2
2026-07-20T11:14:44.9246603Z v1.8.2
2026-07-20T11:14:44.9255739Z [command]/usr/bin/git rev-parse refs/tags/v1.8.2
2026-07-20T11:14:44.9278674Z 5d363291df9dc41aa6b06944e252ec93d61bb631
2026-07-20T11:14:44.9282022Z ##[endgroup]
2026-07-20T11:14:44.9282528Z ##[group]Determining the checkout info
2026-07-20T11:14:44.9283016Z ##[endgroup]
2026-07-20T11:14:44.9288142Z [command]/usr/bin/git sparse-checkout disable
2026-07-20T11:14:44.9326697Z [command]/usr/bin/git config --local --unset-all extensions.worktreeConfig
2026-07-20T11:14:44.9353382Z ##[group]Checking out the ref
2026-07-20T11:14:44.9356639Z [command]/usr/bin/git checkout --progress --force refs/tags/v1.8.2
2026-07-20T11:14:44.9393618Z HEAD is now at 5d363291d docs(core): correct two comments that describe code that does not exist
2026-07-20T11:14:44.9399252Z ##[endgroup]
2026-07-20T11:14:44.9434513Z [command]/usr/bin/git log -1 --format=%H
2026-07-20T11:14:44.9460427Z 5d363291df9dc41aa6b06944e252ec93d61bb631
2026-07-20T11:14:44.9678776Z ##[group]Run CodeRoasted/malf-toolchain/.github/actions/setup-gcc153@main
2026-07-20T11:14:44.9679421Z with:
2026-07-20T11:14:44.9680165Z   tag: gcc-15.3.0
2026-07-20T11:14:44.9680788Z ##[endgroup]
2026-07-20T11:14:44.9718386Z ##[group]Run set -euo pipefail
2026-07-20T11:14:44.9718842Z [36;1mset -euo pipefail[0m
2026-07-20T11:14:44.9719645Z [36;1m# Derive the per-ISA asset name from the runner's architecture unless the caller pinned one.[0m
2026-07-20T11:14:44.9720448Z [36;1m# The build workflow publishes gcc-<maj.min>-noble-{x64,arm64}.tar.zst as siblings on the same[0m
2026-07-20T11:14:44.9721085Z [36;1m# gcc-<ver> release; pick the one matching THIS runner so a single action serves both ISAs.[0m
2026-07-20T11:14:44.9721675Z [36;1mif [ -z "${ASSET:-}" ]; then[0m
2026-07-20T11:14:44.9722086Z [36;1m  ver="${TAG#gcc-}"; mm="${ver%.*}"   # gcc-15.3.0 -> 15.3.0 -> 15.3[0m
2026-07-20T11:14:44.9722468Z [36;1m  case "$(uname -m)" in[0m
2026-07-20T11:14:44.9723008Z [36;1m    x86_64|amd64) arch=x64 ;;[0m
2026-07-20T11:14:44.9723440Z [36;1m    aarch64|arm64) arch=arm64 ;;[0m
2026-07-20T11:14:44.9723990Z [36;1m    *) echo "::error::setup-gcc153: unsupported arch '$(uname -m)' (no published gcc-15.3 asset)"; exit 1 ;;[0m
2026-07-20T11:14:44.9724851Z [36;1m  esac[0m
2026-07-20T11:14:44.9725188Z [36;1m  ASSET="gcc-${mm}-noble-${arch}.tar.zst"[0m
2026-07-20T11:14:44.9725658Z [36;1m  echo "setup-gcc153: ISA $(uname -m) → asset ${ASSET}"[0m
2026-07-20T11:14:44.9726039Z [36;1mfi[0m
2026-07-20T11:14:44.9726451Z [36;1m# Idempotent on a persistent (self-hosted) runner: /opt/gcc-15.3 survives between jobs, so a[0m
2026-07-20T11:14:44.9727036Z [36;1m# re-provision (download + `sudo tar -C /opt`) is pure waste AND needs sudo — which prompts[0m
2026-07-20T11:14:44.9727855Z [36;1m# for a password on a self-hosted box (the runner user is not in passwordless sudoers). Skip[0m
2026-07-20T11:14:44.9728706Z [36;1m# when the compiler is already present at the required version; the first provision installs.[0m
2026-07-20T11:14:44.9729162Z [36;1mif [ -x /opt/gcc-15.3/bin/g++ ]; then[0m
2026-07-20T11:14:44.9729569Z [36;1m  have=$(/opt/gcc-15.3/bin/g++ -dumpversion 2>/dev/null || echo 0)[0m
2026-07-20T11:14:44.9730035Z [36;1m  case "$have" in[0m
2026-07-20T11:14:44.9730374Z [36;1m    15.3*|15.[4-9]*|1[6-9].*)[0m
2026-07-20T11:14:44.9730827Z [36;1m      echo "gcc $have already at /opt/gcc-15.3 — skipping provision (idempotent skip)"; exit 0 ;;[0m
2026-07-20T11:14:44.9731865Z [36;1m  esac[0m
2026-07-20T11:14:44.9732132Z [36;1mfi[0m
2026-07-20T11:14:44.9732583Z [36;1mbase="https://github.com/${REPO}/releases/download/${TAG}"[0m
2026-07-20T11:14:44.9732955Z [36;1mcd "$RUNNER_TEMP"[0m
2026-07-20T11:14:44.9733394Z [36;1m# Retry the pull: the toolchain layer is ~450 MB and the CDN occasionally drops the[0m
2026-07-20T11:14:44.9734104Z [36;1m# connection mid-download. Wipe partials between attempts so the checksum can't pass[0m
2026-07-20T11:14:44.9734550Z [36;1m# on a truncated file.[0m
2026-07-20T11:14:44.9734942Z [36;1mpulled=""[0m
2026-07-20T11:14:44.9735473Z [36;1mfor attempt in 1 2 3; do[0m
2026-07-20T11:14:44.9735820Z [36;1m  rm -f "$ASSET" "$ASSET.sha256" 2>/dev/null || true[0m
2026-07-20T11:14:44.9736253Z [36;1m  if curl -fsSL -o "$ASSET" "${base}/${ASSET}" \[0m
2026-07-20T11:14:44.9736702Z [36;1m     && curl -fsSL -o "$ASSET.sha256" "${base}/${ASSET}.sha256"; then pulled=1; break; fi[0m
2026-07-20T11:14:44.9737244Z [36;1m  echo "::warning::toolchain download failed (attempt ${attempt}/3) — retrying after backoff"[0m
2026-07-20T11:14:44.9737698Z [36;1m  sleep $((attempt * 10))[0m
2026-07-20T11:14:44.9738022Z [36;1mdone[0m
2026-07-20T11:14:44.9738456Z [36;1m[ -n "$pulled" ] || { echo "::error::toolchain download failed after 3 attempts (network)"; exit 1; }[0m
2026-07-20T11:14:44.9738974Z [36;1m# Verify the published checksum before trusting the archive.[0m
2026-07-20T11:14:44.9739324Z [36;1msha256sum -c "$ASSET.sha256"[0m
2026-07-20T11:14:44.9739781Z [36;1mcommand -v zstd >/dev/null 2>&1 || sudo apt-get install -y zstd[0m
2026-07-20T11:14:44.9740197Z [36;1msudo tar -C /opt -I zstd -xf "$ASSET"[0m
2026-07-20T11:14:44.9740682Z [36;1m# Confirm the compiler is present and ≥15.3 (PR124309 fix).[0m
2026-07-20T11:14:44.9741169Z [36;1mv=$(/opt/gcc-15.3/bin/g++ -dumpversion)[0m
2026-07-20T11:14:44.9741543Z [36;1mecho "Provisioned gcc $v at /opt/gcc-15.3 (from ${REPO}@${TAG})"[0m
2026-07-20T11:14:44.9742172Z [36;1mcase "$v" in 15.3*|15.[4-9]*|1[6-9].*) ;; *) echo "::error::/opt/gcc-15.3 reports $v (<15.3 — PR124309 not fixed)"; exit 1 ;; esac[0m
2026-07-20T11:14:44.9778482Z shell: /usr/bin/bash --noprofile --norc -e -o pipefail {0}
2026-07-20T11:14:44.9778861Z env:
2026-07-20T11:14:44.9779266Z   REPO: CodeRoasted/malf-toolchain
2026-07-20T11:14:44.9779600Z   TAG: gcc-15.3.0
2026-07-20T11:14:44.9779908Z   ASSET: 
2026-07-20T11:14:44.9780215Z ##[endgroup]
2026-07-20T11:14:44.9876068Z setup-gcc153: ISA x86_64 → asset gcc-15.3-noble-x64.tar.zst
2026-07-20T11:14:44.9895478Z gcc 15.3.0 already at /opt/gcc-15.3 — skipping provision (idempotent skip)
2026-07-20T11:14:45.0007394Z ##[group]Run CodeRoasted/malf-toolchain/.github/actions/setup-build-env@main
2026-07-20T11:14:45.0008840Z with:
2026-07-20T11:14:45.0010295Z   profile: linux-gcc15-release
2026-07-20T11:14:45.0012491Z   conan-version: 2.28.1
2026-07-20T11:14:45.0014841Z ##[endgroup]
2026-07-20T11:14:45.0043001Z ##[group]Run set -euo pipefail
2026-07-20T11:14:45.0043432Z [36;1mset -euo pipefail[0m
2026-07-20T11:14:45.0043877Z [36;1m# CONAN_HOME owned here (single definition) — visible to every later step as $CONAN_HOME.[0m
2026-07-20T11:14:45.0044541Z [36;1mecho "CONAN_HOME=$GITHUB_WORKSPACE/.conan2" >> "$GITHUB_ENV"[0m
2026-07-20T11:14:45.0045259Z [36;1m# Idempotent on a persistent (self-hosted) runner: apt state survives between jobs, so the[0m
2026-07-20T11:14:45.0045825Z [36;1m# apt/pip provision is pure waste AND needs sudo → a password prompt on a self-hosted box.[0m
2026-07-20T11:14:45.0046379Z [36;1m# Install only what's actually missing; on a hosted (ephemeral) runner everything is missing[0m
2026-07-20T11:14:45.0046850Z [36;1m# so the full provision still runs.[0m
2026-07-20T11:14:45.0047221Z [36;1mneed_apt=0[0m
2026-07-20T11:14:45.0047605Z [36;1mfor pkg in ninja-build python3-pip build-essential $EXTRA_APT; do[0m
2026-07-20T11:14:45.0048007Z [36;1m  dpkg -s "$pkg" >/dev/null 2>&1 || { need_apt=1; break; }[0m
2026-07-20T11:14:45.0048406Z [36;1mdone[0m
2026-07-20T11:14:45.0048705Z [36;1mif [ "$need_apt" = 1 ]; then[0m
2026-07-20T11:14:45.0049126Z [36;1m  sudo apt-get update[0m
2026-07-20T11:14:45.0049570Z [36;1m  sudo apt-get install -y ninja-build python3-pip build-essential $EXTRA_APT[0m
2026-07-20T11:14:45.0049957Z [36;1melse[0m
2026-07-20T11:14:45.0050403Z [36;1m  echo "apt base (+ extra: '${EXTRA_APT:-none}') already present — skipping apt (idempotent skip)"[0m
2026-07-20T11:14:45.0050844Z [36;1mfi[0m
2026-07-20T11:14:45.0051600Z [36;1m# Pin the dev-validated CMake 4.3.x workspace-wide (dev/CI parity). Repos that arm[0m
2026-07-20T11:14:45.0052471Z [36;1m# `import std` need CXX_MODULE_STD (experimental UUID 451f2fe2 — present only in CMake[0m
2026-07-20T11:14:45.0053001Z [36;1m# 4.3.x); Ubuntu Noble ships 3.28 without that gate. Install only if not already 4.3.x[0m
2026-07-20T11:14:45.0053561Z [36;1m# (the pip install needs sudo → skip it when the pin is already satisfied).[0m
2026-07-20T11:14:45.0054008Z [36;1mcase "$(cmake --version 2>/dev/null | head -1)" in[0m
2026-07-20T11:14:45.0054595Z [36;1m  *" 4.3."*) ;;[0m
2026-07-20T11:14:45.0055172Z [36;1m  *) sudo python3 -m pip install --break-system-packages "cmake==4.3.1"; hash -r ;;[0m
2026-07-20T11:14:45.0055586Z [36;1mesac[0m
2026-07-20T11:14:45.0055928Z [36;1mcase "$(cmake --version | head -1)" in[0m
2026-07-20T11:14:45.0056288Z [36;1m  *" 4.3."*) cmake --version ;;[0m
2026-07-20T11:14:45.0056737Z [36;1m  *) echo "::error::expected CMake 4.3.x (got: $(cmake --version | head -1))"; exit 1 ;;[0m
2026-07-20T11:14:45.0057171Z [36;1mesac[0m
2026-07-20T11:14:45.0088662Z shell: /usr/bin/bash --noprofile --norc -e -o pipefail {0}
2026-07-20T11:14:45.0089161Z env:
2026-07-20T11:14:45.0089402Z   EXTRA_APT: 
2026-07-20T11:14:45.0089771Z ##[endgroup]
2026-07-20T11:14:45.0468614Z apt base (+ extra: 'none') already present — skipping apt (idempotent skip)
2026-07-20T11:14:45.3807764Z cmake version 4.3.1
2026-07-20T11:14:45.3811035Z 
2026-07-20T11:14:45.3812030Z CMake suite maintained and supported by Kitware (kitware.com/cmake).
2026-07-20T11:14:45.3920341Z ##[group]Run conan-io/setup-conan@v1
2026-07-20T11:14:45.3920741Z with:
2026-07-20T11:14:45.3921020Z   version: 2.28.1
2026-07-20T11:14:45.3921399Z   home: /home/runner/work/logcraft/logcraft/.conan2
2026-07-20T11:14:45.3922094Z   cache_packages: false
2026-07-20T11:14:45.3922466Z   profile_detect: false
2026-07-20T11:14:45.3922763Z   python_version: 3.10
2026-07-20T11:14:45.3923127Z   use_venv: false
2026-07-20T11:14:45.3923417Z env:
2026-07-20T11:14:45.3923800Z   CONAN_HOME: /home/runner/work/logcraft/logcraft/.conan2
2026-07-20T11:14:45.3924225Z ##[endgroup]
2026-07-20T11:14:45.3966896Z ##[group]Run if [ -n "2.28.1" ]; then
2026-07-20T11:14:45.3967309Z [36;1mif [ -n "2.28.1" ]; then[0m
2026-07-20T11:14:45.3967610Z [36;1m  conan_version="2.28.1"[0m
2026-07-20T11:14:45.3967909Z [36;1m  if [[ "$conan_version" == 1.* ]]; then[0m
2026-07-20T11:14:45.3968398Z [36;1m    echo "ERROR: Conan 1.x is not supported. Please use Conan 2.x"[0m
2026-07-20T11:14:45.3968775Z [36;1m    exit 1[0m
2026-07-20T11:14:45.3969064Z [36;1m  fi[0m
2026-07-20T11:14:45.3969375Z [36;1mfi[0m
2026-07-20T11:14:45.4001049Z shell: /usr/bin/bash --noprofile --norc -e -o pipefail {0}
2026-07-20T11:14:45.4001423Z env:
2026-07-20T11:14:45.4002098Z   CONAN_HOME: /home/runner/work/logcraft/logcraft/.conan2
2026-07-20T11:14:45.4002496Z ##[endgroup]
2026-07-20T11:14:45.4092238Z ##[group]Run echo "CONAN_HOME=/home/runner/work/logcraft/logcraft/.conan2" >> $GITHUB_ENV
2026-07-20T11:14:45.4093135Z [36;1mecho "CONAN_HOME=/home/runner/work/logcraft/logcraft/.conan2" >> $GITHUB_ENV[0m
2026-07-20T11:14:45.4119855Z shell: /usr/bin/bash --noprofile --norc -e -o pipefail {0}
2026-07-20T11:14:45.4120217Z env:
2026-07-20T11:14:45.4120628Z   CONAN_HOME: /home/runner/work/logcraft/logcraft/.conan2
2026-07-20T11:14:45.4121036Z ##[endgroup]
2026-07-20T11:14:45.4218395Z ##[group]Run PYTHON_CMD=${VENV_PYTHON:-python}
2026-07-20T11:14:45.4218859Z [36;1mPYTHON_CMD=${VENV_PYTHON:-python}[0m
2026-07-20T11:14:45.4219218Z [36;1m$PYTHON_CMD -m pip install --upgrade pip[0m
2026-07-20T11:14:45.4219716Z [36;1mif [ -n "2.28.1" ]; then[0m
2026-07-20T11:14:45.4220064Z [36;1m  $PYTHON_CMD -m pip install conan==2.28.1[0m
2026-07-20T11:14:45.4220407Z [36;1melse[0m
2026-07-20T11:14:45.4220763Z [36;1m  $PYTHON_CMD -m pip install conan[0m
2026-07-20T11:14:45.4221072Z [36;1mfi[0m
2026-07-20T11:14:45.4221423Z [36;1mecho "conan-version=$(conan --version | cut -d' ' -f3)" >> $GITHUB_OUTPUT[0m
2026-07-20T11:14:45.4249201Z shell: /usr/bin/bash --noprofile --norc -e -o pipefail {0}
2026-07-20T11:14:45.4249665Z env:
2026-07-20T11:14:45.4250144Z   CONAN_HOME: /home/runner/work/logcraft/logcraft/.conan2
2026-07-20T11:14:45.4250584Z ##[endgroup]
2026-07-20T11:14:45.6972781Z Requirement already satisfied: pip in /home/runner/venvs/common/lib/python3.12/site-packages (26.1.2)
2026-07-20T11:14:46.1562345Z Requirement already satisfied: conan==2.28.1 in /home/runner/venvs/common/lib/python3.12/site-packages (2.28.1)
2026-07-20T11:14:46.1569420Z Requirement already satisfied: requests<3.0.0,>=2.25 in /home/runner/venvs/common/lib/python3.12/site-packages (from conan==2.28.1) (2.33.1)
2026-07-20T11:14:46.1572671Z Requirement already satisfied: urllib3<3.0,>=1.26.6 in /home/runner/venvs/common/lib/python3.12/site-packages (from conan==2.28.1) (2.6.3)
2026-07-20T11:14:46.1576452Z Requirement already satisfied: colorama<0.5.0,>=0.4.3 in /home/runner/venvs/common/lib/python3.12/site-packages (from conan==2.28.1) (0.4.6)
2026-07-20T11:14:46.1580147Z Requirement already satisfied: PyYAML<7.0,>=6.0 in /home/runner/venvs/common/lib/python3.12/site-packages (from conan==2.28.1) (6.0.3)
2026-07-20T11:14:46.1583189Z Requirement already satisfied: patch-ng<1.20,>=1.18.0 in /home/runner/venvs/common/lib/python3.12/site-packages (from conan==2.28.1) (1.18.1)
2026-07-20T11:14:46.1586173Z Requirement already satisfied: fasteners>=0.15 in /home/runner/venvs/common/lib/python3.12/site-packages (from conan==2.28.1) (0.20)
2026-07-20T11:14:46.1589416Z Requirement already satisfied: Jinja2<4.0.0,>=3.0 in /home/runner/venvs/common/lib/python3.12/site-packages (from conan==2.28.1) (3.1.6)
2026-07-20T11:14:46.1592698Z Requirement already satisfied: python-dateutil<3,>=2.8.0 in /home/runner/venvs/common/lib/python3.12/site-packages (from conan==2.28.1) (2.9.0.post0)
2026-07-20T11:14:46.1598351Z Requirement already satisfied: distro<2.0.0,>=1.4.0 in /home/runner/venvs/common/lib/python3.12/site-packages (from conan==2.28.1) (1.9.0)
2026-07-20T11:14:46.1640554Z Requirement already satisfied: MarkupSafe>=2.0 in /home/runner/venvs/common/lib/python3.12/site-packages (from Jinja2<4.0.0,>=3.0->conan==2.28.1) (3.0.3)
2026-07-20T11:14:46.1649737Z Requirement already satisfied: six>=1.5 in /home/runner/venvs/common/lib/python3.12/site-packages (from python-dateutil<3,>=2.8.0->conan==2.28.1) (1.17.0)
2026-07-20T11:14:46.1659218Z Requirement already satisfied: charset_normalizer<4,>=2 in /home/runner/venvs/common/lib/python3.12/site-packages (from requests<3.0.0,>=2.25->conan==2.28.1) (3.4.7)
2026-07-20T11:14:46.1663700Z Requirement already satisfied: idna<4,>=2.5 in /home/runner/venvs/common/lib/python3.12/site-packages (from requests<3.0.0,>=2.25->conan==2.28.1) (3.11)
2026-07-20T11:14:46.1667536Z Requirement already satisfied: certifi>=2023.5.7 in /home/runner/venvs/common/lib/python3.12/site-packages (from requests<3.0.0,>=2.25->conan==2.28.1) (2026.2.25)
2026-07-20T11:14:46.4905076Z ##[group]Run echo "conan-home=$(conan config home)" >> $GITHUB_OUTPUT
2026-07-20T11:14:46.4905516Z [36;1mecho "conan-home=$(conan config home)" >> $GITHUB_OUTPUT[0m
2026-07-20T11:14:46.4943340Z shell: /usr/bin/bash --noprofile --norc -e -o pipefail {0}
2026-07-20T11:14:46.4943721Z env:
2026-07-20T11:14:46.4944248Z   CONAN_HOME: /home/runner/work/logcraft/logcraft/.conan2
2026-07-20T11:14:46.4944669Z ##[endgroup]
2026-07-20T11:14:46.7193703Z ##[group]Run set -euo pipefail
2026-07-20T11:14:46.7194098Z [36;1mset -euo pipefail[0m
2026-07-20T11:14:46.7194563Z [36;1m# The profile + global.conf live ONCE in this toolchain repo (no per-repo vendored copy).[0m
2026-07-20T11:14:46.7195137Z [36;1m# Stage both into the workspace under .malf-toolchain/ so the cache key below hashes them[0m
2026-07-20T11:14:46.7195705Z [36;1m# (hashFiles is workspace-relative); they are installed into $CONAN_HOME in the step after[0m
2026-07-20T11:14:46.7196333Z [36;1m# cache. global.conf carries the package_id policy — hashing it means a policy change (e.g.[0m
2026-07-20T11:14:46.7197130Z [36;1m# a package_id mode) BUSTS the binary cache (its package_ids are recomputed anyway), and the[0m
2026-07-20T11:14:46.7197650Z [36;1m# post-cache install below OVERWRITES a stale cached copy. Without this a PERSISTENT/restored[0m
2026-07-20T11:14:46.7198573Z [36;1m# conan home shadows the policy forever (the stale-binary ABI-skew segfault, bugs.md 2026-07-10).[0m
2026-07-20T11:14:46.7199144Z [36;1mmkdir -p "$GITHUB_WORKSPACE/.malf-toolchain"[0m
2026-07-20T11:14:46.7199673Z [36;1mcp "$ACTION_PATH/../../../profiles/$PROFILE" "$GITHUB_WORKSPACE/.malf-toolchain/$PROFILE"[0m
2026-07-20T11:14:46.7200241Z [36;1mcp "$ACTION_PATH/../../../global.conf" "$GITHUB_WORKSPACE/.malf-toolchain/global.conf"[0m
2026-07-20T11:14:46.7232810Z shell: /usr/bin/bash --noprofile --norc -e -o pipefail {0}
2026-07-20T11:14:46.7233350Z env:
2026-07-20T11:14:46.7233861Z   CONAN_HOME: /home/runner/work/logcraft/logcraft/.conan2
2026-07-20T11:14:46.7234288Z   PROFILE: linux-gcc15-release
2026-07-20T11:14:46.7234802Z   ACTION_PATH: /home/runner/work/_actions/CodeRoasted/malf-toolchain/main/.github/actions/setup-build-env
2026-07-20T11:14:46.7235349Z ##[endgroup]
2026-07-20T11:14:46.9659870Z ##[group]Run actions/cache@v5
2026-07-20T11:14:46.9660174Z with:
2026-07-20T11:14:46.9660522Z   path: /home/runner/work/logcraft/logcraft/.conan2
2026-07-20T11:14:46.9661095Z   key: conan-gcc153-Linux-eb18a10a4bb1a8155d90d4f5d2dc9297417093bbf06906b105a2726c9479797f
2026-07-20T11:14:46.9661545Z   restore-keys: conan-gcc153-Linux-

2026-07-20T11:14:46.9661906Z   enableCrossOsArchive: false
2026-07-20T11:14:46.9662224Z   fail-on-cache-miss: false
2026-07-20T11:14:46.9662587Z   lookup-only: false
2026-07-20T11:14:46.9662914Z   save-always: false
2026-07-20T11:14:46.9663176Z env:
2026-07-20T11:14:46.9663522Z   CONAN_HOME: /home/runner/work/logcraft/logcraft/.conan2
2026-07-20T11:14:46.9663976Z ##[endgroup]
2026-07-20T11:14:47.4817288Z Cache hit for restore-key: conan-gcc153-Linux-917cf3919724f80ae706f68b2a43634c05716645a69799fdc143e115ff4c3ec8
2026-07-20T11:14:49.0148768Z Received 0 of 524373486 (0.0%), 0.0 MBs/sec
2026-07-20T11:14:50.0146058Z Received 0 of 524373486 (0.0%), 0.0 MBs/sec
2026-07-20T11:14:51.0147356Z Received 0 of 524373486 (0.0%), 0.0 MBs/sec
2026-07-20T11:14:52.0149024Z Received 8388608 of 524373486 (1.6%), 2.0 MBs/sec
2026-07-20T11:14:53.0146536Z Received 8388608 of 524373486 (1.6%), 1.6 MBs/sec
2026-07-20T11:14:54.0154232Z Received 29360128 of 524373486 (5.6%), 4.7 MBs/sec
2026-07-20T11:14:55.0164214Z Received 37748736 of 524373486 (7.2%), 5.1 MBs/sec
2026-07-20T11:14:56.0177167Z Received 41943040 of 524373486 (8.0%), 5.0 MBs/sec
2026-07-20T11:14:57.0170493Z Received 46137344 of 524373486 (8.8%), 4.9 MBs/sec
2026-07-20T11:14:58.0162614Z Received 67108864 of 524373486 (12.8%), 6.4 MBs/sec
2026-07-20T11:14:59.0173192Z Received 67108864 of 524373486 (12.8%), 5.8 MBs/sec
2026-07-20T11:15:00.0182902Z Received 75497472 of 524373486 (14.4%), 6.0 MBs/sec
2026-07-20T11:15:01.0188514Z Received 79691776 of 524373486 (15.2%), 5.8 MBs/sec
2026-07-20T11:15:02.0187755Z Received 96468992 of 524373486 (18.4%), 6.6 MBs/sec
2026-07-20T11:15:03.0194091Z Received 100663296 of 524373486 (19.2%), 6.4 MBs/sec
2026-07-20T11:15:04.0193593Z Received 109051904 of 524373486 (20.8%), 6.5 MBs/sec
2026-07-20T11:15:05.0197171Z Received 121634816 of 524373486 (23.2%), 6.8 MBs/sec
2026-07-20T11:15:05.0865174Z Received 134217728 of 524373486 (25.6%), 7.5 MBs/sec
2026-07-20T11:15:06.0873718Z Received 134217728 of 524373486 (25.6%), 7.1 MBs/sec
2026-07-20T11:15:07.0874979Z Received 138412032 of 524373486 (26.4%), 6.9 MBs/sec
2026-07-20T11:15:08.0876515Z Received 142606336 of 524373486 (27.2%), 6.8 MBs/sec
2026-07-20T11:15:09.0885794Z Received 150994944 of 524373486 (28.8%), 6.8 MBs/sec
2026-07-20T11:15:10.0894959Z Received 159383552 of 524373486 (30.4%), 6.9 MBs/sec
2026-07-20T11:15:11.0895602Z Received 171966464 of 524373486 (32.8%), 7.1 MBs/sec
2026-07-20T11:15:12.0903586Z Received 176160768 of 524373486 (33.6%), 7.0 MBs/sec
2026-07-20T11:15:13.0906542Z Received 184549376 of 524373486 (35.2%), 7.0 MBs/sec
2026-07-20T11:15:14.0910968Z Received 192937984 of 524373486 (36.8%), 7.1 MBs/sec
2026-07-20T11:15:15.0913295Z Received 201326592 of 524373486 (38.4%), 7.1 MBs/sec
2026-07-20T11:15:16.0915192Z Received 209715200 of 524373486 (40.0%), 7.1 MBs/sec
2026-07-20T11:15:17.0915489Z Received 222298112 of 524373486 (42.4%), 7.3 MBs/sec
2026-07-20T11:15:18.0917496Z Received 222298112 of 524373486 (42.4%), 7.0 MBs/sec
2026-07-20T11:15:19.0919869Z Received 239075328 of 524373486 (45.6%), 7.3 MBs/sec
2026-07-20T11:15:20.0915458Z Received 239075328 of 524373486 (45.6%), 7.1 MBs/sec
2026-07-20T11:15:21.0914725Z Received 247463936 of 524373486 (47.2%), 7.1 MBs/sec
2026-07-20T11:15:22.0917670Z Received 264241152 of 524373486 (50.4%), 7.4 MBs/sec
2026-07-20T11:15:23.0915305Z Received 268435456 of 524373486 (51.2%), 7.3 MBs/sec
2026-07-20T11:15:24.0920970Z Received 268435456 of 524373486 (51.2%), 7.1 MBs/sec
2026-07-20T11:15:25.0920191Z Received 276824064 of 524373486 (52.8%), 7.1 MBs/sec
2026-07-20T11:15:26.0924152Z Received 276824064 of 524373486 (52.8%), 6.9 MBs/sec
2026-07-20T11:15:27.0927340Z Received 285212672 of 524373486 (54.4%), 7.0 MBs/sec
2026-07-20T11:15:28.0925369Z Received 297795584 of 524373486 (56.8%), 7.1 MBs/sec
2026-07-20T11:15:29.0928565Z Received 310378496 of 524373486 (59.2%), 7.2 MBs/sec
2026-07-20T11:15:30.0929272Z Received 314572800 of 524373486 (60.0%), 7.1 MBs/sec
2026-07-20T11:15:31.0924451Z Received 318767104 of 524373486 (60.8%), 7.1 MBs/sec
2026-07-20T11:15:32.0925367Z Received 327155712 of 524373486 (62.4%), 7.1 MBs/sec
2026-07-20T11:15:33.0930542Z Received 335544320 of 524373486 (64.0%), 7.1 MBs/sec
2026-07-20T11:15:34.0930778Z Received 343932928 of 524373486 (65.6%), 7.1 MBs/sec
2026-07-20T11:15:35.0935376Z Received 356515840 of 524373486 (68.0%), 7.2 MBs/sec
2026-07-20T11:15:36.0945557Z Received 356515840 of 524373486 (68.0%), 7.1 MBs/sec
2026-07-20T11:15:36.1939697Z Received 364904448 of 524373486 (69.6%), 7.2 MBs/sec
2026-07-20T11:15:37.1939332Z Received 373293056 of 524373486 (71.2%), 7.2 MBs/sec
2026-07-20T11:15:38.1947889Z Received 381681664 of 524373486 (72.8%), 7.3 MBs/sec
2026-07-20T11:15:39.1949306Z Received 394264576 of 524373486 (75.2%), 7.3 MBs/sec
2026-07-20T11:15:40.1948881Z Received 402653184 of 524373486 (76.8%), 7.4 MBs/sec
2026-07-20T11:15:41.1958872Z Received 402653184 of 524373486 (76.8%), 7.2 MBs/sec
2026-07-20T11:15:42.1958533Z Received 406847488 of 524373486 (77.6%), 7.2 MBs/sec
2026-07-20T11:15:43.1958510Z Received 411041792 of 524373486 (78.4%), 7.1 MBs/sec
2026-07-20T11:15:44.1969652Z Received 423624704 of 524373486 (80.8%), 7.2 MBs/sec
2026-07-20T11:15:45.1972433Z Received 432013312 of 524373486 (82.4%), 7.2 MBs/sec
2026-07-20T11:15:46.1968885Z Received 432013312 of 524373486 (82.4%), 7.1 MBs/sec
2026-07-20T11:15:47.1976270Z Received 448790528 of 524373486 (85.6%), 7.2 MBs/sec
2026-07-20T11:15:48.1977134Z Received 448790528 of 524373486 (85.6%), 7.1 MBs/sec
2026-07-20T11:15:49.1981639Z Received 457179136 of 524373486 (87.2%), 7.1 MBs/sec
2026-07-20T11:15:50.1989804Z Received 465567744 of 524373486 (88.8%), 7.1 MBs/sec
2026-07-20T11:15:51.1991246Z Received 482344960 of 524373486 (92.0%), 7.3 MBs/sec
2026-07-20T11:15:52.1994691Z Received 486539264 of 524373486 (92.8%), 7.2 MBs/sec
2026-07-20T11:15:53.1993023Z Received 486539264 of 524373486 (92.8%), 7.1 MBs/sec
2026-07-20T11:15:54.1988551Z Received 490733568 of 524373486 (93.6%), 7.1 MBs/sec
2026-07-20T11:15:55.1991073Z Received 494927872 of 524373486 (94.4%), 7.0 MBs/sec
2026-07-20T11:15:56.1990507Z Received 507596270 of 524373486 (96.8%), 7.1 MBs/sec
2026-07-20T11:15:56.7499954Z Received 524373486 of 524373486 (100.0%), 7.3 MBs/sec
2026-07-20T11:15:56.7501540Z Cache Size: ~500 MB (524373486 B)
2026-07-20T11:15:56.7775225Z [command]/usr/bin/tar -xf /home/runner/work/_temp/d76fe082-6f70-48d5-921c-dba0fd86251f/cache.tzst -P -C /home/runner/work/logcraft/logcraft --use-compress-program unzstd
2026-07-20T11:16:06.1596980Z Cache restored successfully
2026-07-20T11:16:06.3067148Z Cache restored from key: conan-gcc153-Linux-917cf3919724f80ae706f68b2a43634c05716645a69799fdc143e115ff4c3ec8
2026-07-20T11:16:06.3569777Z ##[group]Run set -euo pipefail
2026-07-20T11:16:06.3570172Z [36;1mset -euo pipefail[0m
2026-07-20T11:16:06.3570373Z [36;1mmkdir -p "$CONAN_HOME/profiles"[0m
2026-07-20T11:16:06.3570682Z [36;1mcp "$GITHUB_WORKSPACE/.malf-toolchain/$PROFILE" "$CONAN_HOME/profiles/$PROFILE"[0m
2026-07-20T11:16:06.3571419Z [36;1m# OVERWRITE global.conf from the source of truth — a cache-restored home may carry a stale[0m
2026-07-20T11:16:06.3571887Z [36;1m# copy (seeded before the current policy). This is the CI counterpart of the malf script's[0m
2026-07-20T11:16:06.3572282Z [36;1m# _malf_sync_global_conf; the package_id policy must always match the in-tree global.conf.[0m
2026-07-20T11:16:06.3572667Z [36;1mcp "$GITHUB_WORKSPACE/.malf-toolchain/global.conf" "$CONAN_HOME/global.conf"[0m
2026-07-20T11:16:06.3604429Z shell: /usr/bin/bash --noprofile --norc -e -o pipefail {0}
2026-07-20T11:16:06.3604659Z env:
2026-07-20T11:16:06.3604878Z   CONAN_HOME: /home/runner/work/logcraft/logcraft/.conan2
2026-07-20T11:16:06.3605159Z   PROFILE: linux-gcc15-release
2026-07-20T11:16:06.3605328Z ##[endgroup]
2026-07-20T11:16:06.3750820Z ##[group]Run CodeRoasted/malf-toolchain/.github/actions/coderoast-vendor@main
2026-07-20T11:16:06.3751245Z with:
2026-07-20T11:16:06.3752019Z   vendor: coderoast_ipc_core      1.8.2 CodeRoasted/coderoast-ipc public
coderoast_ipc_producer  1.8.2 CodeRoasted/coderoast-ipc public
coderoast_ipc_consumer  1.8.2 CodeRoasted/coderoast-ipc public
insight_canon           1.8.2 CodeRoasted/insight-canon public
insight_semantic_github 1.8.2 CodeRoasted/insight-canon public

2026-07-20T11:16:06.3754567Z   github-token: ***
2026-07-20T11:16:06.3754730Z env:
2026-07-20T11:16:06.3754949Z   CONAN_HOME: /home/runner/work/logcraft/logcraft/.conan2
2026-07-20T11:16:06.3755225Z ##[endgroup]
2026-07-20T11:16:06.3770763Z ##[group]Run set -euo pipefail
2026-07-20T11:16:06.3770975Z [36;1mset -euo pipefail[0m
2026-07-20T11:16:06.3771268Z [36;1m# Restore each declared cross-repo dep from its GitHub Release, choosing the token by declared[0m
2026-07-20T11:16:06.3771680Z [36;1m# visibility (public -> GITHUB_TOKEN; private -> CR_RELEASE_TOKEN). The fetch script is[0m
2026-07-20T11:16:06.3772050Z [36;1m# single-sourced with this action (no per-repo copy) and is itself idempotent.[0m
2026-07-20T11:16:06.3772321Z [36;1mwhile IFS= read -r row; do[0m
2026-07-20T11:16:06.3772741Z [36;1m  row="${row%%#*}"                                 # strip trailing comments[0m
2026-07-20T11:16:06.3773070Z [36;1m  # shellcheck disable=SC2086                       # intentional word-split of the manifest row[0m
2026-07-20T11:16:06.3773338Z [36;1m  set -- $row[0m
2026-07-20T11:16:06.3773563Z [36;1m  [ "$#" -ge 1 ] || continue                       # skip blank / comment-only lines[0m
2026-07-20T11:16:06.3773798Z [36;1m  if [ "$#" -lt 4 ]; then[0m
2026-07-20T11:16:06.3774082Z [36;1m    echo "::error::vendor row needs >=4 fields '<pkg> <ver> <owner/repo> <public|private> [tag]', got: $row"[0m
2026-07-20T11:16:06.3774559Z [36;1m    exit 1[0m
2026-07-20T11:16:06.3774726Z [36;1m  fi[0m
2026-07-20T11:16:06.3774907Z [36;1m  pkg="$1"; ver="$2"; repo="$3"; vis="$4"; tag="${5:-}"[0m
2026-07-20T11:16:06.3775121Z [36;1m  case "$vis" in[0m
2026-07-20T11:16:06.3775289Z [36;1m    public)  tok="$GH_PUBLIC_TOKEN" ;;[0m
2026-07-20T11:16:06.3775586Z [36;1m    private) tok="$GH_RELEASE_TOKEN" ;;[0m
2026-07-20T11:16:06.3775946Z [36;1m    *) echo "::error::vendor row '$pkg' has bad visibility '$vis' (want public|private)"; exit 1 ;;[0m
2026-07-20T11:16:06.3776246Z [36;1m  esac[0m
2026-07-20T11:16:06.3776395Z [36;1m  if [ -z "$tok" ]; then[0m
2026-07-20T11:16:06.3776917Z [36;1m    echo "::error::vendor row '$pkg' is '$vis' but coderoast-vendor got no ${vis}-token"; exit 1[0m
2026-07-20T11:16:06.3777201Z [36;1m  fi[0m
2026-07-20T11:16:06.3777406Z [36;1m  echo "coderoast-vendor: vendoring $pkg/$ver from $repo ($vis)"[0m
2026-07-20T11:16:06.3777711Z [36;1m  GH_TOKEN="$tok" bash "$CIFETCH" "$pkg" "$ver" "$repo" ${tag:+"$tag"}[0m
2026-07-20T11:16:06.3777943Z [36;1mdone <<< "$VENDOR"[0m
2026-07-20T11:16:06.3808878Z shell: /usr/bin/bash --noprofile --norc -e -o pipefail {0}
2026-07-20T11:16:06.3809109Z env:
2026-07-20T11:16:06.3809330Z   CONAN_HOME: /home/runner/work/logcraft/logcraft/.conan2
2026-07-20T11:16:06.3810332Z   VENDOR: coderoast_ipc_core      1.8.2 CodeRoasted/coderoast-ipc public
coderoast_ipc_producer  1.8.2 CodeRoasted/coderoast-ipc public
coderoast_ipc_consumer  1.8.2 CodeRoasted/coderoast-ipc public
insight_canon           1.8.2 CodeRoasted/insight-canon public
insight_semantic_github 1.8.2 CodeRoasted/insight-canon public

2026-07-20T11:16:06.3813787Z   GH_PUBLIC_TOKEN: ***
2026-07-20T11:16:06.3814025Z   GH_RELEASE_TOKEN: 
2026-07-20T11:16:06.3814434Z   CIFETCH: /home/runner/work/_actions/CodeRoasted/malf-toolchain/main/.github/actions/coderoast-vendor/ci_fetch_conan_package.sh
2026-07-20T11:16:06.3814866Z ##[endgroup]
2026-07-20T11:16:06.3900220Z coderoast-vendor: vendoring coderoast_ipc_core/1.8.2 from CodeRoasted/coderoast-ipc (public)
2026-07-20T11:16:06.6061625Z ci_fetch_conan_package: downloading coderoast_ipc_core-1.8.2.tgz from CodeRoasted/coderoast-ipc@v1.8.2
2026-07-20T11:16:07.4169273Z ci_fetch_conan_package: restoring /tmp/ci_fetch_conan_package.0D02f2/coderoast_ipc_core-1.8.2.tgz into CONAN_HOME=/home/runner/work/logcraft/logcraft/.conan2
2026-07-20T11:16:07.6422018Z Restore: coderoast_ipc_core/1.8.2 in coder6b508264688b6
2026-07-20T11:16:07.6478842Z Restore: coderoast_ipc_core/1.8.2:976572dde09ae4802a96a09ed547708e031572ad in b/coderc199560bd591b/p
2026-07-20T11:16:07.6479366Z Restore: coderoast_ipc_core/1.8.2:976572dde09ae4802a96a09ed547708e031572ad metadata in b/coderc199560bd591b/d/metadata
2026-07-20T11:16:07.6822178Z ci_fetch_conan_package: coderoast_ipc_core/1.8.2 vendored OK
2026-07-20T11:16:07.6842205Z coderoast-vendor: vendoring coderoast_ipc_producer/1.8.2 from CodeRoasted/coderoast-ipc (public)
2026-07-20T11:16:07.8937210Z ci_fetch_conan_package: downloading coderoast_ipc_producer-1.8.2.tgz from CodeRoasted/coderoast-ipc@v1.8.2
2026-07-20T11:16:07.8365801Z ci_fetch_conan_package: restoring /tmp/ci_fetch_conan_package.BeSM5g/coderoast_ipc_producer-1.8.2.tgz into CONAN_HOME=/home/runner/work/logcraft/logcraft/.conan2
2026-07-20T11:16:08.0473088Z Restore: coderoast_ipc_producer/1.8.2 in coder76df63e3dde06
2026-07-20T11:16:08.0525091Z Restore: coderoast_ipc_producer/1.8.2:2593c3ff75f0faaddfe446f6ca54a059865b1c3a in b/coder9dc92bf918b79/p
2026-07-20T11:16:08.0525659Z Restore: coderoast_ipc_producer/1.8.2:2593c3ff75f0faaddfe446f6ca54a059865b1c3a metadata in b/coder9dc92bf918b79/d/metadata
2026-07-20T11:16:08.0828498Z ci_fetch_conan_package: coderoast_ipc_producer/1.8.2 vendored OK
2026-07-20T11:16:08.0848149Z coderoast-vendor: vendoring coderoast_ipc_consumer/1.8.2 from CodeRoasted/coderoast-ipc (public)
2026-07-20T11:16:08.3026497Z ci_fetch_conan_package: downloading coderoast_ipc_consumer-1.8.2.tgz from CodeRoasted/coderoast-ipc@v1.8.2
2026-07-20T11:16:09.0808036Z ci_fetch_conan_package: restoring /tmp/ci_fetch_conan_package.lMPUxI/coderoast_ipc_consumer-1.8.2.tgz into CONAN_HOME=/home/runner/work/logcraft/logcraft/.conan2
2026-07-20T11:16:09.2940635Z Restore: coderoast_ipc_consumer/1.8.2 in coder4f23985c211d4
2026-07-20T11:16:09.2991970Z Restore: coderoast_ipc_consumer/1.8.2:2593c3ff75f0faaddfe446f6ca54a059865b1c3a in b/coderad1a7e616ba12/p
2026-07-20T11:16:09.2992515Z Restore: coderoast_ipc_consumer/1.8.2:2593c3ff75f0faaddfe446f6ca54a059865b1c3a metadata in b/coderad1a7e616ba12/d/metadata
2026-07-20T11:16:09.3322775Z ci_fetch_conan_package: coderoast_ipc_consumer/1.8.2 vendored OK
2026-07-20T11:16:09.3342697Z coderoast-vendor: vendoring insight_canon/1.8.2 from CodeRoasted/insight-canon (public)
2026-07-20T11:16:09.5602551Z ci_fetch_conan_package: downloading insight_canon-1.8.2.tgz from CodeRoasted/insight-canon@v1.8.2
2026-07-20T11:16:10.4443636Z ci_fetch_conan_package: restoring /tmp/ci_fetch_conan_package.ws0Wwa/insight_canon-1.8.2.tgz into CONAN_HOME=/home/runner/work/logcraft/logcraft/.conan2
2026-07-20T11:16:10.6990754Z Restore: insight_canon/1.8.2 in insig5c2574b7f7e71
2026-07-20T11:16:10.7043683Z Restore: insight_canon/1.8.2:b78615a5f087d90c3deb764e78f1e3407b351ad5 in b/insige6707020d271c/p
2026-07-20T11:16:10.7044202Z Restore: insight_canon/1.8.2:b78615a5f087d90c3deb764e78f1e3407b351ad5 metadata in b/insige6707020d271c/d/metadata
2026-07-20T11:16:10.7416016Z ci_fetch_conan_package: insight_canon/1.8.2 vendored OK
2026-07-20T11:16:10.7435091Z coderoast-vendor: vendoring insight_semantic_github/1.8.2 from CodeRoasted/insight-canon (public)
2026-07-20T11:16:10.9551587Z ci_fetch_conan_package: downloading insight_semantic_github-1.8.2.tgz from CodeRoasted/insight-canon@v1.8.2
2026-07-20T11:16:11.7358480Z ci_fetch_conan_package: restoring /tmp/ci_fetch_conan_package.e8Tt3U/insight_semantic_github-1.8.2.tgz into CONAN_HOME=/home/runner/work/logcraft/logcraft/.conan2
2026-07-20T11:16:11.9474304Z Restore: insight_semantic_github/1.8.2 in insigfb54c7ff3c44a
2026-07-20T11:16:11.9535037Z Restore: insight_semantic_github/1.8.2:dd36a23ae70b24fa7f4e847ed8c9d0509583dd47 in b/insig334c42997aeda/p
2026-07-20T11:16:11.9535617Z Restore: insight_semantic_github/1.8.2:dd36a23ae70b24fa7f4e847ed8c9d0509583dd47 metadata in b/insig334c42997aeda/d/metadata
2026-07-20T11:16:11.9852538Z ci_fetch_conan_package: insight_semantic_github/1.8.2 vendored OK
2026-07-20T11:16:11.9891957Z ##[group]Run : > "$GITHUB_WORKSPACE/build.log"
2026-07-20T11:16:11.9892490Z [36;1m: > "$GITHUB_WORKSPACE/build.log"[0m
2026-07-20T11:16:11.9922652Z shell: /usr/bin/bash --noprofile --norc -e -o pipefail {0}
2026-07-20T11:16:11.9923142Z env:
2026-07-20T11:16:11.9923388Z   CONAN_HOME: /home/runner/work/logcraft/logcraft/.conan2
2026-07-20T11:16:11.9923655Z ##[endgroup]
2026-07-20T11:16:11.9993068Z ##[group]Run set -euo pipefail
2026-07-20T11:16:11.9993275Z [36;1mset -euo pipefail[0m
2026-07-20T11:16:11.9993576Z [36;1m# Build each declared module in order through the single-sourced per-module logic (shared with[0m
2026-07-20T11:16:11.9994021Z [36;1m# the conan-module action). A composite cannot loop a `uses:` step, so the loop calls the[0m
2026-07-20T11:16:12.0003611Z [36;1m# script directly; `set -e` aborts on the first failing module (which the script has already[0m
2026-07-20T11:16:12.0005145Z [36;1m# post-mortemed) exactly as separate steps would.[0m
2026-07-20T11:16:12.0005407Z [36;1mwhile IFS= read -r row; do[0m
2026-07-20T11:16:12.0005600Z [36;1m  row="${row%%#*}"[0m
2026-07-20T11:16:12.0005802Z [36;1m  # shellcheck disable=SC2086[0m
2026-07-20T11:16:12.0005987Z [36;1m  set -- $row[0m
2026-07-20T11:16:12.0006151Z [36;1m  [ "$#" -ge 1 ] || continue[0m
2026-07-20T11:16:12.0006368Z [36;1m  module="$1"; test="${2:-true}"; create="${3:-true}"[0m
2026-07-20T11:16:12.0006662Z [36;1m  shift $(( $# < 3 ? $# : 3 ))   # any remaining fields are extra cmake configure flags[0m
2026-07-20T11:16:12.0006920Z [36;1m  cmake_args="$*"[0m
2026-07-20T11:16:12.0007235Z [36;1m  echo "::group::coderoast-ci: module $module (test=$test create=$create${cmake_args:+ cmake:$cmake_args})"[0m
2026-07-20T11:16:12.0007636Z [36;1m  bash "$CONAN_MODULE" "$module" "$test" "$create" "$PROFILE_NAME" "$cmake_args"[0m
2026-07-20T11:16:12.0008103Z [36;1m  echo "::endgroup::"[0m
2026-07-20T11:16:12.0008669Z [36;1mdone <<< "$MODULES"[0m
2026-07-20T11:16:12.0035505Z shell: /usr/bin/bash --noprofile --norc -e -o pipefail {0}
2026-07-20T11:16:12.0035741Z env:
2026-07-20T11:16:12.0035975Z   CONAN_HOME: /home/runner/work/logcraft/logcraft/.conan2
2026-07-20T11:16:12.0036480Z   MODULES: core
2026-07-20T11:16:12.0036631Z   PROFILE_NAME: linux-gcc15-release
2026-07-20T11:16:12.0037052Z   CONAN_MODULE: /home/runner/work/_actions/CodeRoasted/malf-toolchain/main/.github/actions/coderoast-ci/../conan-module/conan_module.sh
2026-07-20T11:16:12.0037459Z ##[endgroup]
2026-07-20T11:16:12.0085815Z ##[group]coderoast-ci: module core (test=true create=true)
2026-07-20T11:16:12.2205279Z 
2026-07-20T11:16:12.2206087Z ======== Input profiles ========
2026-07-20T11:16:12.2210983Z Profile host:
2026-07-20T11:16:12.2211233Z [settings]
2026-07-20T11:16:12.2211464Z arch=x86_64
2026-07-20T11:16:12.2211602Z build_type=Release
2026-07-20T11:16:12.2211752Z compiler=gcc
2026-07-20T11:16:12.2211936Z compiler.cppstd=gnu23
2026-07-20T11:16:12.2212096Z compiler.libcxx=libstdc++11
2026-07-20T11:16:12.2212259Z compiler.version=15
2026-07-20T11:16:12.2212595Z os=Linux
2026-07-20T11:16:12.2212732Z [conf]
2026-07-20T11:16:12.2212915Z tools.build:cflags=['-O3', '-march=x86-64-v2']
2026-07-20T11:16:12.2213150Z tools.build:cxxflags=['-O3', '-march=x86-64-v2']
2026-07-20T11:16:12.2213436Z tools.build:exelinkflags=['-Wl,-rpath,/opt/gcc-15.3/lib64']
2026-07-20T11:16:12.2214438Z tools.build:sharedlinkflags=['-Wl,-rpath,/opt/gcc-15.3/lib64']
2026-07-20T11:16:12.2214719Z tools.cmake.cmakedeps:new=will_break_next
2026-07-20T11:16:12.2214989Z tools.info.package_id:confs=['tools.build:cflags', 'tools.build:cxxflags']
2026-07-20T11:16:12.2215446Z user.malf:editable_build_dir=build-gcc15-release
2026-07-20T11:16:12.2215686Z [buildenv]
2026-07-20T11:16:12.2215825Z CC=/opt/gcc-15.3/bin/gcc
2026-07-20T11:16:12.2215989Z CXX=/opt/gcc-15.3/bin/g++
2026-07-20T11:16:12.2216159Z LD_LIBRARY_PATH=/opt/gcc-15.3/lib64
2026-07-20T11:16:12.2216297Z 
2026-07-20T11:16:12.2216354Z Profile build:
2026-07-20T11:16:12.2216496Z [settings]
2026-07-20T11:16:12.2216794Z arch=x86_64
2026-07-20T11:16:12.2216954Z build_type=Release
2026-07-20T11:16:12.2217109Z compiler=gcc
2026-07-20T11:16:12.2217254Z compiler.cppstd=gnu23
2026-07-20T11:16:12.2217414Z compiler.libcxx=libstdc++11
2026-07-20T11:16:12.2217580Z compiler.version=15
2026-07-20T11:16:12.2217718Z os=Linux
2026-07-20T11:16:12.2217844Z [conf]
2026-07-20T11:16:12.2217990Z tools.build:cflags=['-O3', '-march=x86-64-v2']
2026-07-20T11:16:12.2218203Z tools.build:cxxflags=['-O3', '-march=x86-64-v2']
2026-07-20T11:16:12.2218441Z tools.build:exelinkflags=['-Wl,-rpath,/opt/gcc-15.3/lib64']
2026-07-20T11:16:12.2222877Z tools.build:sharedlinkflags=['-Wl,-rpath,/opt/gcc-15.3/lib64']
2026-07-20T11:16:12.2223146Z tools.cmake.cmakedeps:new=will_break_next
2026-07-20T11:16:12.2224169Z tools.info.package_id:confs=['tools.build:cflags', 'tools.build:cxxflags']
2026-07-20T11:16:12.2224832Z user.malf:editable_build_dir=build-gcc15-release
2026-07-20T11:16:12.2225236Z [buildenv]
2026-07-20T11:16:12.2225385Z CC=/opt/gcc-15.3/bin/gcc
2026-07-20T11:16:12.2225550Z CXX=/opt/gcc-15.3/bin/g++
2026-07-20T11:16:12.2225723Z LD_LIBRARY_PATH=/opt/gcc-15.3/lib64
2026-07-20T11:16:12.2225860Z 
2026-07-20T11:16:12.2225863Z 
2026-07-20T11:16:12.2225942Z ======== Computing dependency graph ========
2026-07-20T11:16:12.2528877Z Graph root
2026-07-20T11:16:12.2529241Z     conanfile.py (logcraft_core/1.8.2): /home/runner/work/logcraft/logcraft/core/conanfile.py
2026-07-20T11:16:12.2529601Z Requirements
2026-07-20T11:16:12.2529785Z     asio/1.36.0#baa8f04f3c2486ca00851c092ab6afb7 - Cache
2026-07-20T11:16:12.2530054Z     coderoast_ipc_core/1.8.2#c69315ecfb1661df8bba6a827a4f9a15 - Cache
2026-07-20T11:16:12.2530348Z     coderoast_ipc_producer/1.8.2#163642efa0c772d5e386ca9e37250a77 - Cache
2026-07-20T11:16:12.2530611Z     fmt/12.1.0#50abab23274d56bb8f42c94b3b9a40c7 - Cache
2026-07-20T11:16:12.2530919Z     insight_canon/1.8.2#8904e6e3aac2c5ec749b94a94e578b9d - Cache
2026-07-20T11:16:12.2531200Z     insight_semantic_github/1.8.2#daf81292eacd1cdef4a871ac153f335a - Cache
2026-07-20T11:16:12.2531575Z     picosha2/1.0.0#61923b65ad21c4bccdc00d2be5709b58 - Cache
2026-07-20T11:16:12.2532108Z     simdjson/4.6.3#57b63b0965065041e5cd871f7973a026 - Cache
2026-07-20T11:16:12.2532357Z     spdlog/1.17.0#bcbaaf7147bda6ad24ffbd1ac3d7142c - Cache
2026-07-20T11:16:12.2532663Z     yaml-cpp/0.9.0#237a808ce73af0e5f32ba2834ae2baf0 - Cache
2026-07-20T11:16:12.2532862Z Test requirements
2026-07-20T11:16:12.2533047Z     benchmark/1.9.5#b885dc73ad67b40a55d45684d1c88ad1 - Cache
2026-07-20T11:16:12.2533313Z     coderoast_ipc_consumer/1.8.2#6a0fd045217caf0563a9e06cbbe0cb5b - Cache
2026-07-20T11:16:12.2533856Z     gtest/1.17.0#5224b3b3ff3b4ce1133cbdd27d53ee7d - Cache
2026-07-20T11:16:12.2534079Z Build requirements
2026-07-20T11:16:12.2534270Z     cmake/4.3.3#840cf00ea09777e05c2050a50a82c722 - Cache
2026-07-20T11:16:12.2534484Z Resolved version ranges
2026-07-20T11:16:12.2534648Z     cmake/[>=3.16.3]: cmake/4.3.3
2026-07-20T11:16:12.2534815Z     cmake/[>=3.16]: cmake/4.3.3
2026-07-20T11:16:12.2534915Z 
2026-07-20T11:16:12.2534999Z ======== Computing necessary packages ========
2026-07-20T11:16:12.2816937Z Requirements
2026-07-20T11:16:12.2817543Z     asio/1.36.0#baa8f04f3c2486ca00851c092ab6afb7:da39a3ee5e6b4b0d3255bfef95601890afd80709#c02fdd2b35b8e2b48197b1749056e852 - Cache
2026-07-20T11:16:12.2818425Z     coderoast_ipc_core/1.8.2#c69315ecfb1661df8bba6a827a4f9a15:976572dde09ae4802a96a09ed547708e031572ad#1b0941ea603cd93e7cbbf1d6264bda0b - Cache
2026-07-20T11:16:12.2819323Z     coderoast_ipc_producer/1.8.2#163642efa0c772d5e386ca9e37250a77:2593c3ff75f0faaddfe446f6ca54a059865b1c3a#43304bd57e28e06fe88bb554b0d55ec0 - Cache
2026-07-20T11:16:12.2820014Z     fmt/12.1.0#50abab23274d56bb8f42c94b3b9a40c7:ad913eb4f99fc875fffba787e4d80fce29a7f765#39be80cf5ecb8caac2c37f8baa122a79 - Cache
2026-07-20T11:16:12.2820598Z     insight_canon/1.8.2#8904e6e3aac2c5ec749b94a94e578b9d:b78615a5f087d90c3deb764e78f1e3407b351ad5#ede49570c06305fdce1ea75d74584698 - Cache
2026-07-20T11:16:12.2821201Z     insight_semantic_github/1.8.2#daf81292eacd1cdef4a871ac153f335a:dd36a23ae70b24fa7f4e847ed8c9d0509583dd47#253b5b89bd4bea4b0dcc9d04765d28dc - Cache
2026-07-20T11:16:12.2821792Z     picosha2/1.0.0#61923b65ad21c4bccdc00d2be5709b58:da39a3ee5e6b4b0d3255bfef95601890afd80709#1e86527276bd819290d3531c62615e33 - Cache
2026-07-20T11:16:12.2822330Z     simdjson/4.6.3#57b63b0965065041e5cd871f7973a026:5d1991fbda5f8e42ea0b1fc45dc1f0e08c876862#aaf343449055f180a80e0c56dcf203ea - Cache
2026-07-20T11:16:12.2822867Z     spdlog/1.17.0#bcbaaf7147bda6ad24ffbd1ac3d7142c:dc97e1c73da307d48b15663ff835c7139057ef19#e7174d4ea12a233dcd7fd45c2d9f83d0 - Cache
2026-07-20T11:16:12.2823412Z     yaml-cpp/0.9.0#237a808ce73af0e5f32ba2834ae2baf0:5bcc2325ae24c87a0dbda9fe98b25099fcbadab3#6a44f4e7c342438a031fda01b4b1f46c - Cache
2026-07-20T11:16:12.2823770Z Test requirements
2026-07-20T11:16:12.2824377Z     benchmark/1.9.5#b885dc73ad67b40a55d45684d1c88ad1:450ef64ba4e985ecaa322e7110fecc37f5ba874b#1c54c10c0928d8cc7bd3bdf8b505041a - Cache
2026-07-20T11:16:12.2824956Z     coderoast_ipc_consumer/1.8.2#6a0fd045217caf0563a9e06cbbe0cb5b:2593c3ff75f0faaddfe446f6ca54a059865b1c3a#9a55ca826c1b453518d444e93d48ec16 - Cache
2026-07-20T11:16:12.2825820Z     gtest/1.17.0#5224b3b3ff3b4ce1133cbdd27d53ee7d:2408b5402882dc2df22863610623b66506a4870c#e19edae35da6f5681ecfc11e8f6ed87a - Cache
2026-07-20T11:16:12.2826234Z Build requirements
2026-07-20T11:16:12.2826388Z Skipped binaries
2026-07-20T11:16:12.2826535Z     cmake/4.3.3
2026-07-20T11:16:12.2826618Z 
2026-07-20T11:16:12.2826692Z ======== Installing packages ========
2026-07-20T11:16:12.2826919Z asio/1.36.0: Already installed! (1 of 13)
2026-07-20T11:16:12.2827105Z fmt/12.1.0: Already installed! (2 of 13)
2026-07-20T11:16:12.2829539Z picosha2/1.0.0: Already installed! (3 of 13)
2026-07-20T11:16:12.2832451Z simdjson/4.6.3: Already installed! (4 of 13)
2026-07-20T11:16:12.2834945Z yaml-cpp/0.9.0: Already installed! (5 of 13)
2026-07-20T11:16:12.2838233Z benchmark/1.9.5: Already installed! (6 of 13)
2026-07-20T11:16:12.2840665Z gtest/1.17.0: Already installed! (7 of 13)
2026-07-20T11:16:12.2843828Z coderoast_ipc_core/1.8.2: Already installed! (8 of 13)
2026-07-20T11:16:12.2846379Z spdlog/1.17.0: Already installed! (9 of 13)
2026-07-20T11:16:12.2848907Z coderoast_ipc_consumer/1.8.2: Already installed! (10 of 13)
2026-07-20T11:16:12.2851217Z coderoast_ipc_producer/1.8.2: Already installed! (11 of 13)
2026-07-20T11:16:12.2853665Z insight_canon/1.8.2: Already installed! (12 of 13)
2026-07-20T11:16:12.2856644Z insight_semantic_github/1.8.2: Already installed! (13 of 13)
2026-07-20T11:16:12.2857278Z 
2026-07-20T11:16:12.2858107Z ======== Finalizing install (deploy, generators) ========
2026-07-20T11:16:12.2858541Z conanfile.py (logcraft_core/1.8.2): Calling generate()
2026-07-20T11:16:12.2859146Z conanfile.py (logcraft_core/1.8.2): Generators folder: /home/runner/work/logcraft/logcraft/build/core
2026-07-20T11:16:12.3132796Z conanfile.py (logcraft_core/1.8.2): CMakeToolchain generated: conan_toolchain.cmake
2026-07-20T11:16:12.3135966Z conanfile.py (logcraft_core/1.8.2): CMakeToolchain: Preset 'conan-release' added to CMakePresets.json.
2026-07-20T11:16:12.3136354Z     (cmake>=3.23) cmake --preset conan-release
2026-07-20T11:16:12.3136815Z     (cmake<3.23) cmake <path> -G Ninja -DCMAKE_TOOLCHAIN_FILE=<output_folder>/conan_toolchain.cmake  -DCMAKE_POLICY_DEFAULT_CMP0091=NEW -DCMAKE_BUILD_TYPE=Release
2026-07-20T11:16:12.3138382Z conanfile.py (logcraft_core/1.8.2): CMakeToolchain generated: /home/runner/work/logcraft/logcraft/build/core/CMakePresets.json
2026-07-20T11:16:12.3139426Z conanfile.py (logcraft_core/1.8.2): CMakeToolchain generated: /home/runner/work/logcraft/logcraft/core/CMakeUserPresets.json
2026-07-20T11:16:12.3140719Z conanfile.py (logcraft_core/1.8.2): WARN: On the fly replacement of CMakeDeps by CMakeConfigDeps generator, because 'tools.cmake.cmakedeps:new' incubating conf activated. This conf is incubating and will break in next releases. CMakeConfigDeps is now experimental and can be used as such in recipes.
2026-07-20T11:16:12.3141771Z conanfile.py (logcraft_core/1.8.2): WARN: experimental: CMakeConfigDeps is experimental, and might get breaking changes in future releases
2026-07-20T11:16:12.4273862Z logcraft_core/1.8.2: WARN: deprecated: CMakeConfigDeps does not support module find mode in gtest/1.17.0.
2026-07-20T11:16:12.4274251Z Config mode will be used regardless.
2026-07-20T11:16:12.4667503Z conanfile.py (logcraft_core/1.8.2): CMakeDeps necessary find_package() and targets for your CMakeLists.txt
2026-07-20T11:16:12.4668194Z     find_package(yaml-cpp)
2026-07-20T11:16:12.4668406Z     find_package(spdlog)
2026-07-20T11:16:12.4668577Z     find_package(fmt)
2026-07-20T11:16:12.4668723Z     find_package(asio)
2026-07-20T11:16:12.4668868Z     find_package(GTest)
2026-07-20T11:16:12.4669026Z     find_package(benchmark)
2026-07-20T11:16:12.4673596Z     target_link_libraries(... yaml-cpp::yaml-cpp spdlog::spdlog fmt::fmt asio::asio gtest::gtest benchmark::benchmark_main)
2026-07-20T11:16:12.4730313Z conanfile.py (logcraft_core/1.8.2): Generating aggregated env files
2026-07-20T11:16:12.4730724Z conanfile.py (logcraft_core/1.8.2): Generated aggregated env files: ['conanbuild.sh', 'conanrun.sh']
2026-07-20T11:16:12.4731035Z Install finished successfully
2026-07-20T11:16:12.6280169Z -- Using Conan toolchain: /home/runner/work/logcraft/logcraft/build/core/conan_toolchain.cmake
2026-07-20T11:16:12.6280671Z -- Conan toolchain: Setting CMAKE_POSITION_INDEPENDENT_CODE=ON (options.fPIC)
2026-07-20T11:16:12.6280975Z -- Conan toolchain: Defining architecture flag: -m64
2026-07-20T11:16:12.6281221Z -- Conan toolchain: C++ Standard 23 with extensions ON
2026-07-20T11:16:12.6281523Z -- Conan toolchain: Including CMakeConfigDeps generated conan_cmakedeps_paths.cmake
2026-07-20T11:16:12.6282178Z -- Conan toolchain: Setting BUILD_SHARED_LIBS = OFF
2026-07-20T11:16:12.7677371Z -- The CXX compiler identification is GNU 15.3.0
2026-07-20T11:16:12.9410067Z -- Detecting CXX compiler ABI info
2026-07-20T11:16:13.0829411Z -- Detecting CXX compiler ABI info - done
2026-07-20T11:16:13.0924071Z -- Check for working CXX compiler: /opt/gcc-15.3/bin/g++ - skipped
2026-07-20T11:16:13.0927060Z -- Detecting CXX compile features
2026-07-20T11:16:13.0932531Z CMake Warning (dev) at /home/runner/venvs/common/lib/python3.12/site-packages/cmake/data/share/cmake-4.3/Modules/Compiler/CMakeCommonCompilerMacros.cmake:226 (cmake_language):
2026-07-20T11:16:13.0933678Z   CMake's support for `import std;` in C++23 and newer is experimental.  It
2026-07-20T11:16:13.0934039Z   is meant only for experimentation and feedback to CMake developers.
2026-07-20T11:16:13.0934296Z Call Stack (most recent call first):
2026-07-20T11:16:13.0934782Z   /home/runner/venvs/common/lib/python3.12/site-packages/cmake/data/share/cmake-4.3/Modules/CMakeDetermineCompilerSupport.cmake:110 (cmake_cxx_find_modules_json)
2026-07-20T11:16:13.0935482Z   /home/runner/venvs/common/lib/python3.12/site-packages/cmake/data/share/cmake-4.3/Modules/CMakeTestCXXCompiler.cmake:83 (CMAKE_DETERMINE_COMPILER_SUPPORT)
2026-07-20T11:16:13.0935920Z   CMakeLists.txt:13 (project)
2026-07-20T11:16:13.0936161Z This warning is for project developers.  Use -Wno-dev to suppress it.
2026-07-20T11:16:13.0936349Z 
2026-07-20T11:16:13.0953742Z -- Detecting CXX compile features - done
2026-07-20T11:16:13.1064997Z -- Conan: Configuring Targets for fmt/12.1.0
2026-07-20T11:16:13.1067578Z -- Conan: Target declared imported STATIC library 'fmt::fmt'
2026-07-20T11:16:13.1070907Z -- Conan: Configuring Targets for spdlog/1.17.0
2026-07-20T11:16:13.1073180Z -- Conan: Target declared imported STATIC library 'spdlog::spdlog'
2026-07-20T11:16:13.1076727Z -- Conan: Configuring Targets for yaml-cpp/0.9.0
2026-07-20T11:16:13.1078722Z -- Conan: Target declared imported STATIC library 'yaml-cpp::yaml-cpp'
2026-07-20T11:16:13.1079312Z -- Conan: Target declared alias 'yaml-cpp' for 'yaml-cpp::yaml-cpp'
2026-07-20T11:16:13.1081534Z -- Conan: Configuring Targets for asio/1.36.0
2026-07-20T11:16:13.1083901Z -- Conan: Target declared imported INTERFACE library 'asio::asio'
2026-07-20T11:16:13.1107010Z -- Conan: Configuring Targets for simdjson/4.6.3
2026-07-20T11:16:13.1110099Z -- Conan: Target declared imported STATIC library 'simdjson::simdjson'
2026-07-20T11:16:13.1113215Z -- Conan: Configuring Targets for picosha2/1.0.0
2026-07-20T11:16:13.1115754Z -- Conan: Target declared imported INTERFACE library 'picosha2::picosha2'
2026-07-20T11:16:13.1618826Z -- Conan: Configuring Targets for gtest/1.17.0
2026-07-20T11:16:13.1622780Z -- Conan: Target declared imported STATIC library 'GTest::gtest'
2026-07-20T11:16:13.1623625Z -- Conan: Target declared alias 'GTest::GTest' for 'GTest::gtest'
2026-07-20T11:16:13.1624106Z -- Conan: Target declared imported STATIC library 'GTest::gtest_main'
2026-07-20T11:16:13.1625006Z -- Conan: Target declared alias 'GTest::Main' for 'GTest::gtest_main'
2026-07-20T11:16:13.1625560Z -- Conan: Target declared imported STATIC library 'GTest::gmock'
2026-07-20T11:16:13.1625897Z -- Conan: Target declared imported STATIC library 'GTest::gmock_main'
2026-07-20T11:16:13.1626233Z -- Conan: Target declared imported INTERFACE library 'gtest::gtest'
2026-07-20T11:16:13.1648497Z -- Conan: Configuring Targets for benchmark/1.9.5
2026-07-20T11:16:13.1657684Z -- Conan: Target declared imported STATIC library 'benchmark::benchmark'
2026-07-20T11:16:13.1658071Z -- Conan: Target declared imported STATIC library 'benchmark::benchmark_main'
2026-07-20T11:16:13.1682826Z -- Configuring done (0.5s)
2026-07-20T11:16:13.1938960Z CMake Warning (dev) in CMakeLists.txt:
2026-07-20T11:16:13.1939237Z   Target "logcraft_core" has source file
2026-07-20T11:16:13.1939451Z 
2026-07-20T11:16:13.1939953Z     /home/runner/work/logcraft/logcraft/core/api/core.cppm
2026-07-20T11:16:13.1940362Z 
2026-07-20T11:16:13.1940543Z   in a "FILE_SET TYPE CXX_MODULES" multiple times.
2026-07-20T11:16:13.1940962Z This warning is for project developers.  Use -Wno-dev to suppress it.
2026-07-20T11:16:13.1941228Z 
2026-07-20T11:16:13.2195883Z CMake Warning (dev) in CMakeLists.txt:
2026-07-20T11:16:13.2196457Z   Target "logcraft_core_tests" has source file
2026-07-20T11:16:13.2196595Z 
2026-07-20T11:16:13.2196753Z     /home/runner/work/logcraft/logcraft/core/api/core.cppm
2026-07-20T11:16:13.2196969Z 
2026-07-20T11:16:13.2197059Z   in a "FILE_SET TYPE CXX_MODULES" multiple times.
2026-07-20T11:16:13.2197326Z This warning is for project developers.  Use -Wno-dev to suppress it.
2026-07-20T11:16:13.2197756Z 
2026-07-20T11:16:13.2361476Z CMake Warning (dev) in CMakeLists.txt:
2026-07-20T11:16:13.2361731Z   Target "logcraft_core_bench" has source file
2026-07-20T11:16:13.2361879Z 
2026-07-20T11:16:13.2362039Z     /home/runner/work/logcraft/logcraft/core/api/core.cppm
2026-07-20T11:16:13.2362254Z 
2026-07-20T11:16:13.2362359Z   in a "FILE_SET TYPE CXX_MODULES" multiple times.
2026-07-20T11:16:13.2362852Z This warning is for project developers.  Use -Wno-dev to suppress it.
2026-07-20T11:16:13.2363076Z 
2026-07-20T11:16:13.2525685Z -- Generating done (0.1s)
2026-07-20T11:16:13.2530294Z -- Build files have been written to: /home/runner/work/logcraft/logcraft/build/core
2026-07-20T11:16:13.3719029Z [0/2] Re-checking globbed directories...
2026-07-20T11:16:13.3973209Z [1/670] Scanning /home/runner/work/logcraft/logcraft/.conan2/p/insigc0669e5e0604f/p/include/insight_canon_modules/canon.spi.cppm for CXX dependencies
2026-07-20T11:16:13.3992851Z [2/670] Scanning /home/runner/work/logcraft/logcraft/.conan2/p/codereae1467a55ff4/p/include/coderoast_ipc_core_modules/core.cppm for CXX dependencies
2026-07-20T11:16:13.3993708Z [3/670] Scanning /home/runner/work/logcraft/logcraft/.conan2/p/insigc0669e5e0604f/p/include/insight_canon_modules/canon.internal.cppm for CXX dependencies
2026-07-20T11:16:13.4002893Z [4/670] Scanning /opt/gcc-15.3/include/c++/15.3.0/bits/std.compat.cc for CXX dependencies
2026-07-20T11:16:13.4067768Z [5/670] Scanning /home/runner/work/logcraft/logcraft/.conan2/p/insigc0669e5e0604f/p/include/insight_canon_modules/canon.cppm for CXX dependencies
2026-07-20T11:16:13.4090107Z [6/670] Scanning /home/runner/work/logcraft/logcraft/.conan2/p/insigc0669e5e0604f/p/include/insight_canon_modules/canon.compose.cppm for CXX dependencies
2026-07-20T11:16:13.4108513Z [7/670] Scanning /home/runner/work/logcraft/logcraft/.conan2/p/insigc0669e5e0604f/p/include/insight_canon_modules/conformance/canon.conformance.cppm for CXX dependencies
2026-07-20T11:16:13.5763423Z [8/670] Scanning /home/runner/work/logcraft/logcraft/.conan2/p/insigc0669e5e0604f/p/include/insight_canon_modules/canon.api.cppm for CXX dependencies
2026-07-20T11:16:13.6109510Z [9/670] Scanning /opt/gcc-15.3/include/c++/15.3.0/bits/std.cc for CXX dependencies
2026-07-20T11:16:13.6170154Z [10/670] Generating CXX dyndep file CMakeFiles/__cmake_cxx_std_23.dir/CXX.dd
2026-07-20T11:16:13.6211361Z [11/670] Generating CXX dyndep file 'CMakeFiles/coderoast__ipc__core@synth_bb333fe43d17.dir/CXX.dd'
2026-07-20T11:16:13.6226145Z [12/670] Generating CXX dyndep file 'CMakeFiles/insight__canon@synth_bb333fe43d17.dir/CXX.dd'
2026-07-20T11:16:13.6330657Z [13/670] Scanning /home/runner/work/logcraft/logcraft/.conan2/p/coderc2ef2eb99ea14/p/include/coderoast_ipc_producer_modules/producer.cppm for CXX dependencies
2026-07-20T11:16:13.6346999Z [14/670] Scanning /home/runner/work/logcraft/logcraft/.conan2/p/coderf876b80c02d08/p/include/coderoast_ipc_consumer_modules/consumer.cppm for CXX dependencies
2026-07-20T11:16:13.6362061Z [15/670] Scanning /home/runner/work/logcraft/logcraft/.conan2/p/insig4be6ff3bac213/p/include/insight_semantic_github_modules/github.cppm for CXX dependencies
2026-07-20T11:16:13.6368317Z [16/670] Generating CXX dyndep file 'CMakeFiles/coderoast__ipc__producer@synth_bb333fe43d17.dir/CXX.dd'
2026-07-20T11:16:13.6389647Z [17/670] Generating CXX dyndep file 'CMakeFiles/coderoast__ipc__consumer@synth_bb333fe43d17.dir/CXX.dd'
2026-07-20T11:16:13.6402703Z [18/670] Generating CXX dyndep file 'CMakeFiles/insight__semantic_github@synth_bb333fe43d17.dir/CXX.dd'
2026-07-20T11:16:13.6551973Z [19/670] Scanning /home/runner/work/logcraft/logcraft/core/src/agent/field_generator.cpp for CXX dependencies
2026-07-20T11:16:13.6736402Z [20/670] Scanning /home/runner/work/logcraft/logcraft/core/src/engine/engine_api.cpp for CXX dependencies
2026-07-20T11:16:13.9595429Z [21/670] Scanning /home/runner/work/logcraft/logcraft/core/src/agent/agent_registry.cpp for CXX dependencies
2026-07-20T11:16:14.0793142Z [22/670] Scanning /home/runner/work/logcraft/logcraft/core/src/engine/engine.cpp for CXX dependencies
2026-07-20T11:16:14.0896809Z [23/670] Scanning /home/runner/work/logcraft/logcraft/core/src/engine/engine_command_surface.cpp for CXX dependencies
2026-07-20T11:16:14.1224268Z [24/670] Scanning /home/runner/work/logcraft/logcraft/core/src/agent/agent_scheduling.cpp for CXX dependencies
2026-07-20T11:16:14.1677236Z [25/670] Scanning /home/runner/work/logcraft/logcraft/core/src/engine/runtime_monitor.cpp for CXX dependencies
2026-07-20T11:16:14.1696006Z [26/670] Scanning /home/runner/work/logcraft/logcraft/core/src/agent/agent_enrichment.cpp for CXX dependencies
2026-07-20T11:16:14.2047091Z [27/670] Scanning /home/runner/work/logcraft/logcraft/core/src/foundation/sha256.cpp for CXX dependencies
2026-07-20T11:16:14.2538087Z [28/670] Scanning /home/runner/work/logcraft/logcraft/core/src/engine/engine_lifecycle.cpp for CXX dependencies
2026-07-20T11:16:14.2585458Z [29/670] Scanning /home/runner/work/logcraft/logcraft/core/src/foundation/simulation_clock.cpp for CXX dependencies
2026-07-20T11:16:14.2881845Z [30/670] Scanning /home/runner/work/logcraft/logcraft/core/src/agent/agent_generation.cpp for CXX dependencies
2026-07-20T11:16:14.2940447Z [31/670] Scanning /home/runner/work/logcraft/logcraft/core/src/engine/command_facade.cpp for CXX dependencies
2026-07-20T11:16:14.3171331Z [32/670] Scanning /home/runner/work/logcraft/logcraft/core/src/foundation/time_context.cpp for CXX dependencies
2026-07-20T11:16:14.3780019Z [33/670] Scanning /home/runner/work/logcraft/logcraft/core/src/engine/replay_source.cpp for CXX dependencies
2026-07-20T11:16:14.3907842Z [34/670] Scanning /home/runner/work/logcraft/logcraft/core/src/engine/engine_replay.cpp for CXX dependencies
2026-07-20T11:16:14.4230401Z [35/670] Scanning /home/runner/work/logcraft/logcraft/core/src/output/gha_intent_medium.cpp for CXX dependencies
2026-07-20T11:16:14.4494870Z [36/670] Scanning /home/runner/work/logcraft/logcraft/core/src/output/log_formatter.cpp for CXX dependencies
2026-07-20T11:16:14.4562456Z [37/670] Scanning /home/runner/work/logcraft/logcraft/core/src/agent/agent.cpp for CXX dependencies
2026-07-20T11:16:14.4620050Z [38/670] Scanning /home/runner/work/logcraft/logcraft/core/src/engine/engine_manager.cpp for CXX dependencies
2026-07-20T11:16:14.4713719Z [39/670] Scanning /home/runner/work/logcraft/logcraft/core/src/output/log_formatter_cloud.cpp for CXX dependencies
2026-07-20T11:16:14.4782932Z [40/670] Scanning /home/runner/work/logcraft/logcraft/core/src/output/log_formatter_github_actions.cpp for CXX dependencies
2026-07-20T11:16:14.4861366Z [41/670] Scanning /home/runner/work/logcraft/logcraft/core/src/output/log_formatter_mobile.cpp for CXX dependencies
2026-07-20T11:16:14.5047723Z [42/670] Scanning /home/runner/work/logcraft/logcraft/core/src/output/log_formatter_text.cpp for CXX dependencies
2026-07-20T11:16:14.5105676Z [43/670] Scanning /home/runner/work/logcraft/logcraft/core/src/output/log_formatter_syslog.cpp for CXX dependencies
2026-07-20T11:16:14.5614583Z [44/670] Scanning /home/runner/work/logcraft/logcraft/core/src/flow/flow_engine.cpp for CXX dependencies
2026-07-20T11:16:14.6230206Z [45/670] Scanning /home/runner/work/logcraft/logcraft/core/src/output/console_sink.cpp for CXX dependencies
2026-07-20T11:16:14.6483674Z [46/670] Scanning /home/runner/work/logcraft/logcraft/core/src/output/file_sink.cpp for CXX dependencies
2026-07-20T11:16:14.6512740Z [47/670] Scanning /home/runner/work/logcraft/logcraft/core/src/output/shared_memory_sink.cpp for CXX dependencies
2026-07-20T11:16:14.6888437Z [48/670] Scanning /home/runner/work/logcraft/logcraft/core/src/logging/logger.cpp for CXX dependencies
2026-07-20T11:16:14.7298023Z [49/670] Scanning /home/runner/work/logcraft/logcraft/core/src/scenario/scenario_axis.cpp for CXX dependencies
2026-07-20T11:16:14.7729321Z [50/670] Scanning /home/runner/work/logcraft/logcraft/core/src/scenario/scenario_capabilities.cpp for CXX dependencies
2026-07-20T11:16:14.7816852Z [51/670] Scanning /home/runner/work/logcraft/logcraft/core/src/logging/logging_config.cpp for CXX dependencies
2026-07-20T11:16:14.8406532Z [52/670] Scanning /home/runner/work/logcraft/logcraft/core/src/scenario/scenario_agent_parsing.cpp for CXX dependencies
2026-07-20T11:16:14.9490819Z [53/670] Scanning /home/runner/work/logcraft/logcraft/core/src/output/sharded_pipeline.cpp for CXX dependencies
2026-07-20T11:16:14.9525089Z [54/670] Scanning /home/runner/work/logcraft/logcraft/core/src/output/output_manager.cpp for CXX dependencies
2026-07-20T11:16:14.9639517Z [55/670] Scanning /home/runner/work/logcraft/logcraft/core/src/output/http_sink.cpp for CXX dependencies
2026-07-20T11:16:15.0321249Z [56/670] Scanning /home/runner/work/logcraft/logcraft/core/src/scenario/scenario_flow_parsing.cpp for CXX dependencies
2026-07-20T11:16:15.0543170Z [57/670] Scanning /home/runner/work/logcraft/logcraft/core/src/output/recording_sink.cpp for CXX dependencies
2026-07-20T11:16:15.0653875Z [58/670] Scanning /home/runner/work/logcraft/logcraft/core/src/output/smf_recording_sink.cpp for CXX dependencies
2026-07-20T11:16:15.0959232Z [59/670] Scanning /home/runner/work/logcraft/logcraft/core/src/smf/smf_reader.cpp for CXX dependencies
2026-07-20T11:16:15.0968750Z [60/670] Scanning /home/runner/work/logcraft/logcraft/core/src/scenario/scenario_component_parsing.cpp for CXX dependencies
2026-07-20T11:16:15.1041165Z [61/670] Scanning /home/runner/work/logcraft/logcraft/core/src/smf/smf_manifest.cpp for CXX dependencies
2026-07-20T11:16:15.1255234Z [62/670] Scanning /home/runner/work/logcraft/logcraft/core/src/smf/smf_writer.cpp for CXX dependencies
2026-07-20T11:16:15.1331435Z [63/670] Scanning /home/runner/work/logcraft/logcraft/core/src/output/metrics_sink.cpp for CXX dependencies
2026-07-20T11:16:15.1438890Z [64/670] Scanning /home/runner/work/logcraft/logcraft/core/src/timeline/timeline_engine.cpp for CXX dependencies
2026-07-20T11:16:15.1598642Z [65/670] Scanning /home/runner/work/logcraft/logcraft/core/src/timeline/timeline_cursor.cpp for CXX dependencies
2026-07-20T11:16:15.1661993Z [66/670] Scanning /home/runner/work/logcraft/logcraft/core/src/scenario/scenario_loader.cpp for CXX dependencies
2026-07-20T11:16:15.1794042Z [67/670] Scanning /home/runner/work/logcraft/logcraft/core/src/core.internal.cppm for CXX dependencies
2026-07-20T11:16:15.2084907Z [68/670] Scanning /home/runner/work/logcraft/logcraft/core/api/core.api-agent.cppm for CXX dependencies
2026-07-20T11:16:15.2301459Z [69/670] Scanning /home/runner/work/logcraft/logcraft/core/src/scenario/scenario_section_dispatch.cpp for CXX dependencies
2026-07-20T11:16:15.2449700Z [70/670] Scanning /home/runner/work/logcraft/logcraft/core/api/core.api-output.cppm for CXX dependencies
2026-07-20T11:16:15.2470530Z [71/670] Scanning /home/runner/work/logcraft/logcraft/core/api/core.api-engine.cppm for CXX dependencies
2026-07-20T11:16:15.2506062Z [72/670] Scanning /home/runner/work/logcraft/logcraft/core/src/scenario/scenario_registry_resolution.cpp for CXX dependencies
2026-07-20T11:16:15.2547308Z [73/670] Scanning /home/runner/work/logcraft/logcraft/core/api/core.api-scenario.cppm for CXX dependencies
2026-07-20T11:16:15.2599549Z [74/670] Scanning /home/runner/work/logcraft/logcraft/core/api/core.api-timeline.cppm for CXX dependencies
2026-07-20T11:16:15.2709187Z [75/670] Scanning /home/runner/work/logcraft/logcraft/core/api/core.api-value.cppm for CXX dependencies
2026-07-20T11:16:15.2717585Z [76/670] Scanning /home/runner/work/logcraft/logcraft/core/api/core.cppm for CXX dependencies
2026-07-20T11:16:15.2828250Z [77/670] Scanning /home/runner/work/logcraft/logcraft/core/api/core.api.cppm for CXX dependencies
2026-07-20T11:16:15.2874278Z [78/670] Scanning /home/runner/work/logcraft/logcraft/core/src/agent/core.detail.agent.cppm for CXX dependencies
2026-07-20T11:16:15.2945084Z [79/670] Scanning /home/runner/work/logcraft/logcraft/core/src/flow/core.detail.flow.cppm for CXX dependencies
2026-07-20T11:16:15.2976367Z [80/670] Scanning /home/runner/work/logcraft/logcraft/core/src/foundation/core.detail.foundation-pipeline.cppm for CXX dependencies
2026-07-20T11:16:15.3279507Z [81/670] Scanning /home/runner/work/logcraft/logcraft/core/src/foundation/core.detail.foundation-random.cppm for CXX dependencies
2026-07-20T11:16:15.3280575Z [82/670] Scanning /home/runner/work/logcraft/logcraft/core/src/foundation/core.detail.foundation-hash.cppm for CXX dependencies
2026-07-20T11:16:15.3551727Z [83/670] Scanning /home/runner/work/logcraft/logcraft/core/src/foundation/core.detail.foundation.cppm for CXX dependencies
2026-07-20T11:16:15.3656682Z [84/670] Scanning /home/runner/work/logcraft/logcraft/core/src/output/core.detail.output-formatter.cppm for CXX dependencies
2026-07-20T11:16:15.3816621Z [85/670] Scanning /home/runner/work/logcraft/logcraft/core/src/scenario/scenario_loader_detail.cpp for CXX dependencies
2026-07-20T11:16:15.3979266Z [86/670] Scanning /home/runner/work/logcraft/logcraft/core/src/output/core.detail.output.cppm for CXX dependencies
2026-07-20T11:16:15.4068893Z [87/670] Scanning /home/runner/work/logcraft/logcraft/core/src/output/core.detail.output-sink.cppm for CXX dependencies
2026-07-20T11:16:15.4378554Z [88/670] Scanning /home/runner/work/logcraft/logcraft/core/src/scenario/scenario_validation.cpp for CXX dependencies
2026-07-20T11:16:15.4515848Z [89/670] Scanning /home/runner/work/logcraft/logcraft/core/src/timeline/timeline_unfolder.cpp for CXX dependencies
2026-07-20T11:16:15.4533439Z [90/670] Scanning /home/runner/work/logcraft/logcraft/core/src/smf/core.detail.smf.cppm for CXX dependencies
2026-07-20T11:16:15.4546587Z [91/670] Scanning /home/runner/work/logcraft/logcraft/core/src/timeline/core.detail.timeline.cppm for CXX dependencies
2026-07-20T11:16:15.4601467Z [92/670] Scanning /home/runner/work/logcraft/logcraft/core/src/timeline/shm_timeline_view.cpp for CXX dependencies
2026-07-20T11:16:15.5045045Z [93/670] Scanning /home/runner/work/logcraft/logcraft/core/src/timeline/flow_unfolder.cpp for CXX dependencies
2026-07-20T11:16:15.6282676Z [94/670] Scanning /home/runner/work/logcraft/logcraft/core/src/engine/core.detail.engine.cppm for CXX dependencies
2026-07-20T11:16:15.7447808Z [95/670] Scanning /home/runner/work/logcraft/logcraft/core/src/scenario/core.detail.scenario.cppm for CXX dependencies
2026-07-20T11:16:15.7687785Z [96/670] Scanning /home/runner/work/logcraft/logcraft/core/src/logging/core.detail.logging.cppm for CXX dependencies
2026-07-20T11:16:15.8348822Z [97/670] Scanning /home/runner/work/logcraft/logcraft/core/tests/agent/test_error_cascading.cpp for CXX dependencies
2026-07-20T11:16:15.8418592Z [98/670] Scanning /home/runner/work/logcraft/logcraft/core/tests/agent/test_football_whatif.cpp for CXX dependencies
2026-07-20T11:16:15.8533230Z [99/670] Scanning /home/runner/work/logcraft/logcraft/core/tests/agent/test_generate_record_kernel.cpp for CXX dependencies
2026-07-20T11:16:15.8574304Z [100/670] Generating CXX dyndep file CMakeFiles/logcraft_core.dir/CXX.dd
2026-07-20T11:16:16.0398812Z [101/676] Scanning /home/runner/work/logcraft/logcraft/core/tests/determinism/test_branch_weight_ramp.cpp for CXX dependencies
2026-07-20T11:16:16.0747952Z [102/676] Scanning /home/runner/work/logcraft/logcraft/core/tests/agent/test_emit_false_template_input.cpp for CXX dependencies
2026-07-20T11:16:16.1333292Z [103/676] Scanning /home/runner/work/logcraft/logcraft/core/tests/determinism/test_degenerate_flux_gate.cpp for CXX dependencies
2026-07-20T11:16:16.1461425Z [104/676] Scanning /home/runner/work/logcraft/logcraft/core/tests/determinism/test_determinism_build_axis.cpp for CXX dependencies
2026-07-20T11:16:16.1856576Z [105/676] Scanning /home/runner/work/logcraft/logcraft/core/tests/agent/test_agent_behaviors.cpp for CXX dependencies
2026-07-20T11:16:16.2966221Z [106/676] Scanning /home/runner/work/logcraft/logcraft/core/tests/determinism/test_counter_rng_phi_golden.cpp for CXX dependencies
2026-07-20T11:16:16.2967771Z [107/676] Scanning /home/runner/work/logcraft/logcraft/core/tests/determinism/test_determinism_bit_identical.cpp for CXX dependencies
2026-07-20T11:16:16.2972832Z [108/676] Scanning /home/runner/work/logcraft/logcraft/core/tests/determinism/test_determinism_causal_axis.cpp for CXX dependencies
2026-07-20T11:16:16.4137797Z [109/676] Scanning /home/runner/work/logcraft/logcraft/core/tests/determinism/test_determinism_do_operator.cpp for CXX dependencies
2026-07-20T11:16:16.4631171Z [110/676] Scanning /home/runner/work/logcraft/logcraft/core/tests/determinism/test_determinism_shm_gate.cpp for CXX dependencies
2026-07-20T11:16:16.4896441Z [111/676] Scanning /home/runner/work/logcraft/logcraft/core/tests/determinism/test_determinism_comprehensive.cpp for CXX dependencies
2026-07-20T11:16:16.5493672Z [112/676] Scanning /home/runner/work/logcraft/logcraft/core/tests/determinism/test_determinism_flow.cpp for CXX dependencies
2026-07-20T11:16:16.5543130Z [113/676] Scanning /home/runner/work/logcraft/logcraft/core/tests/determinism/test_determinism_e2e.cpp for CXX dependencies
2026-07-20T11:16:16.5870524Z [114/676] Scanning /home/runner/work/logcraft/logcraft/core/tests/determinism/test_field_weight_ramp.cpp for CXX dependencies
2026-07-20T11:16:16.6552728Z [115/676] Scanning /home/runner/work/logcraft/logcraft/core/tests/determinism/test_level_weight_ramp.cpp for CXX dependencies
2026-07-20T11:16:16.7581913Z [116/676] Scanning /home/runner/work/logcraft/logcraft/core/tests/determinism/test_flow_field_ramp.cpp for CXX dependencies
2026-07-20T11:16:16.7736133Z [117/676] Scanning /home/runner/work/logcraft/logcraft/core/tests/determinism/test_locale_independence_gate.cpp for CXX dependencies
2026-07-20T11:16:16.8501683Z [118/676] Scanning /home/runner/work/logcraft/logcraft/core/tests/determinism/test_runtime_timer_determinism.cpp for CXX dependencies
2026-07-20T11:16:16.8522884Z [119/676] Scanning /home/runner/work/logcraft/logcraft/core/tests/determinism/test_noise_duplication_replay.cpp for CXX dependencies
2026-07-20T11:16:16.9696251Z [120/676] Scanning /home/runner/work/logcraft/logcraft/core/tests/determinism/test_phase_rate_zero.cpp for CXX dependencies
2026-07-20T11:16:16.9815393Z [121/676] Scanning /home/runner/work/logcraft/logcraft/core/tests/determinism/test_span_fanout.cpp for CXX dependencies
2026-07-20T11:16:17.0054068Z [122/676] Scanning /home/runner/work/logcraft/logcraft/core/tests/determinism/test_virtual_clock_progression.cpp for CXX dependencies
2026-07-20T11:16:17.0946368Z [123/676] Scanning /home/runner/work/logcraft/logcraft/core/tests/determinism/test_span_trace_diff.cpp for CXX dependencies
2026-07-20T11:16:17.1390102Z [124/676] Scanning /home/runner/work/logcraft/logcraft/core/tests/engine/test_engine_lifecycle.cpp for CXX dependencies
2026-07-20T11:16:17.1424492Z [125/676] Scanning /home/runner/work/logcraft/logcraft/core/tests/engine/test_engine_manager.cpp for CXX dependencies
2026-07-20T11:16:17.2519839Z [126/676] Scanning /home/runner/work/logcraft/logcraft/core/tests/engine/test_engine_integration.cpp for CXX dependencies
2026-07-20T11:16:17.2597280Z [127/676] Scanning /home/runner/work/logcraft/logcraft/core/tests/determinism/test_time_source_lint.cpp for CXX dependencies
2026-07-20T11:16:17.3103710Z [128/676] Scanning /home/runner/work/logcraft/logcraft/core/tests/engine/test_engine_commands.cpp for CXX dependencies
2026-07-20T11:16:17.3440714Z [129/676] Scanning /home/runner/work/logcraft/logcraft/core/tests/foundation/test_sha256.cpp for CXX dependencies
2026-07-20T11:16:17.4270783Z [130/676] Scanning /home/runner/work/logcraft/logcraft/core/tests/engine/test_runtime_monitor.cpp for CXX dependencies
2026-07-20T11:16:17.4363808Z [131/676] Scanning /home/runner/work/logcraft/logcraft/core/tests/foundation/test_simulation_clock.cpp for CXX dependencies
2026-07-20T11:16:17.4796686Z [132/676] Scanning /home/runner/work/logcraft/logcraft/core/tests/foundation/test_spsc_ring.cpp for CXX dependencies
2026-07-20T11:16:17.4809244Z [133/676] Scanning /home/runner/work/logcraft/logcraft/core/tests/output/test_gha_document_g2.cpp for CXX dependencies
2026-07-20T11:16:17.6453791Z [134/676] Scanning /home/runner/work/logcraft/logcraft/core/tests/output/test_json_serializer.cpp for CXX dependencies
2026-07-20T11:16:17.6525139Z [135/676] Scanning /home/runner/work/logcraft/logcraft/core/tests/output/test_gha_intent_medium.cpp for CXX dependencies
2026-07-20T11:16:17.6766777Z [136/676] Scanning /home/runner/work/logcraft/logcraft/core/tests/output/test_engine_snapshot.cpp for CXX dependencies
2026-07-20T11:16:17.8033321Z [137/676] Scanning /home/runner/work/logcraft/logcraft/core/tests/output/test_output_formats.cpp for CXX dependencies
2026-07-20T11:16:17.8256303Z [138/676] Scanning /home/runner/work/logcraft/logcraft/core/tests/output/test_metric_emission.cpp for CXX dependencies
2026-07-20T11:16:17.8394380Z [139/676] Scanning /home/runner/work/logcraft/logcraft/core/tests/output/test_http_sink.cpp for CXX dependencies
2026-07-20T11:16:17.9265355Z [140/676] Scanning /home/runner/work/logcraft/logcraft/core/tests/output/test_per_agent_routing.cpp for CXX dependencies
2026-07-20T11:16:17.9798801Z [141/676] Scanning /home/runner/work/logcraft/logcraft/core/tests/output/test_replay_mode.cpp for CXX dependencies
2026-07-20T11:16:17.9821643Z [142/676] Scanning /home/runner/work/logcraft/logcraft/core/tests/output/test_structured_schemas.cpp for CXX dependencies
2026-07-20T11:16:17.9944739Z [143/676] Scanning /home/runner/work/logcraft/logcraft/core/tests/output/test_multi_format_output.cpp for CXX dependencies
2026-07-20T11:16:18.0476907Z [144/676] Scanning /home/runner/work/logcraft/logcraft/core/tests/output/test_shared_memory_sink.cpp for CXX dependencies
2026-07-20T11:16:18.1740647Z [145/676] Scanning /home/runner/work/logcraft/logcraft/core/tests/scenario/test_dsl_archetypes.cpp for CXX dependencies
2026-07-20T11:16:18.2082735Z [146/676] Scanning /home/runner/work/logcraft/logcraft/core/tests/output/test_window_seal_cursor.cpp for CXX dependencies
2026-07-20T11:16:18.3262941Z [147/676] Scanning /home/runner/work/logcraft/logcraft/core/tests/output/test_sharded_pipeline.cpp for CXX dependencies
2026-07-20T11:16:18.3289946Z [148/676] Scanning /home/runner/work/logcraft/logcraft/core/tests/scenario/test_dsl_capabilities.cpp for CXX dependencies
2026-07-20T11:16:18.4108989Z [149/676] Scanning /home/runner/work/logcraft/logcraft/core/tests/scenario/test_dsl_causal_axis.cpp for CXX dependencies
2026-07-20T11:16:18.4249723Z [150/676] Scanning /home/runner/work/logcraft/logcraft/core/tests/scenario/test_dsl_auto_determinism.cpp for CXX dependencies
2026-07-20T11:16:18.4257131Z [151/676] Scanning /home/runner/work/logcraft/logcraft/core/tests/scenario/test_dsl_build_axis.cpp for CXX dependencies
2026-07-20T11:16:18.5304597Z [152/676] Scanning /home/runner/work/logcraft/logcraft/core/tests/scenario/test_dsl_advanced.cpp for CXX dependencies
2026-07-20T11:16:18.5778979Z [153/676] Scanning /home/runner/work/logcraft/logcraft/core/tests/scenario/test_dsl_flows.cpp for CXX dependencies
2026-07-20T11:16:18.6587724Z [154/676] Scanning /home/runner/work/logcraft/logcraft/core/tests/scenario/test_dsl_incidents.cpp for CXX dependencies
2026-07-20T11:16:18.7196966Z [155/676] Scanning /home/runner/work/logcraft/logcraft/core/tests/scenario/test_dsl_outputs.cpp for CXX dependencies
2026-07-20T11:16:18.7644417Z [156/676] Scanning /home/runner/work/logcraft/logcraft/core/tests/scenario/test_dsl_fields.cpp for CXX dependencies
2026-07-20T11:16:18.7735090Z [157/676] Scanning /home/runner/work/logcraft/logcraft/core/tests/scenario/test_dsl_intent_axis.cpp for CXX dependencies
2026-07-20T11:16:18.8358090Z [158/676] Scanning /home/runner/work/logcraft/logcraft/core/tests/scenario/test_dsl_phases.cpp for CXX dependencies
2026-07-20T11:16:18.9419806Z [159/676] Scanning /home/runner/work/logcraft/logcraft/core/tests/scenario/test_field_value_type_derivation.cpp for CXX dependencies
2026-07-20T11:16:18.9619243Z [160/676] Scanning /home/runner/work/logcraft/logcraft/core/tests/scenario/test_loader_limits.cpp for CXX dependencies
2026-07-20T11:16:18.9735797Z [161/676] Scanning /home/runner/work/logcraft/logcraft/core/tests/scenario/test_dsl_scenario.cpp for CXX dependencies
2026-07-20T11:16:19.0036320Z [162/676] Scanning /home/runner/work/logcraft/logcraft/core/tests/scenario/test_dsl_validation.cpp for CXX dependencies
2026-07-20T11:16:19.0628771Z [163/676] Scanning /home/runner/work/logcraft/logcraft/core/tests/smf/test_smf_recording.cpp for CXX dependencies
2026-07-20T11:16:19.1094272Z [164/676] Scanning /home/runner/work/logcraft/logcraft/core/tests/smf/test_smf_v0.cpp for CXX dependencies
2026-07-20T11:16:19.1590321Z [165/676] Scanning /home/runner/work/logcraft/logcraft/core/tests/timeline/test_timeline_checkpoint.cpp for CXX dependencies
2026-07-20T11:16:19.1890508Z [166/676] Scanning /home/runner/work/logcraft/logcraft/core/tests/timeline/test_timeline_cursor.cpp for CXX dependencies
2026-07-20T11:16:19.1991594Z [167/676] Scanning /home/runner/work/logcraft/logcraft/core/src/agent/field_generator.cpp for CXX dependencies
2026-07-20T11:16:19.2463834Z [168/676] Scanning /home/runner/work/logcraft/logcraft/core/tests/timeline/test_timeline_metadata.cpp for CXX dependencies
2026-07-20T11:16:19.3372764Z [169/676] Scanning /home/runner/work/logcraft/logcraft/core/tests/timeline/test_timeline_unfolder.cpp for CXX dependencies
2026-07-20T11:16:19.3455245Z [170/676] Scanning /home/runner/work/logcraft/logcraft/core/src/engine/engine_api.cpp for CXX dependencies
2026-07-20T11:16:19.3480340Z [171/676] Scanning /home/runner/work/logcraft/logcraft/core/tests/timeline/test_shm_timeline_view.cpp for CXX dependencies
2026-07-20T11:16:19.5594854Z [172/676] Scanning /home/runner/work/logcraft/logcraft/core/src/agent/agent_generation.cpp for CXX dependencies
2026-07-20T11:16:19.5666834Z [173/676] Scanning /home/runner/work/logcraft/logcraft/core/src/agent/agent_registry.cpp for CXX dependencies
2026-07-20T11:16:19.5767056Z [174/676] Scanning /home/runner/work/logcraft/logcraft/core/src/engine/command_facade.cpp for CXX dependencies
2026-07-20T11:16:19.6228836Z [175/676] Scanning /home/runner/work/logcraft/logcraft/core/src/agent/agent_enrichment.cpp for CXX dependencies
2026-07-20T11:16:19.6775679Z [176/676] Building CXX object CMakeFiles/__cmake_cxx_std_23.dir/opt/gcc-15.3/include/c++/15.3.0/bits/std.cc.o
2026-07-20T11:16:19.7062012Z [177/676] Scanning /home/runner/work/logcraft/logcraft/core/src/agent/agent.cpp for CXX dependencies
2026-07-20T11:16:19.7118595Z [178/676] Scanning /home/runner/work/logcraft/logcraft/core/src/engine/runtime_monitor.cpp for CXX dependencies
2026-07-20T11:16:19.7185285Z [179/676] Scanning /home/runner/work/logcraft/logcraft/core/src/foundation/sha256.cpp for CXX dependencies
2026-07-20T11:16:19.7314089Z [180/676] Scanning /home/runner/work/logcraft/logcraft/core/src/foundation/simulation_clock.cpp for CXX dependencies
2026-07-20T11:16:19.8104489Z [181/676] Scanning /home/runner/work/logcraft/logcraft/core/src/foundation/time_context.cpp for CXX dependencies
2026-07-20T11:16:19.8777991Z [182/676] Scanning /home/runner/work/logcraft/logcraft/core/src/engine/engine_manager.cpp for CXX dependencies
2026-07-20T11:16:19.9399816Z [183/676] Scanning /home/runner/work/logcraft/logcraft/core/src/engine/engine_replay.cpp for CXX dependencies
2026-07-20T11:16:20.0175159Z [184/676] Scanning /home/runner/work/logcraft/logcraft/core/src/engine/replay_source.cpp for CXX dependencies
2026-07-20T11:16:20.0176112Z [185/676] Scanning /home/runner/work/logcraft/logcraft/core/src/engine/engine_command_surface.cpp for CXX dependencies
2026-07-20T11:16:20.0360522Z [186/676] Scanning /home/runner/work/logcraft/logcraft/core/src/agent/agent_scheduling.cpp for CXX dependencies
2026-07-20T11:16:20.0492664Z [187/676] Scanning /home/runner/work/logcraft/logcraft/core/src/output/gha_intent_medium.cpp for CXX dependencies
2026-07-20T11:16:20.0504782Z [188/676] Scanning /home/runner/work/logcraft/logcraft/core/src/engine/engine_lifecycle.cpp for CXX dependencies
2026-07-20T11:16:20.0556559Z [189/676] Scanning /home/runner/work/logcraft/logcraft/core/src/flow/flow_engine.cpp for CXX dependencies
2026-07-20T11:16:20.0608958Z [190/676] Scanning /home/runner/work/logcraft/logcraft/core/src/engine/engine.cpp for CXX dependencies
2026-07-20T11:16:20.0716897Z [191/676] Scanning /home/runner/work/logcraft/logcraft/core/src/output/log_formatter_cloud.cpp for CXX dependencies
2026-07-20T11:16:20.0718628Z [192/676] Scanning /home/runner/work/logcraft/logcraft/core/src/output/log_formatter_mobile.cpp for CXX dependencies
2026-07-20T11:16:20.0775194Z [193/676] Scanning /home/runner/work/logcraft/logcraft/core/src/output/log_formatter.cpp for CXX dependencies
2026-07-20T11:16:20.0775947Z [194/676] Scanning /home/runner/work/logcraft/logcraft/core/src/output/log_formatter_github_actions.cpp for CXX dependencies
2026-07-20T11:16:20.0900678Z [195/676] Scanning /home/runner/work/logcraft/logcraft/core/src/output/log_formatter_text.cpp for CXX dependencies
2026-07-20T11:16:20.1035099Z [196/676] Scanning /home/runner/work/logcraft/logcraft/core/src/output/log_formatter_syslog.cpp for CXX dependencies
2026-07-20T11:16:20.1676493Z [197/676] Scanning /home/runner/work/logcraft/logcraft/core/src/output/shared_memory_sink.cpp for CXX dependencies
2026-07-20T11:16:20.2240423Z [198/676] Scanning /home/runner/work/logcraft/logcraft/core/src/logging/logging_config.cpp for CXX dependencies
2026-07-20T11:16:20.2819987Z [199/676] Scanning /home/runner/work/logcraft/logcraft/core/src/logging/logger.cpp for CXX dependencies
2026-07-20T11:16:20.3217743Z [200/676] Scanning /home/runner/work/logcraft/logcraft/core/src/scenario/scenario_axis.cpp for CXX dependencies
2026-07-20T11:16:20.4151604Z [201/676] Scanning /home/runner/work/logcraft/logcraft/core/src/scenario/scenario_capabilities.cpp for CXX dependencies
2026-07-20T11:16:20.4277537Z [202/676] Scanning /home/runner/work/logcraft/logcraft/core/src/output/console_sink.cpp for CXX dependencies
2026-07-20T11:16:20.4329520Z [203/676] Scanning /home/runner/work/logcraft/logcraft/core/src/output/file_sink.cpp for CXX dependencies
2026-07-20T11:16:20.4814409Z [204/676] Scanning /home/runner/work/logcraft/logcraft/core/src/scenario/scenario_agent_parsing.cpp for CXX dependencies
2026-07-20T11:16:20.5048780Z [205/676] Scanning /home/runner/work/logcraft/logcraft/core/src/output/sharded_pipeline.cpp for CXX dependencies
2026-07-20T11:16:20.5310375Z [206/676] Scanning /home/runner/work/logcraft/logcraft/core/src/output/recording_sink.cpp for CXX dependencies
2026-07-20T11:16:20.6677576Z [207/676] Scanning /home/runner/work/logcraft/logcraft/core/src/scenario/scenario_component_parsing.cpp for CXX dependencies
2026-07-20T11:16:20.6848898Z [208/676] Scanning /home/runner/work/logcraft/logcraft/core/src/scenario/scenario_flow_parsing.cpp for CXX dependencies
2026-07-20T11:16:20.7410297Z [209/676] Scanning /home/runner/work/logcraft/logcraft/core/src/smf/smf_manifest.cpp for CXX dependencies
2026-07-20T11:16:20.7495971Z [210/676] Scanning /home/runner/work/logcraft/logcraft/core/src/output/output_manager.cpp for CXX dependencies
2026-07-20T11:16:20.7868175Z [211/676] Scanning /home/runner/work/logcraft/logcraft/core/src/smf/smf_reader.cpp for CXX dependencies
2026-07-20T11:16:20.8051082Z [212/676] Scanning /home/runner/work/logcraft/logcraft/core/src/smf/smf_writer.cpp for CXX dependencies
2026-07-20T11:16:20.8275648Z [213/676] Scanning /home/runner/work/logcraft/logcraft/core/src/output/smf_recording_sink.cpp for CXX dependencies
2026-07-20T11:16:20.8437771Z [214/676] Scanning /home/runner/work/logcraft/logcraft/core/src/timeline/timeline_cursor.cpp for CXX dependencies
2026-07-20T11:16:20.8456369Z [215/676] Scanning /home/runner/work/logcraft/logcraft/core/src/scenario/scenario_registry_resolution.cpp for CXX dependencies
2026-07-20T11:16:20.8622013Z [216/676] Scanning /home/runner/work/logcraft/logcraft/core/src/timeline/timeline_engine.cpp for CXX dependencies
2026-07-20T11:16:20.9376533Z [217/676] Scanning /home/runner/work/logcraft/logcraft/core/api/core.cppm for CXX dependencies
2026-07-20T11:16:20.9448068Z [218/676] Scanning /home/runner/work/logcraft/logcraft/core/src/scenario/scenario_section_dispatch.cpp for CXX dependencies
2026-07-20T11:16:20.9629265Z [219/676] Scanning /home/runner/work/logcraft/logcraft/core/src/output/http_sink.cpp for CXX dependencies
2026-07-20T11:16:20.9748543Z [220/676] Scanning /home/runner/work/logcraft/logcraft/core/api/core.api-agent.cppm for CXX dependencies
2026-07-20T11:16:20.9749915Z [221/676] Scanning /home/runner/work/logcraft/logcraft/core/api/core.api-engine.cppm for CXX dependencies
2026-07-20T11:16:20.9780214Z [222/676] Scanning /home/runner/work/logcraft/logcraft/core/api/core.api-output.cppm for CXX dependencies
2026-07-20T11:16:20.9854936Z [223/676] Scanning /home/runner/work/logcraft/logcraft/core/api/core.api-scenario.cppm for CXX dependencies
2026-07-20T11:16:20.9977385Z [224/676] Scanning /home/runner/work/logcraft/logcraft/core/api/core.api-value.cppm for CXX dependencies
2026-07-20T11:16:21.0222978Z [225/676] Scanning /home/runner/work/logcraft/logcraft/core/api/core.api.cppm for CXX dependencies
2026-07-20T11:16:21.0263345Z [226/676] Scanning /home/runner/work/logcraft/logcraft/core/api/core.api-timeline.cppm for CXX dependencies
2026-07-20T11:16:21.0309346Z [227/676] Scanning /home/runner/work/logcraft/logcraft/core/src/output/metrics_sink.cpp for CXX dependencies
2026-07-20T11:16:21.0417560Z [228/676] Scanning /home/runner/work/logcraft/logcraft/core/src/agent/core.detail.agent.cppm for CXX dependencies
2026-07-20T11:16:21.0547345Z [229/676] Scanning /home/runner/work/logcraft/logcraft/core/src/flow/core.detail.flow.cppm for CXX dependencies
2026-07-20T11:16:21.0595999Z [230/676] Scanning /home/runner/work/logcraft/logcraft/core/src/core.internal.cppm for CXX dependencies
2026-07-20T11:16:21.0654602Z [231/676] Scanning /home/runner/work/logcraft/logcraft/core/src/foundation/core.detail.foundation-hash.cppm for CXX dependencies
2026-07-20T11:16:21.0766516Z [232/676] Scanning /home/runner/work/logcraft/logcraft/core/src/scenario/scenario_validation.cpp for CXX dependencies
2026-07-20T11:16:21.0805659Z [233/676] Scanning /home/runner/work/logcraft/logcraft/core/src/foundation/core.detail.foundation-pipeline.cppm for CXX dependencies
2026-07-20T11:16:21.0933348Z [234/676] Scanning /home/runner/work/logcraft/logcraft/core/src/foundation/core.detail.foundation.cppm for CXX dependencies
2026-07-20T11:16:21.0969151Z [235/676] Scanning /home/runner/work/logcraft/logcraft/core/src/scenario/scenario_loader_detail.cpp for CXX dependencies
2026-07-20T11:16:21.0975198Z [236/676] Scanning /home/runner/work/logcraft/logcraft/core/src/foundation/core.detail.foundation-random.cppm for CXX dependencies
2026-07-20T11:16:21.1085156Z [237/676] Scanning /home/runner/work/logcraft/logcraft/core/src/scenario/scenario_loader.cpp for CXX dependencies
2026-07-20T11:16:21.1186838Z [238/676] Scanning /home/runner/work/logcraft/logcraft/core/src/output/core.detail.output.cppm for CXX dependencies
2026-07-20T11:16:21.1269042Z [239/676] Scanning /home/runner/work/logcraft/logcraft/core/src/smf/core.detail.smf.cppm for CXX dependencies
2026-07-20T11:16:21.1338392Z [240/676] Scanning /home/runner/work/logcraft/logcraft/core/src/output/core.detail.output-formatter.cppm for CXX dependencies
2026-07-20T11:16:21.1344588Z [241/676] Scanning /home/runner/work/logcraft/logcraft/core/src/output/core.detail.output-sink.cppm for CXX dependencies
2026-07-20T11:16:21.1360447Z [242/676] Scanning /home/runner/work/logcraft/logcraft/core/src/timeline/core.detail.timeline.cppm for CXX dependencies
2026-07-20T11:16:21.1507028Z [243/676] Scanning /home/runner/work/logcraft/logcraft/core/tests/core.test.cppm for CXX dependencies
2026-07-20T11:16:21.2434401Z [244/676] Scanning /home/runner/work/logcraft/logcraft/core/src/timeline/timeline_unfolder.cpp for CXX dependencies
2026-07-20T11:16:21.2734185Z [245/676] Scanning /home/runner/work/logcraft/logcraft/core/src/timeline/flow_unfolder.cpp for CXX dependencies
2026-07-20T11:16:21.2744338Z [246/676] Scanning /home/runner/work/logcraft/logcraft/core/src/timeline/shm_timeline_view.cpp for CXX dependencies
2026-07-20T11:16:21.3935034Z [247/676] Scanning /home/runner/work/logcraft/logcraft/core/src/engine/core.detail.engine.cppm for CXX dependencies
2026-07-20T11:16:21.4257039Z [248/676] Scanning /home/runner/work/logcraft/logcraft/core/tests/module/test_logcraft_core_module_import.cpp for CXX dependencies
2026-07-20T11:16:21.4803672Z [249/676] Scanning /home/runner/work/logcraft/logcraft/core/benchmarks/bench_engine_throughput.cpp for CXX dependencies
2026-07-20T11:16:21.4892026Z [250/676] Scanning /home/runner/work/logcraft/logcraft/core/benchmarks/bench_deterministic_replay.cpp for CXX dependencies
2026-07-20T11:16:21.4910638Z [251/676] Scanning /home/runner/work/logcraft/logcraft/core/benchmarks/bench_field_generators.cpp for CXX dependencies
2026-07-20T11:16:21.5266000Z [252/676] Scanning /home/runner/work/logcraft/logcraft/core/src/scenario/core.detail.scenario.cppm for CXX dependencies
2026-07-20T11:16:21.5294498Z [253/676] Scanning /home/runner/work/logcraft/logcraft/core/benchmarks/bench_log_formatter.cpp for CXX dependencies
2026-07-20T11:16:21.5746586Z [254/676] Scanning /home/runner/work/logcraft/logcraft/core/src/logging/core.detail.logging.cppm for CXX dependencies
2026-07-20T11:16:21.6616084Z [255/676] Scanning /home/runner/work/logcraft/logcraft/core/benchmarks/bench_phase_split.cpp for CXX dependencies
2026-07-20T11:16:21.7005187Z [256/676] Scanning /home/runner/work/logcraft/logcraft/core/benchmarks/bench_main.cpp for CXX dependencies
2026-07-20T11:16:21.7006469Z [257/676] Scanning /home/runner/work/logcraft/logcraft/core/src/agent/field_generator.cpp for CXX dependencies
2026-07-20T11:16:21.7023645Z [258/676] Scanning /home/runner/work/logcraft/logcraft/core/benchmarks/bench_sharded_pipeline.cpp for CXX dependencies
2026-07-20T11:16:21.7064652Z [259/676] Scanning /home/runner/work/logcraft/logcraft/core/benchmarks/bench_ring_throughput.cpp for CXX dependencies
2026-07-20T11:16:21.7268900Z [260/676] Scanning /home/runner/work/logcraft/logcraft/core/src/engine/engine_api.cpp for CXX dependencies
2026-07-20T11:16:21.7794467Z [261/676] Scanning /home/runner/work/logcraft/logcraft/core/benchmarks/bench_timeline_seek.cpp for CXX dependencies
2026-07-20T11:16:21.9506341Z [262/676] Scanning /home/runner/work/logcraft/logcraft/core/src/agent/agent_registry.cpp for CXX dependencies
2026-07-20T11:16:22.0226428Z [263/676] Scanning /home/runner/work/logcraft/logcraft/core/src/agent/agent.cpp for CXX dependencies
2026-07-20T11:16:22.0469334Z [264/676] Scanning /home/runner/work/logcraft/logcraft/core/src/engine/command_facade.cpp for CXX dependencies
2026-07-20T11:16:22.0675067Z [265/676] Scanning /home/runner/work/logcraft/logcraft/core/src/agent/agent_scheduling.cpp for CXX dependencies
2026-07-20T11:16:22.0900792Z [266/676] Scanning /home/runner/work/logcraft/logcraft/core/src/engine/runtime_monitor.cpp for CXX dependencies
2026-07-20T11:16:22.1103823Z [267/676] Scanning /home/runner/work/logcraft/logcraft/core/src/foundation/sha256.cpp for CXX dependencies
2026-07-20T11:16:22.1407003Z [268/676] Scanning /home/runner/work/logcraft/logcraft/core/src/foundation/simulation_clock.cpp for CXX dependencies
2026-07-20T11:16:22.1439127Z [269/676] Scanning /home/runner/work/logcraft/logcraft/core/src/engine/engine.cpp for CXX dependencies
2026-07-20T11:16:22.1487698Z [270/676] Scanning /home/runner/work/logcraft/logcraft/core/src/agent/agent_generation.cpp for CXX dependencies
2026-07-20T11:16:22.1747570Z [271/676] Scanning /home/runner/work/logcraft/logcraft/core/src/foundation/time_context.cpp for CXX dependencies
2026-07-20T11:16:22.2135407Z [272/676] Scanning /home/runner/work/logcraft/logcraft/core/src/agent/agent_enrichment.cpp for CXX dependencies
2026-07-20T11:16:22.2828593Z [273/676] Scanning /home/runner/work/logcraft/logcraft/core/src/engine/engine_replay.cpp for CXX dependencies
2026-07-20T11:16:22.3172236Z [274/676] Scanning /home/runner/work/logcraft/logcraft/core/src/output/gha_intent_medium.cpp for CXX dependencies
2026-07-20T11:16:22.3316319Z [275/676] Scanning /home/runner/work/logcraft/logcraft/core/src/engine/engine_manager.cpp for CXX dependencies
2026-07-20T11:16:22.3488574Z [276/676] Scanning /home/runner/work/logcraft/logcraft/core/src/flow/flow_engine.cpp for CXX dependencies
2026-07-20T11:16:22.3536495Z [277/676] Scanning /home/runner/work/logcraft/logcraft/core/src/output/log_formatter.cpp for CXX dependencies
2026-07-20T11:16:22.3674159Z [278/676] Scanning /home/runner/work/logcraft/logcraft/core/src/output/log_formatter_cloud.cpp for CXX dependencies
2026-07-20T11:16:22.3975181Z [279/676] Scanning /home/runner/work/logcraft/logcraft/core/src/engine/engine_command_surface.cpp for CXX dependencies
2026-07-20T11:16:22.3975872Z [280/676] Scanning /home/runner/work/logcraft/logcraft/core/src/output/log_formatter_github_actions.cpp for CXX dependencies
2026-07-20T11:16:22.4054044Z [281/676] Scanning /home/runner/work/logcraft/logcraft/core/src/output/log_formatter_syslog.cpp for CXX dependencies
2026-07-20T11:16:22.4272994Z [282/676] Scanning /home/runner/work/logcraft/logcraft/core/src/output/log_formatter_text.cpp for CXX dependencies
2026-07-20T11:16:22.4295983Z [283/676] Scanning /home/runner/work/logcraft/logcraft/core/src/output/log_formatter_mobile.cpp for CXX dependencies
2026-07-20T11:16:22.4731354Z [284/676] Scanning /home/runner/work/logcraft/logcraft/core/src/output/console_sink.cpp for CXX dependencies
2026-07-20T11:16:22.4883937Z [285/676] Scanning /home/runner/work/logcraft/logcraft/core/src/engine/engine_lifecycle.cpp for CXX dependencies
2026-07-20T11:16:22.5270931Z [286/676] Scanning /home/runner/work/logcraft/logcraft/core/src/output/shared_memory_sink.cpp for CXX dependencies
2026-07-20T11:16:22.5642089Z [287/676] Scanning /home/runner/work/logcraft/logcraft/core/src/logging/logger.cpp for CXX dependencies
2026-07-20T11:16:22.5987799Z [288/676] Scanning /home/runner/work/logcraft/logcraft/core/src/logging/logging_config.cpp for CXX dependencies
2026-07-20T11:16:22.6090566Z [289/676] Scanning /home/runner/work/logcraft/logcraft/core/src/engine/replay_source.cpp for CXX dependencies
2026-07-20T11:16:22.6093667Z [290/676] Scanning /home/runner/work/logcraft/logcraft/core/src/output/file_sink.cpp for CXX dependencies
2026-07-20T11:16:22.6269975Z [291/676] Scanning /home/runner/work/logcraft/logcraft/core/src/scenario/scenario_capabilities.cpp for CXX dependencies
2026-07-20T11:16:22.6502467Z [292/676] Scanning /home/runner/work/logcraft/logcraft/core/src/scenario/scenario_axis.cpp for CXX dependencies
2026-07-20T11:16:22.7599825Z [293/676] Scanning /home/runner/work/logcraft/logcraft/core/src/output/output_manager.cpp for CXX dependencies
2026-07-20T11:16:22.7635757Z [294/676] Scanning /home/runner/work/logcraft/logcraft/core/src/output/recording_sink.cpp for CXX dependencies
2026-07-20T11:16:22.8497770Z [295/676] Scanning /home/runner/work/logcraft/logcraft/core/src/scenario/scenario_agent_parsing.cpp for CXX dependencies
2026-07-20T11:16:22.8986452Z [296/676] Scanning /home/runner/work/logcraft/logcraft/core/src/scenario/scenario_flow_parsing.cpp for CXX dependencies
2026-07-20T11:16:22.9146014Z [297/676] Scanning /home/runner/work/logcraft/logcraft/core/src/output/smf_recording_sink.cpp for CXX dependencies
2026-07-20T11:16:22.9537801Z [298/676] Scanning /home/runner/work/logcraft/logcraft/core/src/smf/smf_manifest.cpp for CXX dependencies
2026-07-20T11:16:22.9669742Z [299/676] Scanning /home/runner/work/logcraft/logcraft/core/src/scenario/scenario_component_parsing.cpp for CXX dependencies
2026-07-20T11:16:22.9836426Z [300/676] Scanning /home/runner/work/logcraft/logcraft/core/src/output/sharded_pipeline.cpp for CXX dependencies
2026-07-20T11:16:22.9853451Z [301/676] Scanning /home/runner/work/logcraft/logcraft/core/src/smf/smf_reader.cpp for CXX dependencies
2026-07-20T11:16:22.9966458Z [302/676] Scanning /home/runner/work/logcraft/logcraft/core/src/smf/smf_writer.cpp for CXX dependencies
2026-07-20T11:16:23.0016515Z [303/676] Scanning /home/runner/work/logcraft/logcraft/core/src/scenario/scenario_loader.cpp for CXX dependencies
2026-07-20T11:16:23.0341016Z [304/676] Scanning /home/runner/work/logcraft/logcraft/core/src/timeline/timeline_engine.cpp for CXX dependencies
2026-07-20T11:16:23.0390774Z [305/676] Scanning /home/runner/work/logcraft/logcraft/core/src/timeline/timeline_cursor.cpp for CXX dependencies
2026-07-20T11:16:23.0595177Z [306/676] Scanning /home/runner/work/logcraft/logcraft/core/api/core.cppm for CXX dependencies
2026-07-20T11:16:23.0675117Z [307/676] Scanning /home/runner/work/logcraft/logcraft/core/src/output/http_sink.cpp for CXX dependencies
2026-07-20T11:16:23.0861507Z [308/676] Scanning /home/runner/work/logcraft/logcraft/core/src/output/metrics_sink.cpp for CXX dependencies
2026-07-20T11:16:23.0896766Z [309/676] Scanning /home/runner/work/logcraft/logcraft/core/src/scenario/scenario_registry_resolution.cpp for CXX dependencies
2026-07-20T11:16:23.1022362Z [310/676] Scanning /home/runner/work/logcraft/logcraft/core/src/scenario/scenario_loader_detail.cpp for CXX dependencies
2026-07-20T11:16:23.1042824Z [311/676] Scanning /home/runner/work/logcraft/logcraft/core/api/core.api-engine.cppm for CXX dependencies
2026-07-20T11:16:23.1060301Z [312/676] Scanning /home/runner/work/logcraft/logcraft/core/api/core.api-agent.cppm for CXX dependencies
2026-07-20T11:16:23.1146737Z [313/676] Scanning /home/runner/work/logcraft/logcraft/core/src/scenario/scenario_section_dispatch.cpp for CXX dependencies
2026-07-20T11:16:23.1222927Z [314/676] Scanning /home/runner/work/logcraft/logcraft/core/api/core.api-output.cppm for CXX dependencies
2026-07-20T11:16:23.1238169Z [315/676] Scanning /home/runner/work/logcraft/logcraft/core/api/core.api-scenario.cppm for CXX dependencies
2026-07-20T11:16:23.1247743Z [316/676] Scanning /home/runner/work/logcraft/logcraft/core/api/core.api-timeline.cppm for CXX dependencies
2026-07-20T11:16:23.1342632Z [317/676] Scanning /home/runner/work/logcraft/logcraft/core/api/core.api.cppm for CXX dependencies
2026-07-20T11:16:23.1395044Z [318/676] Scanning /home/runner/work/logcraft/logcraft/core/api/core.api-value.cppm for CXX dependencies
2026-07-20T11:16:23.1409835Z [319/676] Scanning /home/runner/work/logcraft/logcraft/core/src/agent/core.detail.agent.cppm for CXX dependencies
2026-07-20T11:16:23.1410520Z [320/676] Scanning /home/runner/work/logcraft/logcraft/core/src/core.internal.cppm for CXX dependencies
2026-07-20T11:16:23.1558515Z [321/676] Scanning /home/runner/work/logcraft/logcraft/core/src/flow/core.detail.flow.cppm for CXX dependencies
2026-07-20T11:16:23.1671327Z [322/676] Scanning /home/runner/work/logcraft/logcraft/core/src/foundation/core.detail.foundation-random.cppm for CXX dependencies
2026-07-20T11:16:23.1716473Z [323/676] Scanning /home/runner/work/logcraft/logcraft/core/src/foundation/core.detail.foundation.cppm for CXX dependencies
2026-07-20T11:16:23.1735199Z [324/676] Scanning /home/runner/work/logcraft/logcraft/core/src/foundation/core.detail.foundation-hash.cppm for CXX dependencies
2026-07-20T11:16:23.1798080Z [325/676] Scanning /home/runner/work/logcraft/logcraft/core/src/foundation/core.detail.foundation-pipeline.cppm for CXX dependencies
2026-07-20T11:16:23.1950935Z [326/676] Scanning /home/runner/work/logcraft/logcraft/core/src/output/core.detail.output.cppm for CXX dependencies
2026-07-20T11:16:23.2009337Z [327/676] Scanning /home/runner/work/logcraft/logcraft/core/src/output/core.detail.output-sink.cppm for CXX dependencies
2026-07-20T11:16:23.2121403Z [328/676] Scanning /home/runner/work/logcraft/logcraft/core/src/smf/core.detail.smf.cppm for CXX dependencies
2026-07-20T11:16:23.2232266Z [329/676] Scanning /home/runner/work/logcraft/logcraft/core/src/timeline/core.detail.timeline.cppm for CXX dependencies
2026-07-20T11:16:23.2610401Z [330/676] Scanning /home/runner/work/logcraft/logcraft/core/benchmarks/core.bench.cppm for CXX dependencies
2026-07-20T11:16:23.2738320Z [331/676] Scanning /home/runner/work/logcraft/logcraft/core/src/output/core.detail.output-formatter.cppm for CXX dependencies
2026-07-20T11:16:23.2928961Z [332/676] Scanning /home/runner/work/logcraft/logcraft/core/src/timeline/shm_timeline_view.cpp for CXX dependencies
2026-07-20T11:16:23.3035296Z [333/676] Scanning /home/runner/work/logcraft/logcraft/core/cli/logcraft_validate.cpp for CXX dependencies
2026-07-20T11:16:23.3093945Z [334/676] Scanning /home/runner/work/logcraft/logcraft/core/src/scenario/scenario_validation.cpp for CXX dependencies
2026-07-20T11:16:23.3118877Z [335/676] Generating CXX dyndep file CMakeFiles/logcraft_validate.dir/CXX.dd
2026-07-20T11:16:23.3255847Z [336/676] Generating CXX dyndep file CMakeFiles/logcraft_core_module_test.dir/CXX.dd
2026-07-20T11:16:23.3369495Z [337/676] Building CXX object CMakeFiles/logcraft_core.dir/src/core.internal.cppm.o
2026-07-20T11:16:23.3509616Z [338/676] Generating CXX dyndep file CMakeFiles/logcraft_core_tests.dir/CXX.dd
2026-07-20T11:16:23.3884181Z [339/679] Scanning /home/runner/work/logcraft/logcraft/core/src/timeline/flow_unfolder.cpp for CXX dependencies
2026-07-20T11:16:23.3976157Z [340/679] Scanning /home/runner/work/logcraft/logcraft/core/src/timeline/timeline_unfolder.cpp for CXX dependencies
2026-07-20T11:16:23.3988490Z [341/679] Building CXX object 'CMakeFiles/insight__canon@synth_bb333fe43d17.dir/f1bb0697f230.bmi'
2026-07-20T11:16:23.4163733Z [342/679] Building CXX object CMakeFiles/logcraft_core.dir/api/core.api-timeline.cppm.o
2026-07-20T11:16:23.5533992Z [343/679] Scanning /home/runner/work/logcraft/logcraft/core/src/logging/core.detail.logging.cppm for CXX dependencies
2026-07-20T11:16:23.6034984Z [344/679] Scanning /home/runner/work/logcraft/logcraft/core/src/engine/core.detail.engine.cppm for CXX dependencies
2026-07-20T11:16:23.6171585Z [345/679] Scanning /home/runner/work/logcraft/logcraft/core/src/scenario/core.detail.scenario.cppm for CXX dependencies
2026-07-20T11:16:23.6333796Z [346/679] Building CXX object CMakeFiles/logcraft_core_tests.dir/src/core.internal.cppm.o
2026-07-20T11:16:23.6584253Z [347/679] Generating CXX dyndep file CMakeFiles/logcraft_core_bench.dir/CXX.dd
2026-07-20T11:16:23.7851269Z [348/679] Building CXX object CMakeFiles/logcraft_core_tests.dir/api/core.api-timeline.cppm.o
2026-07-20T11:16:23.9596093Z [349/679] Building CXX object CMakeFiles/__cmake_cxx_std_23.dir/opt/gcc-15.3/include/c++/15.3.0/bits/std.compat.cc.o
2026-07-20T11:16:24.1213715Z [350/679] Building CXX object CMakeFiles/logcraft_core.dir/src/foundation/core.detail.foundation-hash.cppm.o
2026-07-20T11:16:24.1463082Z [351/679] Building CXX object CMakeFiles/logcraft_core.dir/src/foundation/core.detail.foundation-random.cppm.o
2026-07-20T11:16:24.1647493Z [352/679] Linking CXX static library lib__cmake_cxx_std_23.a
2026-07-20T11:16:24.2311193Z [353/679] Building CXX object CMakeFiles/logcraft_core.dir/api/core.api-value.cppm.o
2026-07-20T11:16:24.2322741Z [354/679] Building CXX object 'CMakeFiles/coderoast__ipc__core@synth_bb333fe43d17.dir/8a28d7147fd2.bmi'
2026-07-20T11:16:24.2553836Z [355/679] Building CXX object CMakeFiles/logcraft_core.dir/api/core.api-output.cppm.o
2026-07-20T11:16:24.3573885Z [356/679] Building CXX object CMakeFiles/logcraft_core_bench.dir/src/core.internal.cppm.o
2026-07-20T11:16:24.6292663Z [357/679] Building CXX object CMakeFiles/logcraft_core_tests.dir/api/core.api-output.cppm.o
2026-07-20T11:16:24.6944441Z [358/679] Building CXX object CMakeFiles/logcraft_core_tests.dir/api/core.api-value.cppm.o
2026-07-20T11:16:24.7207057Z [359/679] Building CXX object CMakeFiles/logcraft_core_bench.dir/api/core.api-timeline.cppm.o
2026-07-20T11:16:24.8301079Z [360/679] Building CXX object CMakeFiles/logcraft_core_tests.dir/src/foundation/core.detail.foundation-random.cppm.o
2026-07-20T11:16:24.8524761Z [361/679] Building CXX object CMakeFiles/logcraft_core_tests.dir/src/foundation/core.detail.foundation-hash.cppm.o
2026-07-20T11:16:25.8187748Z [362/679] Building CXX object CMakeFiles/logcraft_core_bench.dir/api/core.api-output.cppm.o
2026-07-20T11:16:25.8787085Z [363/679] Building CXX object CMakeFiles/logcraft_core_bench.dir/src/foundation/core.detail.foundation-hash.cppm.o
2026-07-20T11:16:26.2934865Z [364/679] Building CXX object CMakeFiles/logcraft_core_bench.dir/src/foundation/core.detail.foundation-random.cppm.o
2026-07-20T11:16:26.3794164Z [365/679] Building CXX object 'CMakeFiles/coderoast__ipc__producer@synth_bb333fe43d17.dir/a9919dbe5e42.bmi'
2026-07-20T11:16:26.5185110Z [366/679] Building CXX object CMakeFiles/logcraft_core.dir/api/core.api-agent.cppm.o
2026-07-20T11:16:26.5185990Z [367/679] Building CXX object CMakeFiles/logcraft_core_bench.dir/api/core.api-value.cppm.o
2026-07-20T11:16:27.1493338Z [368/679] Building CXX object 'CMakeFiles/coderoast__ipc__consumer@synth_bb333fe43d17.dir/a86c829c7c97.bmi'
2026-07-20T11:16:27.3065667Z [369/679] Building CXX object CMakeFiles/logcraft_core_tests.dir/api/core.api-agent.cppm.o
2026-07-20T11:16:27.6300712Z [370/679] Building CXX object CMakeFiles/logcraft_core.dir/api/core.api-scenario.cppm.o
2026-07-20T11:16:27.8219398Z [371/679] Building CXX object 'CMakeFiles/insight__canon@synth_bb333fe43d17.dir/a3eb720c0852.bmi'
2026-07-20T11:16:27.8624114Z [372/679] Building CXX object CMakeFiles/logcraft_core.dir/src/logging/core.detail.logging.cppm.o
2026-07-20T11:16:27.9577448Z [373/679] Building CXX object CMakeFiles/logcraft_core_bench.dir/api/core.api-agent.cppm.o
2026-07-20T11:16:28.2318640Z [374/679] Building CXX object CMakeFiles/logcraft_core_tests.dir/src/logging/core.detail.logging.cppm.o
2026-07-20T11:16:28.2533970Z [375/679] Building CXX object CMakeFiles/logcraft_core_tests.dir/api/core.api-scenario.cppm.o
2026-07-20T11:16:28.2705532Z [376/679] Building CXX object CMakeFiles/logcraft_core.dir/api/core.api-engine.cppm.o
2026-07-20T11:16:28.3008919Z [377/679] Building CXX object CMakeFiles/logcraft_core_bench.dir/benchmarks/bench_main.cpp.o
2026-07-20T11:16:28.6730437Z [378/679] Building CXX object 'CMakeFiles/insight__canon@synth_bb333fe43d17.dir/b2f60ca95d96.bmi'
2026-07-20T11:16:28.9095357Z [379/679] Building CXX object CMakeFiles/logcraft_core_tests.dir/api/core.api-engine.cppm.o
2026-07-20T11:16:29.0900779Z [380/679] Building CXX object CMakeFiles/logcraft_core_bench.dir/src/logging/core.detail.logging.cppm.o
2026-07-20T11:16:29.1108251Z [381/679] Building CXX object CMakeFiles/logcraft_core_bench.dir/api/core.api-scenario.cppm.o
2026-07-20T11:16:29.2614537Z [382/679] Building CXX object CMakeFiles/logcraft_core.dir/api/core.api.cppm.o
2026-07-20T11:16:29.3105172Z [383/679] Building CXX object 'CMakeFiles/insight__semantic_github@synth_bb333fe43d17.dir/bf6e69567817.bmi'
2026-07-20T11:16:29.7780853Z [384/679] Building CXX object CMakeFiles/logcraft_core_bench.dir/api/core.api-engine.cppm.o
2026-07-20T11:16:29.9555324Z [385/679] Building CXX object 'CMakeFiles/insight__canon@synth_bb333fe43d17.dir/cd10ba7d7693.bmi'
2026-07-20T11:16:30.0127273Z [386/679] Building CXX object CMakeFiles/logcraft_core.dir/api/core.cppm.o
2026-07-20T11:16:30.0643819Z [387/679] Building CXX object CMakeFiles/logcraft_core_tests.dir/api/core.api.cppm.o
2026-07-20T11:16:30.8746334Z [388/679] Building CXX object CMakeFiles/logcraft_core.dir/src/scenario/scenario_capabilities.cpp.o
2026-07-20T11:16:31.0427618Z [389/679] Building CXX object CMakeFiles/logcraft_core.dir/src/foundation/time_context.cpp.o
2026-07-20T11:16:31.0697051Z [390/679] Building CXX object CMakeFiles/logcraft_core.dir/src/foundation/core.detail.foundation-pipeline.cppm.o
2026-07-20T11:16:31.1524439Z [391/679] Building CXX object CMakeFiles/logcraft_core.dir/src/scenario/scenario_axis.cpp.o
2026-07-20T11:16:31.5460620Z [392/679] Building CXX object CMakeFiles/logcraft_core_tests.dir/src/foundation/time_context.cpp.o
2026-07-20T11:16:31.6943396Z [393/679] Building CXX object CMakeFiles/logcraft_core.dir/src/logging/logger.cpp.o
2026-07-20T11:16:31.6944159Z [394/679] Building CXX object CMakeFiles/logcraft_core_tests.dir/src/scenario/scenario_axis.cpp.o
2026-07-20T11:16:32.2075028Z [395/679] Building CXX object CMakeFiles/logcraft_core.dir/src/foundation/core.detail.foundation.cppm.o
2026-07-20T11:16:32.5126082Z [396/679] Building CXX object CMakeFiles/logcraft_core_tests.dir/src/scenario/scenario_capabilities.cpp.o
2026-07-20T11:16:32.5457098Z [397/679] Building CXX object CMakeFiles/logcraft_core_tests.dir/api/core.cppm.o
2026-07-20T11:16:32.6788911Z [398/679] Building CXX object CMakeFiles/logcraft_core_bench.dir/src/logging/logger.cpp.o
2026-07-20T11:16:32.7678702Z [399/679] Building CXX object CMakeFiles/logcraft_core_tests.dir/src/logging/logger.cpp.o
2026-07-20T11:16:33.4656491Z [400/679] Building CXX object CMakeFiles/logcraft_core.dir/src/output/core.detail.output-formatter.cppm.o
2026-07-20T11:16:33.5214851Z [401/679] Building CXX object CMakeFiles/logcraft_core.dir/src/foundation/simulation_clock.cpp.o
2026-07-20T11:16:33.6886069Z [402/679] Building CXX object CMakeFiles/logcraft_core.dir/src/agent/core.detail.agent.cppm.o
2026-07-20T11:16:33.7046063Z [403/679] Building CXX object CMakeFiles/logcraft_core.dir/src/scenario/core.detail.scenario.cppm.o
2026-07-20T11:16:33.7888119Z [404/679] Building CXX object CMakeFiles/logcraft_core.dir/src/logging/logging_config.cpp.o
2026-07-20T11:16:33.7948000Z [405/679] Building CXX object CMakeFiles/logcraft_core.dir/src/smf/core.detail.smf.cppm.o
2026-07-20T11:16:33.8061022Z [406/679] Building CXX object CMakeFiles/logcraft_core_tests.dir/src/foundation/core.detail.foundation-pipeline.cppm.o
2026-07-20T11:16:33.8097398Z [407/679] Building CXX object CMakeFiles/logcraft_core.dir/src/foundation/sha256.cpp.o
2026-07-20T11:16:34.5272738Z [408/679] Building CXX object CMakeFiles/logcraft_core_bench.dir/api/core.api.cppm.o
2026-07-20T11:16:35.4117836Z [409/679] Building CXX object CMakeFiles/logcraft_core_module_test.dir/tests/module/test_logcraft_core_module_import.cpp.o
2026-07-20T11:16:37.0145560Z [410/679] Building CXX object CMakeFiles/logcraft_core_tests.dir/src/logging/logging_config.cpp.o
2026-07-20T11:16:37.5647730Z [411/679] Building CXX object CMakeFiles/logcraft_core_tests.dir/src/scenario/core.detail.scenario.cppm.o
2026-07-20T11:16:37.7872748Z [412/679] Building CXX object CMakeFiles/logcraft_core.dir/src/agent/agent_registry.cpp.o
2026-07-20T11:16:39.2134374Z [413/679] Building CXX object CMakeFiles/logcraft_core.dir/src/scenario/scenario_component_parsing.cpp.o
2026-07-20T11:16:38.5114828Z [414/679] Building CXX object CMakeFiles/logcraft_core.dir/src/agent/field_generator.cpp.o
2026-07-20T11:16:39.0074099Z [415/679] Building CXX object CMakeFiles/logcraft_core.dir/src/agent/agent_generation.cpp.o
2026-07-20T11:16:39.8802338Z [416/679] Building CXX object CMakeFiles/logcraft_core.dir/src/agent/agent.cpp.o
2026-07-20T11:16:40.0825728Z [417/679] Building CXX object CMakeFiles/logcraft_core.dir/src/agent/agent_enrichment.cpp.o
2026-07-20T11:16:40.2673192Z [418/679] Building CXX object CMakeFiles/logcraft_core.dir/src/scenario/scenario_loader.cpp.o
2026-07-20T11:16:40.7850536Z [419/679] Building CXX object CMakeFiles/logcraft_core.dir/src/smf/smf_manifest.cpp.o
2026-07-20T11:16:41.1833808Z [420/679] Building CXX object CMakeFiles/logcraft_core.dir/src/flow/core.detail.flow.cppm.o
2026-07-20T11:16:42.0635493Z [421/679] Building CXX object CMakeFiles/logcraft_core.dir/src/smf/smf_writer.cpp.o
2026-07-20T11:16:42.0930384Z [422/679] Building CXX object CMakeFiles/logcraft_core.dir/src/smf/smf_reader.cpp.o
2026-07-20T11:16:42.2574795Z [423/679] Building CXX object CMakeFiles/logcraft_core.dir/src/scenario/scenario_flow_parsing.cpp.o
2026-07-20T11:16:42.6525243Z [424/679] Building CXX object CMakeFiles/logcraft_core.dir/src/agent/agent_scheduling.cpp.o
2026-07-20T11:16:43.8893199Z [425/679] Building CXX object CMakeFiles/logcraft_core.dir/src/output/core.detail.output-sink.cppm.o
2026-07-20T11:16:44.1153640Z [426/679] Building CXX object CMakeFiles/logcraft_core.dir/src/timeline/core.detail.timeline.cppm.o
2026-07-20T11:16:45.3786465Z [427/679] Building CXX object CMakeFiles/logcraft_core.dir/src/scenario/scenario_section_dispatch.cpp.o
2026-07-20T11:16:45.7249995Z [428/679] Building CXX object CMakeFiles/logcraft_core.dir/src/output/core.detail.output.cppm.o
2026-07-20T11:16:46.5846847Z [429/679] Building CXX object CMakeFiles/logcraft_core.dir/src/scenario/scenario_registry_resolution.cpp.o
2026-07-20T11:16:46.8827810Z [430/679] Building CXX object CMakeFiles/logcraft_core_tests.dir/src/scenario/scenario_component_parsing.cpp.o
2026-07-20T11:16:47.2934361Z [431/679] Building CXX object CMakeFiles/logcraft_core.dir/src/scenario/scenario_validation.cpp.o
2026-07-20T11:16:48.2304921Z [432/679] Building CXX object CMakeFiles/logcraft_core.dir/src/flow/flow_engine.cpp.o
2026-07-20T11:16:48.4350759Z [433/679] Building CXX object CMakeFiles/logcraft_core.dir/src/scenario/scenario_loader_detail.cpp.o
2026-07-20T11:16:48.9068367Z [434/679] Building CXX object CMakeFiles/logcraft_core.dir/src/timeline/timeline_cursor.cpp.o
2026-07-20T11:16:49.0720276Z [435/679] Building CXX object CMakeFiles/logcraft_core_tests.dir/src/scenario/scenario_flow_parsing.cpp.o
2026-07-20T11:16:49.1814989Z [436/679] Building CXX object CMakeFiles/logcraft_core.dir/src/timeline/flow_unfolder.cpp.o
2026-07-20T11:16:49.2170167Z [437/679] Building CXX object CMakeFiles/logcraft_core.dir/src/output/console_sink.cpp.o
2026-07-20T11:16:49.5013233Z [438/679] Building CXX object CMakeFiles/logcraft_core.dir/src/output/log_formatter.cpp.o
2026-07-20T11:16:49.6118309Z [439/679] Building CXX object CMakeFiles/logcraft_core.dir/src/output/gha_intent_medium.cpp.o
2026-07-20T11:16:50.4064857Z [440/679] Building CXX object CMakeFiles/logcraft_core.dir/src/output/log_formatter_github_actions.cpp.o
2026-07-20T11:16:50.5137642Z [441/679] Building CXX object CMakeFiles/logcraft_core.dir/src/output/file_sink.cpp.o
2026-07-20T11:16:52.3680689Z [442/679] Building CXX object CMakeFiles/logcraft_core.dir/src/output/log_formatter_text.cpp.o
2026-07-20T11:16:52.5117497Z [443/679] Building CXX object CMakeFiles/logcraft_core_tests.dir/src/scenario/scenario_loader_detail.cpp.o
2026-07-20T11:16:52.8727471Z [444/679] Building CXX object CMakeFiles/logcraft_core.dir/src/output/log_formatter_cloud.cpp.o
2026-07-20T11:16:52.8733597Z [445/679] Building CXX object CMakeFiles/logcraft_core.dir/src/output/log_formatter_syslog.cpp.o
2026-07-20T11:16:53.4456242Z [446/679] Building CXX object CMakeFiles/logcraft_core.dir/src/output/log_formatter_mobile.cpp.o
2026-07-20T11:16:54.2994692Z [447/679] Building CXX object CMakeFiles/logcraft_core.dir/src/output/output_manager.cpp.o
2026-07-20T11:16:54.3335396Z [448/679] Building CXX object CMakeFiles/logcraft_core.dir/src/output/shared_memory_sink.cpp.o
2026-07-20T11:16:54.3713608Z [449/679] Building CXX object CMakeFiles/logcraft_core.dir/src/output/sharded_pipeline.cpp.o
2026-07-20T11:16:54.5193179Z [450/679] Building CXX object CMakeFiles/logcraft_core.dir/src/output/recording_sink.cpp.o
2026-07-20T11:16:57.5421573Z [451/679] Building CXX object CMakeFiles/logcraft_core.dir/src/output/smf_recording_sink.cpp.o
2026-07-20T11:16:57.6745922Z [452/679] Building CXX object CMakeFiles/logcraft_core.dir/src/output/http_sink.cpp.o
2026-07-20T11:16:58.3094231Z [453/679] Building CXX object CMakeFiles/logcraft_core.dir/src/output/metrics_sink.cpp.o
2026-07-20T11:16:59.2766618Z [454/679] Building CXX object CMakeFiles/logcraft_core_bench.dir/src/foundation/time_context.cpp.o
2026-07-20T11:16:59.2948615Z [455/679] Building CXX object CMakeFiles/logcraft_core_tests.dir/src/foundation/core.detail.foundation.cppm.o
2026-07-20T11:17:00.1529921Z [456/679] Building CXX object CMakeFiles/logcraft_core_bench.dir/src/scenario/scenario_axis.cpp.o
2026-07-20T11:17:00.3176057Z [457/679] Building CXX object CMakeFiles/logcraft_core_tests.dir/src/scenario/scenario_section_dispatch.cpp.o
2026-07-20T11:17:00.7659582Z [458/679] Building CXX object CMakeFiles/logcraft_core_tests.dir/src/foundation/sha256.cpp.o
2026-07-20T11:17:01.0970402Z [459/679] Building CXX object CMakeFiles/logcraft_core_tests.dir/src/foundation/simulation_clock.cpp.o
2026-07-20T11:17:01.9218503Z [460/679] Building CXX object CMakeFiles/logcraft_core_tests.dir/src/output/core.detail.output-formatter.cppm.o
2026-07-20T11:17:02.4101190Z [461/679] Building CXX object CMakeFiles/logcraft_core_tests.dir/src/agent/core.detail.agent.cppm.o
2026-07-20T11:17:02.4796597Z [462/679] Building CXX object CMakeFiles/logcraft_core.dir/src/engine/core.detail.engine.cppm.o
2026-07-20T11:17:02.5379083Z [463/679] Building CXX object CMakeFiles/logcraft_core_tests.dir/src/scenario/scenario_registry_resolution.cpp.o
2026-07-20T11:17:02.5956983Z [464/679] Building CXX object CMakeFiles/logcraft_core.dir/src/timeline/timeline_engine.cpp.o
2026-07-20T11:17:02.6111337Z [465/679] Building CXX object CMakeFiles/logcraft_core.dir/src/timeline/shm_timeline_view.cpp.o
2026-07-20T11:17:02.9432397Z [466/679] Building CXX object CMakeFiles/logcraft_core_tests.dir/src/smf/core.detail.smf.cppm.o
2026-07-20T11:17:04.3878993Z [467/679] Building CXX object CMakeFiles/logcraft_core.dir/src/timeline/timeline_unfolder.cpp.o
2026-07-20T11:17:04.5679593Z [468/679] Building CXX object CMakeFiles/logcraft_core.dir/src/scenario/scenario_agent_parsing.cpp.o
2026-07-20T11:17:04.9024281Z [469/679] Building CXX object CMakeFiles/logcraft_core.dir/src/engine/engine_api.cpp.o
2026-07-20T11:17:05.4967739Z [470/679] Building CXX object CMakeFiles/logcraft_core_tests.dir/src/scenario/scenario_validation.cpp.o
2026-07-20T11:17:06.1666200Z [471/679] Building CXX object CMakeFiles/logcraft_core_tests.dir/src/scenario/scenario_loader.cpp.o
2026-07-20T11:17:07.8664261Z [472/679] Building CXX object CMakeFiles/logcraft_core.dir/src/engine/command_facade.cpp.o
2026-07-20T11:17:09.1171433Z [473/679] Building CXX object CMakeFiles/logcraft_core.dir/src/engine/engine_replay.cpp.o
2026-07-20T11:17:09.1851903Z [474/679] Building CXX object CMakeFiles/logcraft_core.dir/src/engine/engine_command_surface.cpp.o
2026-07-20T11:17:10.3013997Z [475/679] Building CXX object CMakeFiles/logcraft_core.dir/src/engine/replay_source.cpp.o
2026-07-20T11:17:10.6596771Z [476/679] Building CXX object CMakeFiles/logcraft_core_tests.dir/src/agent/agent.cpp.o
2026-07-20T11:17:11.1127132Z [477/679] Building CXX object CMakeFiles/logcraft_core_tests.dir/src/agent/agent_enrichment.cpp.o
2026-07-20T11:17:11.6985852Z [478/679] Building CXX object CMakeFiles/logcraft_core_tests.dir/src/agent/agent_generation.cpp.o
2026-07-20T11:17:12.0141241Z [479/679] Building CXX object CMakeFiles/logcraft_core.dir/src/engine/runtime_monitor.cpp.o
2026-07-20T11:17:12.1978661Z [480/679] Building CXX object CMakeFiles/logcraft_core_tests.dir/src/agent/agent_registry.cpp.o
2026-07-20T11:17:12.8155597Z [481/679] Building CXX object CMakeFiles/logcraft_core_tests.dir/src/smf/smf_manifest.cpp.o
2026-07-20T11:17:12.8396493Z [482/679] Building CXX object CMakeFiles/logcraft_core.dir/src/engine/engine_lifecycle.cpp.o
2026-07-20T11:17:13.1070494Z [483/679] Building CXX object CMakeFiles/logcraft_core_tests.dir/src/flow/core.detail.flow.cppm.o
2026-07-20T11:17:13.1252506Z [484/679] Building CXX object CMakeFiles/logcraft_core_tests.dir/src/smf/smf_reader.cpp.o
2026-07-20T11:17:14.0502119Z [485/679] Building CXX object CMakeFiles/logcraft_core_tests.dir/src/smf/smf_writer.cpp.o
2026-07-20T11:17:14.1624983Z [486/679] Building CXX object CMakeFiles/logcraft_core_bench.dir/api/core.cppm.o
2026-07-20T11:17:14.5563992Z [487/679] Building CXX object CMakeFiles/logcraft_core_bench.dir/src/scenario/scenario_capabilities.cpp.o
2026-07-20T11:17:14.5564519Z [488/679] Building CXX object CMakeFiles/logcraft_core_tests.dir/src/agent/field_generator.cpp.o
2026-07-20T11:17:15.0076915Z [489/679] Building CXX object CMakeFiles/logcraft_core_tests.dir/src/output/core.detail.output-sink.cppm.o
2026-07-20T11:17:15.0267903Z [490/679] Building CXX object CMakeFiles/logcraft_core_tests.dir/src/timeline/core.detail.timeline.cppm.o
2026-07-20T11:17:15.1383228Z [491/679] Building CXX object CMakeFiles/logcraft_core.dir/src/engine/engine.cpp.o
2026-07-20T11:17:15.8387555Z [492/679] Building CXX object CMakeFiles/logcraft_core_bench.dir/src/foundation/core.detail.foundation-pipeline.cppm.o
2026-07-20T11:17:16.3454241Z [493/679] Building CXX object CMakeFiles/logcraft_core.dir/src/engine/engine_manager.cpp.o
2026-07-20T11:17:16.3694773Z [494/679] Building CXX object CMakeFiles/logcraft_core_tests.dir/src/output/core.detail.output.cppm.o
2026-07-20T11:17:16.9026530Z [495/679] Building CXX object CMakeFiles/logcraft_validate.dir/cli/logcraft_validate.cpp.o
2026-07-20T11:17:16.9993004Z [496/679] Linking CXX static library liblogcraft_core.a
2026-07-20T11:17:17.1007742Z [497/679] Building CXX object CMakeFiles/logcraft_core_tests.dir/src/agent/agent_scheduling.cpp.o
2026-07-20T11:17:18.1586492Z [498/679] Building CXX object CMakeFiles/logcraft_core_bench.dir/src/logging/logging_config.cpp.o
2026-07-20T11:17:18.4427976Z [499/679] Building CXX object CMakeFiles/logcraft_core_bench.dir/src/scenario/core.detail.scenario.cppm.o
2026-07-20T11:17:18.4790529Z [500/679] Building CXX object CMakeFiles/logcraft_core_tests.dir/src/output/gha_intent_medium.cpp.o
2026-07-20T11:17:18.6090532Z [501/679] Building CXX object CMakeFiles/logcraft_core_tests.dir/src/timeline/timeline_cursor.cpp.o
2026-07-20T11:17:19.4483341Z [502/679] Building CXX object CMakeFiles/logcraft_core_tests.dir/src/output/log_formatter.cpp.o
2026-07-20T11:17:19.9172216Z [503/679] Building CXX object CMakeFiles/logcraft_core_tests.dir/src/output/console_sink.cpp.o
2026-07-20T11:17:19.9977541Z [504/679] Building CXX object CMakeFiles/logcraft_core_tests.dir/src/output/log_formatter_github_actions.cpp.o
2026-07-20T11:17:21.0526095Z [505/679] Building CXX object CMakeFiles/logcraft_core_tests.dir/src/timeline/flow_unfolder.cpp.o
2026-07-20T11:17:21.5549911Z [506/679] Building CXX object CMakeFiles/logcraft_core_tests.dir/src/flow/flow_engine.cpp.o
2026-07-20T11:17:21.7427795Z [507/679] Building CXX object CMakeFiles/logcraft_core_tests.dir/src/output/file_sink.cpp.o
2026-07-20T11:17:22.3536999Z [508/679] Building CXX object CMakeFiles/logcraft_core_tests.dir/src/output/log_formatter_mobile.cpp.o
2026-07-20T11:17:22.5960151Z [509/679] Building CXX object CMakeFiles/logcraft_core_tests.dir/src/output/log_formatter_cloud.cpp.o
2026-07-20T11:17:22.6866505Z [510/679] Building CXX object CMakeFiles/logcraft_core_tests.dir/src/output/log_formatter_text.cpp.o
2026-07-20T11:17:23.2298501Z [511/679] Building CXX object CMakeFiles/logcraft_core_tests.dir/src/output/log_formatter_syslog.cpp.o
2026-07-20T11:17:23.6739621Z [512/679] Building CXX object CMakeFiles/logcraft_core_tests.dir/src/timeline/timeline_engine.cpp.o
2026-07-20T11:17:25.2118753Z [513/679] Building CXX object CMakeFiles/logcraft_core_tests.dir/src/output/shared_memory_sink.cpp.o
2026-07-20T11:17:25.7189712Z [514/679] Building CXX object CMakeFiles/logcraft_core_tests.dir/src/output/output_manager.cpp.o
2026-07-20T11:17:26.3165412Z [515/679] Building CXX object CMakeFiles/logcraft_core_tests.dir/src/output/sharded_pipeline.cpp.o
2026-07-20T11:17:26.3726339Z [516/679] Building CXX object CMakeFiles/logcraft_core_tests.dir/src/output/recording_sink.cpp.o
2026-07-20T11:17:27.2163581Z [517/679] Building CXX object CMakeFiles/logcraft_core_tests.dir/src/output/http_sink.cpp.o
2026-07-20T11:17:27.4466294Z [518/679] Building CXX object CMakeFiles/logcraft_core_tests.dir/src/output/smf_recording_sink.cpp.o
2026-07-20T11:17:29.9525792Z [519/679] Building CXX object CMakeFiles/logcraft_core_tests.dir/src/output/metrics_sink.cpp.o
2026-07-20T11:17:31.0310760Z [520/679] Building CXX object CMakeFiles/logcraft_core_bench.dir/src/scenario/scenario_component_parsing.cpp.o
2026-07-20T11:17:32.3529722Z [521/679] Building CXX object CMakeFiles/logcraft_core_bench.dir/src/foundation/core.detail.foundation.cppm.o
2026-07-20T11:17:32.4229776Z [522/679] Building CXX object CMakeFiles/logcraft_core_tests.dir/src/engine/core.detail.engine.cppm.o
2026-07-20T11:17:32.4385199Z [523/679] Building CXX object CMakeFiles/logcraft_core_tests.dir/src/timeline/shm_timeline_view.cpp.o
2026-07-20T11:17:32.5593583Z [524/679] Building CXX object CMakeFiles/logcraft_core_tests.dir/src/scenario/scenario_agent_parsing.cpp.o
2026-07-20T11:17:32.8353021Z [525/679] Building CXX object CMakeFiles/logcraft_core_bench.dir/src/scenario/scenario_flow_parsing.cpp.o
2026-07-20T11:17:33.1474809Z [526/679] Building CXX object CMakeFiles/logcraft_core_bench.dir/src/foundation/sha256.cpp.o
2026-07-20T11:17:33.7094384Z [527/679] Building CXX object CMakeFiles/logcraft_core_bench.dir/src/scenario/scenario_section_dispatch.cpp.o
2026-07-20T11:17:34.2961064Z [528/679] Building CXX object CMakeFiles/logcraft_core_tests.dir/src/timeline/timeline_unfolder.cpp.o
2026-07-20T11:17:34.8851292Z [529/679] Building CXX object CMakeFiles/logcraft_core_tests.dir/src/engine/engine_api.cpp.o
2026-07-20T11:17:36.3586875Z [530/679] Building CXX object CMakeFiles/logcraft_core_bench.dir/src/scenario/scenario_registry_resolution.cpp.o
2026-07-20T11:17:38.5009846Z [531/679] Building CXX object CMakeFiles/logcraft_core_tests.dir/src/engine/command_facade.cpp.o
2026-07-20T11:17:38.8751541Z [532/679] Building CXX object CMakeFiles/logcraft_core_tests.dir/src/engine/engine_replay.cpp.o
2026-07-20T11:17:39.4714643Z [533/679] Building CXX object CMakeFiles/logcraft_core_bench.dir/src/scenario/scenario_validation.cpp.o
2026-07-20T11:17:39.8080481Z [534/679] Building CXX object CMakeFiles/logcraft_core_bench.dir/src/foundation/simulation_clock.cpp.o
2026-07-20T11:17:39.8254212Z [535/679] Building CXX object CMakeFiles/logcraft_core_tests.dir/src/engine/engine_command_surface.cpp.o
2026-07-20T11:17:39.9539551Z [536/679] Building CXX object CMakeFiles/logcraft_core_bench.dir/src/scenario/scenario_loader_detail.cpp.o
2026-07-20T11:17:41.0199950Z [537/679] Building CXX object CMakeFiles/logcraft_core_bench.dir/src/agent/core.detail.agent.cppm.o
2026-07-20T11:17:41.0333727Z [538/679] Building CXX object CMakeFiles/logcraft_core_bench.dir/src/smf/core.detail.smf.cppm.o
2026-07-20T11:17:41.0795053Z [539/679] Building CXX object CMakeFiles/logcraft_core_tests.dir/tests/core.test.cppm.o
2026-07-20T11:17:41.3648915Z [540/679] Building CXX object CMakeFiles/logcraft_core_bench.dir/src/output/core.detail.output-formatter.cppm.o
2026-07-20T11:17:42.3200923Z [541/679] Building CXX object CMakeFiles/logcraft_core_tests.dir/src/engine/replay_source.cpp.o
2026-07-20T11:17:43.8022200Z [542/679] Building CXX object CMakeFiles/logcraft_core_tests.dir/src/engine/runtime_monitor.cpp.o
2026-07-20T11:17:43.9063367Z [543/679] Building CXX object CMakeFiles/logcraft_core_bench.dir/src/scenario/scenario_loader.cpp.o
2026-07-20T11:17:45.8575659Z [544/679] Building CXX object CMakeFiles/logcraft_core_bench.dir/src/agent/agent_enrichment.cpp.o
2026-07-20T11:17:46.0952573Z [545/679] Building CXX object CMakeFiles/logcraft_core_tests.dir/src/engine/engine_lifecycle.cpp.o
2026-07-20T11:17:46.3374979Z [546/679] Building CXX object CMakeFiles/logcraft_core_tests.dir/src/engine/engine_manager.cpp.o
2026-07-20T11:17:47.7042338Z [547/679] Building CXX object CMakeFiles/logcraft_core_tests.dir/src/engine/engine.cpp.o
2026-07-20T11:17:48.7910392Z [548/679] Building CXX object CMakeFiles/logcraft_core_tests.dir/tests/agent/test_emit_false_template_input.cpp.o
2026-07-20T11:17:49.9165434Z [549/679] Building CXX object CMakeFiles/logcraft_core_bench.dir/src/agent/agent.cpp.o
2026-07-20T11:17:51.5491314Z [550/679] Building CXX object CMakeFiles/logcraft_core_tests.dir/tests/determinism/test_counter_rng_phi_golden.cpp.o
2026-07-20T11:17:51.9411582Z [551/679] Building CXX object CMakeFiles/logcraft_core_tests.dir/tests/agent/test_football_whatif.cpp.o
2026-07-20T11:17:53.5466664Z [552/679] Building CXX object CMakeFiles/logcraft_core_tests.dir/tests/agent/test_error_cascading.cpp.o
2026-07-20T11:17:55.5214343Z [553/679] Building CXX object CMakeFiles/logcraft_core_tests.dir/tests/determinism/test_branch_weight_ramp.cpp.o
2026-07-20T11:17:56.0757378Z [554/679] Building CXX object CMakeFiles/logcraft_core_tests.dir/tests/determinism/test_degenerate_flux_gate.cpp.o
2026-07-20T11:17:58.2529012Z [555/679] Building CXX object CMakeFiles/logcraft_core_tests.dir/tests/determinism/test_determinism_build_axis.cpp.o
2026-07-20T11:17:58.6049624Z [556/679] Building CXX object CMakeFiles/logcraft_core_tests.dir/tests/agent/test_agent_behaviors.cpp.o
2026-07-20T11:17:59.7566168Z [557/679] Building CXX object CMakeFiles/logcraft_core_tests.dir/tests/determinism/test_determinism_causal_axis.cpp.o
2026-07-20T11:18:00.2982558Z [558/679] Building CXX object CMakeFiles/logcraft_core_tests.dir/tests/agent/test_generate_record_kernel.cpp.o
2026-07-20T11:18:01.7429019Z [559/679] Building CXX object CMakeFiles/logcraft_core_tests.dir/tests/determinism/test_determinism_comprehensive.cpp.o
2026-07-20T11:18:02.0348067Z [560/679] Building CXX object CMakeFiles/logcraft_core_tests.dir/tests/determinism/test_determinism_bit_identical.cpp.o
2026-07-20T11:18:03.2893044Z [561/679] Building CXX object CMakeFiles/logcraft_core_tests.dir/tests/determinism/test_determinism_e2e.cpp.o
2026-07-20T11:18:03.9527246Z [562/679] Building CXX object CMakeFiles/logcraft_core_tests.dir/tests/determinism/test_determinism_flow.cpp.o
2026-07-20T11:18:05.1560230Z [563/679] Building CXX object CMakeFiles/logcraft_core_tests.dir/tests/determinism/test_determinism_do_operator.cpp.o
2026-07-20T11:18:07.0316231Z [564/679] Building CXX object CMakeFiles/logcraft_core_tests.dir/tests/determinism/test_flow_field_ramp.cpp.o
2026-07-20T11:18:07.6969674Z [565/679] Building CXX object CMakeFiles/logcraft_core_tests.dir/tests/determinism/test_locale_independence_gate.cpp.o
2026-07-20T11:18:09.0253190Z [566/679] Building CXX object CMakeFiles/logcraft_core_tests.dir/tests/determinism/test_level_weight_ramp.cpp.o
2026-07-20T11:18:09.0270745Z [567/679] Building CXX object CMakeFiles/logcraft_core_tests.dir/tests/determinism/test_field_weight_ramp.cpp.o
2026-07-20T11:18:09.1573001Z [568/679] Building CXX object CMakeFiles/logcraft_core_tests.dir/tests/determinism/test_determinism_shm_gate.cpp.o
2026-07-20T11:18:10.2831618Z [569/679] Building CXX object CMakeFiles/logcraft_core_tests.dir/tests/determinism/test_phase_rate_zero.cpp.o
2026-07-20T11:18:12.7653799Z [570/679] Building CXX object CMakeFiles/logcraft_core_tests.dir/tests/determinism/test_noise_duplication_replay.cpp.o
2026-07-20T11:18:12.9238133Z [571/679] Building CXX object CMakeFiles/logcraft_core_tests.dir/tests/determinism/test_time_source_lint.cpp.o
2026-07-20T11:18:13.6583829Z [572/679] Building CXX object CMakeFiles/logcraft_core_tests.dir/tests/determinism/test_span_trace_diff.cpp.o
2026-07-20T11:18:15.2705218Z [573/679] Building CXX object CMakeFiles/logcraft_core_tests.dir/tests/determinism/test_virtual_clock_progression.cpp.o
2026-07-20T11:18:16.1602595Z [574/679] Building CXX object CMakeFiles/logcraft_core_tests.dir/tests/engine/test_engine_commands.cpp.o
2026-07-20T11:18:16.3630399Z [575/679] Building CXX object CMakeFiles/logcraft_core_tests.dir/tests/determinism/test_runtime_timer_determinism.cpp.o
2026-07-20T11:18:16.4055991Z [576/679] Building CXX object CMakeFiles/logcraft_core_tests.dir/tests/determinism/test_span_fanout.cpp.o
2026-07-20T11:18:16.5207913Z [577/679] Building CXX object CMakeFiles/logcraft_core_tests.dir/tests/engine/test_engine_integration.cpp.o
2026-07-20T11:18:16.8990279Z [578/679] Building CXX object CMakeFiles/logcraft_core_tests.dir/tests/engine/test_engine_manager.cpp.o
2026-07-20T11:18:17.5570270Z [579/679] Building CXX object CMakeFiles/logcraft_core_tests.dir/tests/foundation/test_sha256.cpp.o
2026-07-20T11:18:20.8049521Z [580/679] Building CXX object CMakeFiles/logcraft_core_tests.dir/tests/foundation/test_spsc_ring.cpp.o
2026-07-20T11:18:21.3498543Z [581/679] Building CXX object CMakeFiles/logcraft_core_tests.dir/tests/engine/test_engine_lifecycle.cpp.o
2026-07-20T11:18:21.4410429Z [582/679] Building CXX object CMakeFiles/logcraft_core_tests.dir/tests/output/test_json_serializer.cpp.o
2026-07-20T11:18:21.6267939Z [583/679] Building CXX object CMakeFiles/logcraft_core_tests.dir/tests/engine/test_runtime_monitor.cpp.o
2026-07-20T11:18:23.8936391Z [584/679] Building CXX object CMakeFiles/logcraft_core_tests.dir/tests/output/test_gha_intent_medium.cpp.o
2026-07-20T11:18:25.2357335Z [585/679] Building CXX object CMakeFiles/logcraft_core_tests.dir/tests/foundation/test_simulation_clock.cpp.o
2026-07-20T11:18:25.2619723Z [586/679] Building CXX object CMakeFiles/logcraft_core_tests.dir/tests/output/test_engine_snapshot.cpp.o
2026-07-20T11:18:25.9561815Z [587/679] Building CXX object CMakeFiles/logcraft_core_tests.dir/tests/output/test_metric_emission.cpp.o
2026-07-20T11:18:25.9660961Z [588/679] Building CXX object CMakeFiles/logcraft_core_tests.dir/tests/output/test_sharded_pipeline.cpp.o
2026-07-20T11:18:26.2827560Z [589/679] Building CXX object CMakeFiles/logcraft_core_tests.dir/tests/output/test_http_sink.cpp.o
2026-07-20T11:18:28.0258228Z [590/679] Building CXX object CMakeFiles/logcraft_core_tests.dir/tests/output/test_multi_format_output.cpp.o
2026-07-20T11:18:30.0423023Z [591/679] Building CXX object CMakeFiles/logcraft_core_tests.dir/tests/output/test_shared_memory_sink.cpp.o
2026-07-20T11:18:31.0501104Z [592/679] Building CXX object CMakeFiles/logcraft_core_tests.dir/tests/output/test_window_seal_cursor.cpp.o
2026-07-20T11:18:32.1120514Z [593/679] Building CXX object CMakeFiles/logcraft_core_tests.dir/tests/output/test_per_agent_routing.cpp.o
2026-07-20T11:18:32.1800080Z [594/679] Building CXX object CMakeFiles/logcraft_core_tests.dir/tests/output/test_structured_schemas.cpp.o
2026-07-20T11:18:33.0245001Z [595/679] Building CXX object CMakeFiles/logcraft_core_tests.dir/tests/scenario/test_dsl_auto_determinism.cpp.o
2026-07-20T11:18:33.2572733Z [596/679] Building CXX object CMakeFiles/logcraft_core_tests.dir/tests/output/test_replay_mode.cpp.o
2026-07-20T11:18:33.7917381Z [597/679] Building CXX object CMakeFiles/logcraft_core_tests.dir/tests/output/test_output_formats.cpp.o
2026-07-20T11:18:34.2210669Z [598/679] Building CXX object CMakeFiles/logcraft_core_tests.dir/tests/scenario/test_dsl_archetypes.cpp.o
2026-07-20T11:18:36.1058479Z [599/679] Building CXX object CMakeFiles/logcraft_core_tests.dir/tests/scenario/test_dsl_build_axis.cpp.o
2026-07-20T11:18:36.7161703Z [600/679] Building CXX object CMakeFiles/logcraft_core_tests.dir/tests/scenario/test_dsl_advanced.cpp.o
2026-07-20T11:18:37.1171569Z [601/679] Building CXX object CMakeFiles/logcraft_core_tests.dir/tests/scenario/test_dsl_capabilities.cpp.o
2026-07-20T11:18:37.6656598Z [602/679] Building CXX object CMakeFiles/logcraft_core_tests.dir/tests/scenario/test_dsl_flows.cpp.o
2026-07-20T11:18:37.7211956Z [603/679] Building CXX object CMakeFiles/logcraft_core_tests.dir/tests/scenario/test_dsl_fields.cpp.o
2026-07-20T11:18:39.8334036Z [604/679] Building CXX object CMakeFiles/logcraft_core_tests.dir/tests/scenario/test_dsl_intent_axis.cpp.o
2026-07-20T11:18:41.1685236Z [605/679] Building CXX object CMakeFiles/logcraft_core_tests.dir/tests/scenario/test_dsl_causal_axis.cpp.o
2026-07-20T11:18:41.2595163Z [606/679] Building CXX object CMakeFiles/logcraft_core_tests.dir/tests/scenario/test_dsl_phases.cpp.o
2026-07-20T11:18:41.5314260Z [607/679] Building CXX object CMakeFiles/logcraft_core_tests.dir/tests/scenario/test_dsl_outputs.cpp.o
2026-07-20T11:18:42.0598971Z [608/679] Building CXX object CMakeFiles/logcraft_core_tests.dir/tests/scenario/test_dsl_incidents.cpp.o
2026-07-20T11:18:42.3723930Z [609/679] Building CXX object CMakeFiles/logcraft_core_tests.dir/tests/scenario/test_loader_limits.cpp.o
2026-07-20T11:18:44.1021632Z [610/679] Building CXX object CMakeFiles/logcraft_core_tests.dir/tests/scenario/test_dsl_validation.cpp.o
2026-07-20T11:18:44.7643957Z [611/679] Building CXX object CMakeFiles/logcraft_core_tests.dir/tests/scenario/test_field_value_type_derivation.cpp.o
2026-07-20T11:18:45.8270067Z [612/679] Building CXX object CMakeFiles/logcraft_core_tests.dir/tests/scenario/test_dsl_scenario.cpp.o
2026-07-20T11:18:45.8464502Z [613/679] Building CXX object CMakeFiles/logcraft_core_tests.dir/tests/smf/test_smf_v0.cpp.o
2026-07-20T11:18:47.9898826Z [614/679] Building CXX object CMakeFiles/logcraft_core_tests.dir/tests/timeline/test_timeline_cursor.cpp.o
2026-07-20T11:18:49.0584141Z [615/679] Building CXX object CMakeFiles/logcraft_core_bench.dir/src/agent/agent_registry.cpp.o
2026-07-20T11:18:49.2443664Z [616/679] Building CXX object CMakeFiles/logcraft_core_bench.dir/src/agent/agent_generation.cpp.o
2026-07-20T11:18:49.6408253Z [617/679] Building CXX object CMakeFiles/logcraft_core_tests.dir/tests/smf/test_smf_recording.cpp.o
2026-07-20T11:18:50.0984019Z [618/679] Building CXX object CMakeFiles/logcraft_core_bench.dir/src/smf/smf_manifest.cpp.o
2026-07-20T11:18:50.4535465Z [619/679] Building CXX object CMakeFiles/logcraft_core_bench.dir/src/agent/field_generator.cpp.o
2026-07-20T11:18:50.7249839Z [620/679] Linking CXX executable logcraft_core_module_test
2026-07-20T11:18:50.8849488Z [621/679] Building CXX object CMakeFiles/logcraft_core_bench.dir/src/smf/smf_writer.cpp.o
2026-07-20T11:18:50.9795877Z [622/679] Building CXX object CMakeFiles/logcraft_core_bench.dir/src/flow/core.detail.flow.cppm.o
2026-07-20T11:18:51.0031025Z [623/679] Linking CXX executable logcraft-validate
2026-07-20T11:18:51.2006501Z [624/679] Building CXX object CMakeFiles/logcraft_core_bench.dir/src/smf/smf_reader.cpp.o
2026-07-20T11:18:51.6053994Z [625/679] Building CXX object CMakeFiles/logcraft_core_tests.dir/tests/timeline/test_timeline_unfolder.cpp.o
2026-07-20T11:18:51.6315594Z [626/679] Building CXX object CMakeFiles/logcraft_core_tests.dir/tests/timeline/test_shm_timeline_view.cpp.o
2026-07-20T11:18:51.9065654Z [627/679] Building CXX object 'CMakeFiles/insight__canon@synth_bb333fe43d17.dir/5af1c0c7b5b1.bmi'
2026-07-20T11:18:52.1957416Z [628/679] Building CXX object CMakeFiles/logcraft_core_bench.dir/src/timeline/core.detail.timeline.cppm.o
2026-07-20T11:18:52.2635258Z [629/679] Building CXX object CMakeFiles/logcraft_core_bench.dir/src/output/core.detail.output-sink.cppm.o
2026-07-20T11:18:52.6007856Z [630/679] Building CXX object CMakeFiles/logcraft_core_tests.dir/tests/timeline/test_timeline_metadata.cpp.o
2026-07-20T11:18:52.6461780Z [631/679] Building CXX object CMakeFiles/logcraft_core_bench.dir/src/agent/agent_scheduling.cpp.o
2026-07-20T11:18:53.4205418Z [632/679] Building CXX object CMakeFiles/logcraft_core_bench.dir/src/output/core.detail.output.cppm.o
2026-07-20T11:18:56.1467946Z [633/679] Building CXX object CMakeFiles/logcraft_core_bench.dir/src/timeline/timeline_cursor.cpp.o
2026-07-20T11:18:56.2068328Z [634/679] Building CXX object CMakeFiles/logcraft_core_tests.dir/tests/timeline/test_timeline_checkpoint.cpp.o
2026-07-20T11:18:56.2521584Z [635/679] Building CXX object CMakeFiles/logcraft_core_bench.dir/src/output/gha_intent_medium.cpp.o
2026-07-20T11:18:56.9018109Z [636/679] Building CXX object CMakeFiles/logcraft_core_bench.dir/src/timeline/flow_unfolder.cpp.o
2026-07-20T11:18:57.1603532Z [637/679] Building CXX object CMakeFiles/logcraft_core_bench.dir/src/output/file_sink.cpp.o
2026-07-20T11:18:57.3029463Z [638/679] Building CXX object CMakeFiles/logcraft_core_bench.dir/src/output/console_sink.cpp.o
2026-07-20T11:18:57.3049899Z [639/679] Building CXX object CMakeFiles/logcraft_core_bench.dir/src/output/log_formatter.cpp.o
2026-07-20T11:18:58.3282417Z [640/679] Building CXX object CMakeFiles/logcraft_core_bench.dir/src/flow/flow_engine.cpp.o
2026-07-20T11:18:58.6917809Z [641/679] Building CXX object CMakeFiles/logcraft_core_bench.dir/src/timeline/timeline_engine.cpp.o
2026-07-20T11:18:58.7548878Z [642/679] Building CXX object CMakeFiles/logcraft_core_bench.dir/src/output/log_formatter_github_actions.cpp.o
2026-07-20T11:19:00.3705835Z [643/679] Building CXX object CMakeFiles/logcraft_core_tests.dir/tests/output/test_gha_document_g2.cpp.o
2026-07-20T11:19:00.5167420Z [644/679] Building CXX object CMakeFiles/logcraft_core_bench.dir/src/output/log_formatter_mobile.cpp.o
2026-07-20T11:19:00.6307435Z [645/679] Building CXX object CMakeFiles/logcraft_core_bench.dir/src/output/log_formatter_cloud.cpp.o
2026-07-20T11:19:01.1144021Z [646/679] Building CXX object CMakeFiles/logcraft_core_bench.dir/src/output/log_formatter_syslog.cpp.o
2026-07-20T11:19:02.0485965Z [647/679] Building CXX object CMakeFiles/logcraft_core_bench.dir/src/output/log_formatter_text.cpp.o
2026-07-20T11:19:03.0028789Z [648/679] Building CXX object CMakeFiles/logcraft_core_bench.dir/src/output/output_manager.cpp.o
2026-07-20T11:19:03.2615470Z [649/679] Building CXX object CMakeFiles/logcraft_core_bench.dir/src/output/shared_memory_sink.cpp.o
2026-07-20T11:19:03.4089846Z [650/679] Building CXX object CMakeFiles/logcraft_core_bench.dir/src/output/recording_sink.cpp.o
2026-07-20T11:19:03.4430573Z [651/679] Building CXX object CMakeFiles/logcraft_core_bench.dir/src/timeline/timeline_unfolder.cpp.o
2026-07-20T11:19:04.3624014Z [652/679] Building CXX object CMakeFiles/logcraft_core_bench.dir/src/output/sharded_pipeline.cpp.o
2026-07-20T11:19:04.3629032Z [653/679] Linking CXX executable logcraft_core_tests
2026-07-20T11:19:05.0857462Z [654/679] Building CXX object CMakeFiles/logcraft_core_bench.dir/src/output/smf_recording_sink.cpp.o
2026-07-20T11:19:05.0990541Z [655/679] Building CXX object CMakeFiles/logcraft_core_bench.dir/src/output/http_sink.cpp.o
2026-07-20T11:19:06.0517305Z [656/679] Building CXX object CMakeFiles/logcraft_core_bench.dir/src/output/metrics_sink.cpp.o
2026-07-20T11:19:08.1597903Z [657/679] Building CXX object CMakeFiles/logcraft_core_bench.dir/src/timeline/shm_timeline_view.cpp.o
2026-07-20T11:19:08.2316897Z [658/679] Building CXX object CMakeFiles/logcraft_core_bench.dir/src/engine/core.detail.engine.cppm.o
2026-07-20T11:19:09.5983971Z [659/679] Building CXX object CMakeFiles/logcraft_core_bench.dir/src/scenario/scenario_agent_parsing.cpp.o
2026-07-20T11:19:10.3592819Z [660/679] Building CXX object CMakeFiles/logcraft_core_bench.dir/src/engine/engine_api.cpp.o
2026-07-20T11:19:11.9685037Z [661/679] Building CXX object CMakeFiles/logcraft_core_bench.dir/src/engine/engine_replay.cpp.o
2026-07-20T11:19:12.9438008Z [662/679] Building CXX object CMakeFiles/logcraft_core_bench.dir/src/engine/command_facade.cpp.o
2026-07-20T11:19:12.9514889Z [663/679] Building CXX object CMakeFiles/logcraft_core_bench.dir/benchmarks/core.bench.cppm.o
2026-07-20T11:19:13.7298100Z [664/679] Building CXX object CMakeFiles/logcraft_core_bench.dir/src/engine/replay_source.cpp.o
2026-07-20T11:19:14.7645765Z [665/679] Building CXX object CMakeFiles/logcraft_core_bench.dir/src/engine/engine_command_surface.cpp.o
2026-07-20T11:19:15.3736231Z [666/679] Building CXX object CMakeFiles/logcraft_core_bench.dir/src/engine/runtime_monitor.cpp.o
2026-07-20T11:19:16.4206524Z [667/679] Building CXX object CMakeFiles/logcraft_core_bench.dir/benchmarks/bench_log_formatter.cpp.o
2026-07-20T11:19:17.6578266Z [668/679] Building CXX object CMakeFiles/logcraft_core_bench.dir/src/engine/engine_lifecycle.cpp.o
2026-07-20T11:19:17.7411337Z [669/679] Building CXX object CMakeFiles/logcraft_core_bench.dir/benchmarks/bench_field_generators.cpp.o
2026-07-20T11:19:18.0873533Z [670/679] Building CXX object CMakeFiles/logcraft_core_bench.dir/benchmarks/bench_deterministic_replay.cpp.o
2026-07-20T11:19:18.1387222Z [671/679] Building CXX object CMakeFiles/logcraft_core_bench.dir/benchmarks/bench_ring_throughput.cpp.o
2026-07-20T11:19:18.9865789Z [672/679] Building CXX object CMakeFiles/logcraft_core_bench.dir/src/engine/engine.cpp.o
2026-07-20T11:19:19.4225859Z [673/679] Building CXX object CMakeFiles/logcraft_core_bench.dir/src/engine/engine_manager.cpp.o
2026-07-20T11:19:19.6414196Z [674/679] Building CXX object CMakeFiles/logcraft_core_bench.dir/benchmarks/bench_sharded_pipeline.cpp.o
2026-07-20T11:19:19.8825366Z [675/679] Building CXX object CMakeFiles/logcraft_core_bench.dir/benchmarks/bench_engine_throughput.cpp.o
2026-07-20T11:19:20.1804084Z [676/679] Building CXX object CMakeFiles/logcraft_core_bench.dir/benchmarks/bench_phase_split.cpp.o
2026-07-20T11:19:20.9492760Z [677/679] Building CXX object CMakeFiles/logcraft_core_bench.dir/benchmarks/bench_timeline_seek.cpp.o
2026-07-20T11:19:21.1226818Z [678/679] Linking CXX executable logcraft_core_bench
2026-07-20T11:19:21.2391977Z Test project /home/runner/work/logcraft/logcraft/build/core
2026-07-20T11:19:21.2491531Z         Start   1: FieldGeneratorTest.WeightedChoiceProducesValidValues
2026-07-20T11:19:21.2532864Z   1/663 Test   #1: FieldGeneratorTest.WeightedChoiceProducesValidValues ....................................   Passed    0.00 sec
2026-07-20T11:19:21.2539395Z         Start   2: FieldGeneratorTest.RangeProducesInBounds
2026-07-20T11:19:21.2571899Z   2/663 Test   #2: FieldGeneratorTest.RangeProducesInBounds ................................................   Passed    0.00 sec
2026-07-20T11:19:21.2574852Z         Start   3: FieldGeneratorTest.ChoiceSelectsFromValues
2026-07-20T11:19:21.2607706Z   3/663 Test   #3: FieldGeneratorTest.ChoiceSelectsFromValues ..............................................   Passed    0.00 sec
2026-07-20T11:19:21.2611936Z         Start   4: FieldGeneratorTest.SequenceIncrements
2026-07-20T11:19:21.2645159Z   4/663 Test   #4: FieldGeneratorTest.SequenceIncrements ...................................................   Passed    0.00 sec
2026-07-20T11:19:21.2647750Z         Start   5: FieldGeneratorTest.StaticAlwaysReturnsValue
2026-07-20T11:19:21.2681081Z   5/663 Test   #5: FieldGeneratorTest.StaticAlwaysReturnsValue .............................................   Passed    0.00 sec
2026-07-20T11:19:21.2684202Z         Start   6: FieldGeneratorTest.ConditionalGeneratorSelectsBranch
2026-07-20T11:19:21.2738683Z   6/663 Test   #6: FieldGeneratorTest.ConditionalGeneratorSelectsBranch ....................................   Passed    0.01 sec
2026-07-20T11:19:21.2741563Z         Start   7: FieldGeneratorTest.NormalDistributionProducesValues
2026-07-20T11:19:21.2778854Z   7/663 Test   #7: FieldGeneratorTest.NormalDistributionProducesValues .....................................   Passed    0.00 sec
2026-07-20T11:19:21.2781579Z         Start   8: FieldGeneratorTest.PercentileDistributionProducesValues
2026-07-20T11:19:21.2811934Z   8/663 Test   #8: FieldGeneratorTest.PercentileDistributionProducesValues .................................   Passed    0.00 sec
2026-07-20T11:19:21.2814506Z         Start   9: AgentTest.GeneratesPushesRecords
2026-07-20T11:19:21.4858066Z   9/663 Test   #9: AgentTest.GeneratesPushesRecords ........................................................   Passed    0.20 sec
2026-07-20T11:19:21.4861081Z         Start  10: AgentTest.ErrorInjectionChangesLevel
2026-07-20T11:19:21.5910860Z  10/663 Test  #10: AgentTest.ErrorInjectionChangesLevel ....................................................   Passed    0.10 sec
2026-07-20T11:19:21.5914012Z         Start  11: AgentTest.AgentWithLatencyDistribution
2026-07-20T11:19:21.7972053Z  11/663 Test  #11: AgentTest.AgentWithLatencyDistribution ..................................................   Passed    0.21 sec
2026-07-20T11:19:21.7975035Z         Start  12: AgentTest.AgentWithPhases
2026-07-20T11:19:22.0033515Z  12/663 Test  #12: AgentTest.AgentWithPhases ...............................................................   Passed    0.21 sec
2026-07-20T11:19:22.0037173Z         Start  13: AgentTest.StateVariableGrowthAndEffects
2026-07-20T11:19:22.2087084Z  13/663 Test  #13: AgentTest.StateVariableGrowthAndEffects .................................................   Passed    0.20 sec
2026-07-20T11:19:22.2090901Z         Start  14: AgentTest.IncidentEffectIncreasesErrors
2026-07-20T11:19:22.3135485Z  14/663 Test  #14: AgentTest.IncidentEffectIncreasesErrors .................................................   Passed    0.10 sec
2026-07-20T11:19:22.3138435Z         Start  15: AgentTest.EpochEffectsValueRoundTripsComposesAndIsChannelIndependent
2026-07-20T11:19:22.3176787Z  15/663 Test  #15: AgentTest.EpochEffectsValueRoundTripsComposesAndIsChannelIndependent ....................   Passed    0.00 sec
2026-07-20T11:19:22.3179696Z         Start  16: AgentTest.IdenticalEffectSequencesProduceEqualEpochEffectsAtEveryStep
2026-07-20T11:19:22.3212544Z  16/663 Test  #16: AgentTest.IdenticalEffectSequencesProduceEqualEpochEffectsAtEveryStep ...................   Passed    0.00 sec
2026-07-20T11:19:22.3215182Z         Start  17: AgentTest.ErrorFieldCorrelation
2026-07-20T11:19:22.4255835Z  17/663 Test  #17: AgentTest.ErrorFieldCorrelation .........................................................   Passed    0.10 sec
2026-07-20T11:19:22.4258558Z         Start  18: AgentTest.EnvironmentMetadataInjection
2026-07-20T11:19:22.5310161Z  18/663 Test  #18: AgentTest.EnvironmentMetadataInjection ..................................................   Passed    0.10 sec
2026-07-20T11:19:22.5313096Z         Start  19: AgentTest.AvailabilityInjectsErrors
2026-07-20T11:19:22.6365773Z  19/663 Test  #19: AgentTest.AvailabilityInjectsErrors .....................................................   Passed    0.10 sec
2026-07-20T11:19:22.6368606Z         Start  20: AgentTest.ContentionAddsQueueLatency
2026-07-20T11:19:22.7428396Z  20/663 Test  #20: AgentTest.ContentionAddsQueueLatency ....................................................   Passed    0.11 sec
2026-07-20T11:19:22.7432640Z         Start  21: AgentTest.SlowQueryInjection
2026-07-20T11:19:22.8483976Z  21/663 Test  #21: AgentTest.SlowQueryInjection ............................................................   Passed    0.10 sec
2026-07-20T11:19:22.8488089Z         Start  22: AgentTest.LatencyDedupSkipsIfFieldExists
2026-07-20T11:19:22.9540110Z  22/663 Test  #22: AgentTest.LatencyDedupSkipsIfFieldExists ................................................   Passed    0.10 sec
2026-07-20T11:19:22.9542716Z         Start  23: AgentTest.ClearIncidentEffectResetsState
2026-07-20T11:19:23.0595976Z  23/663 Test  #23: AgentTest.ClearIncidentEffectResetsState ................................................   Passed    0.11 sec
2026-07-20T11:19:23.0600189Z         Start  24: AgentTest.SessionLifecycleInjectsUserIdAndSessionId
2026-07-20T11:19:23.1660589Z  24/663 Test  #24: AgentTest.SessionLifecycleInjectsUserIdAndSessionId .....................................   Passed    0.11 sec
2026-07-20T11:19:23.1662855Z         Start  25: AgentTest.EntityPoolReplacesSequenceIds
2026-07-20T11:19:23.2715815Z  25/663 Test  #25: AgentTest.EntityPoolReplacesSequenceIds .................................................   Passed    0.11 sec
2026-07-20T11:19:23.2719099Z         Start  26: AgentTest.PersonaTrafficShapingInjectsPersonaField
2026-07-20T11:19:23.3772615Z  26/663 Test  #26: AgentTest.PersonaTrafficShapingInjectsPersonaField ......................................   Passed    0.11 sec
2026-07-20T11:19:23.3775639Z         Start  27: AgentTest.HealthStateMachineTransitions
2026-07-20T11:19:23.5818417Z  27/663 Test  #27: AgentTest.HealthStateMachineTransitions .................................................   Passed    0.20 sec
2026-07-20T11:19:23.5821279Z         Start  28: AgentTest.FieldVariationJitterModifiesNumericFields
2026-07-20T11:19:23.6874180Z  28/663 Test  #28: AgentTest.FieldVariationJitterModifiesNumericFields .....................................   Passed    0.11 sec
2026-07-20T11:19:23.6877254Z         Start  29: AgentTest.GenerateBurstEnqueuesAtLeastBurstCount
2026-07-20T11:19:23.7927191Z  29/663 Test  #29: AgentTest.GenerateBurstEnqueuesAtLeastBurstCount ........................................   Passed    0.10 sec
2026-07-20T11:19:23.7929926Z         Start  30: AgentTest.SetErrorRateToMaxProducesAllErrors
2026-07-20T11:19:23.9182456Z  30/663 Test  #30: AgentTest.SetErrorRateToMaxProducesAllErrors ............................................   Passed    0.12 sec
2026-07-20T11:19:23.9185329Z         Start  31: AgentTest.SetRateNearZeroStopsOutput
2026-07-20T11:19:24.0346760Z  31/663 Test  #31: AgentTest.SetRateNearZeroStopsOutput ....................................................   Passed    0.12 sec
2026-07-20T11:19:24.0349704Z         Start  32: AgentTest.SinusoidalModulationProducesRecords
2026-07-20T11:19:24.2397580Z  32/663 Test  #32: AgentTest.SinusoidalModulationProducesRecords ...........................................   Passed    0.20 sec
2026-07-20T11:19:24.2400392Z         Start  33: AgentTest.BusinessHoursModulationProducesRecords
2026-07-20T11:19:24.3455210Z  33/663 Test  #33: AgentTest.BusinessHoursModulationProducesRecords ........................................   Passed    0.11 sec
2026-07-20T11:19:24.3458555Z         Start  34: AgentTest.CascadeEffectRaisesErrorRate
2026-07-20T11:19:24.4505222Z  34/663 Test  #34: AgentTest.CascadeEffectRaisesErrorRate ..................................................   Passed    0.10 sec
2026-07-20T11:19:24.4508667Z         Start  35: AgentTest.ClearCascadeEffectResetsToNormal
2026-07-20T11:19:24.5570484Z  35/663 Test  #35: AgentTest.ClearCascadeEffectResetsToNormal ..............................................   Passed    0.10 sec
2026-07-20T11:19:24.5572450Z         Start  36: AgentTest.LevelOverrideAppliedForMatchingValue
2026-07-20T11:19:24.6605792Z  36/663 Test  #36: AgentTest.LevelOverrideAppliedForMatchingValue ..........................................   Passed    0.10 sec
2026-07-20T11:19:24.6609987Z         Start  37: AgentTest.LevelOverrideHighestSeverityWins
2026-07-20T11:19:24.7655499Z  37/663 Test  #37: AgentTest.LevelOverrideHighestSeverityWins ..............................................   Passed    0.10 sec
2026-07-20T11:19:24.7658372Z         Start  38: AgentTest.LevelOverrideNoMatchFallsBackToLevelWeights
2026-07-20T11:19:24.8701672Z  38/663 Test  #38: AgentTest.LevelOverrideNoMatchFallsBackToLevelWeights ...................................   Passed    0.10 sec
2026-07-20T11:19:24.8704704Z         Start  39: AgentTest.LevelOverrideIsDeterministic
2026-07-20T11:19:25.0763156Z  39/663 Test  #39: AgentTest.LevelOverrideIsDeterministic ..................................................   Passed    0.21 sec
2026-07-20T11:19:25.0767054Z         Start  40: AgentTest.LevelOverrideCannotDowngradeErrorInjectedRecord
2026-07-20T11:19:25.1812068Z  40/663 Test  #40: AgentTest.LevelOverrideCannotDowngradeErrorInjectedRecord ...............................   Passed    0.10 sec
2026-07-20T11:19:25.1814695Z         Start  41: AgentTest.LevelWeightsDistribution
2026-07-20T11:19:25.2865606Z  41/663 Test  #41: AgentTest.LevelWeightsDistribution ......................................................   Passed    0.10 sec
2026-07-20T11:19:25.2868279Z         Start  42: AgentTest.SetRateExactZeroSilencesAgent
2026-07-20T11:19:25.6234329Z  42/663 Test  #42: AgentTest.SetRateExactZeroSilencesAgent .................................................   Passed    0.34 sec
2026-07-20T11:19:25.6237772Z         Start  43: AgentTest.SetRateZeroThenResumeProducesRecords
2026-07-20T11:19:26.0114613Z  43/663 Test  #43: AgentTest.SetRateZeroThenResumeProducesRecords ..........................................   Passed    0.39 sec
2026-07-20T11:19:26.0117759Z         Start  44: EmitFalseTemplateInput.TemplateStillInterpolatesAFieldMarkedEmitFalse
2026-07-20T11:19:26.0156916Z  44/663 Test  #44: EmitFalseTemplateInput.TemplateStillInterpolatesAFieldMarkedEmitFalse ...................   Passed    0.00 sec
2026-07-20T11:19:26.0158167Z         Start  45: EmitFalseTemplateInput.EmitFalseRemovesTheDuplicateTailItem
2026-07-20T11:19:26.0193658Z  45/663 Test  #45: EmitFalseTemplateInput.EmitFalseRemovesTheDuplicateTailItem .............................   Passed    0.00 sec
2026-07-20T11:19:26.0196655Z         Start  46: EmitFalseTemplateInput.DefaultEmitTrueStillEmitsTheTailAndReproducesTheDuplicate
2026-07-20T11:19:26.0229773Z  46/663 Test  #46: EmitFalseTemplateInput.DefaultEmitTrueStillEmitsTheTailAndReproducesTheDuplicate ........   Passed    0.00 sec
2026-07-20T11:19:26.0232552Z         Start  47: ErrorCascadingFeature.YamlParsingOfAutoCascade
2026-07-20T11:19:26.0271278Z  47/663 Test  #47: ErrorCascadingFeature.YamlParsingOfAutoCascade ..........................................   Passed    0.00 sec
2026-07-20T11:19:26.0273308Z         Start  48: ErrorCascadingFeature.DampeningReducesEffectPerHop
2026-07-20T11:19:27.0496850Z  48/663 Test  #48: ErrorCascadingFeature.DampeningReducesEffectPerHop ......................................   Passed    1.02 sec
2026-07-20T11:19:27.0497989Z         Start  49: ErrorCascadingFeature.BlastRadiusLimitsHopCount
2026-07-20T11:19:27.7714012Z  49/663 Test  #49: ErrorCascadingFeature.BlastRadiusLimitsHopCount .........................................   Passed    0.72 sec
2026-07-20T11:19:27.7716762Z         Start  50: ErrorCascadingFeature.CascadeClearOnSourceRecovery
2026-07-20T11:19:28.7945375Z  50/663 Test  #50: ErrorCascadingFeature.CascadeClearOnSourceRecovery ......................................   Passed    1.02 sec
2026-07-20T11:19:28.7949228Z         Start  51: FootballMatchWhatIf.DeterministicReplayWithSameSeed
2026-07-20T11:19:28.8065548Z  51/663 Test  #51: FootballMatchWhatIf.DeterministicReplayWithSameSeed .....................................   Passed    0.01 sec
2026-07-20T11:19:28.8068316Z         Start  52: FootballMatchWhatIf.WhatIfRemovingInjuryChangesCausallyTheScore
2026-07-20T11:19:28.8206503Z  52/663 Test  #52: FootballMatchWhatIf.WhatIfRemovingInjuryChangesCausallyTheScore .........................   Passed    0.01 sec
2026-07-20T11:19:28.8208306Z         Start  53: GenerateRecordKernel.IdenticalInputsProduceByteIdenticalRecord
2026-07-20T11:19:28.8239923Z  53/663 Test  #53: GenerateRecordKernel.IdenticalInputsProduceByteIdenticalRecord ..........................   Passed    0.00 sec
2026-07-20T11:19:28.8242271Z         Start  54: GenerateRecordKernel.RepeatedCallSameOrdinalReproduces
2026-07-20T11:19:28.8271639Z  54/663 Test  #54: GenerateRecordKernel.RepeatedCallSameOrdinalReproduces ..................................   Passed    0.00 sec
2026-07-20T11:19:28.8274893Z         Start  55: GenerateRecordKernel.SnapshotRestoreRoundTripsOwnedBoundaryState
2026-07-20T11:19:28.8330383Z  55/663 Test  #55: GenerateRecordKernel.SnapshotRestoreRoundTripsOwnedBoundaryState ........................   Passed    0.01 sec
2026-07-20T11:19:28.8332920Z         Start  56: BranchWeightRamp.ScheduleShiftsSuccessorEntropyPastThreshold
2026-07-20T11:19:28.9068203Z  56/663 Test  #56: BranchWeightRamp.ScheduleShiftsSuccessorEntropyPastThreshold ............................   Passed    0.07 sec
2026-07-20T11:19:28.9071098Z         Start  57: BranchWeightRamp.FlatScheduleStaysConcentrated
2026-07-20T11:19:28.9711221Z  57/663 Test  #57: BranchWeightRamp.FlatScheduleStaysConcentrated ..........................................   Passed    0.06 sec
2026-07-20T11:19:28.9713443Z         Start  58: BranchWeightRamp.ReplaysBitIdentically
2026-07-20T11:19:29.1247670Z  58/663 Test  #58: BranchWeightRamp.ReplaysBitIdentically ..................................................   Passed    0.15 sec
2026-07-20T11:19:29.1248161Z         Start  59: CounterRngPhi.ReferenceVectorIsBitExact
2026-07-20T11:19:29.1296701Z  59/663 Test  #59: CounterRngPhi.ReferenceVectorIsBitExact .................................................   Passed    0.00 sec
2026-07-20T11:19:29.1299208Z         Start  60: CounterRngPhi.SeekResetsLocalSoBlockIsReproducible
2026-07-20T11:19:29.1330550Z  60/663 Test  #60: CounterRngPhi.SeekResetsLocalSoBlockIsReproducible ......................................   Passed    0.00 sec
2026-07-20T11:19:29.1333059Z         Start  61: CounterRngPhi.PositionAddressableNotConsumptionOrdered
2026-07-20T11:19:29.1362565Z  61/663 Test  #61: CounterRngPhi.PositionAddressableNotConsumptionOrdered ..................................   Passed    0.00 sec
2026-07-20T11:19:29.1365146Z         Start  62: DegenerateFluxGate.LoaderCompatPrecondition
2026-07-20T11:19:29.1402630Z  62/663 Test  #62: DegenerateFluxGate.LoaderCompatPrecondition .............................................   Passed    0.00 sec
2026-07-20T11:19:29.1404994Z         Start  63: DegenerateFluxGate.RendersByteIdenticalToFrozenGolden
2026-07-20T11:19:29.1442572Z  63/663 Test  #63: DegenerateFluxGate.RendersByteIdenticalToFrozenGolden ...................................   Passed    0.00 sec
2026-07-20T11:19:29.1445008Z         Start  64: BitIdenticalAutoDeterminismTest.SeedOnlyYieldsBitIdenticalContentAcrossRuns
2026-07-20T11:19:29.1484477Z  64/663 Test  #64: BitIdenticalAutoDeterminismTest.SeedOnlyYieldsBitIdenticalContentAcrossRuns .............   Passed    0.00 sec
2026-07-20T11:19:29.1487191Z         Start  65: BitIdenticalAutoDeterminismTest.SeedOnlyTimestampsStrictlyAdvance
2026-07-20T11:19:29.1522040Z  65/663 Test  #65: BitIdenticalAutoDeterminismTest.SeedOnlyTimestampsStrictlyAdvance .......................   Passed    0.00 sec
2026-07-20T11:19:29.1524250Z         Start  66: BitIdenticalAutoDeterminismTest.SchedulerDrivenEmissionsAreBitIdentical
2026-07-20T11:19:29.1626791Z  66/663 Test  #66: BitIdenticalAutoDeterminismTest.SchedulerDrivenEmissionsAreBitIdentical .................   Passed    0.01 sec
2026-07-20T11:19:29.1629345Z         Start  67: RampHarnessComparator.IdentityLineSeesWhatTheOldProjectionMissed
2026-07-20T11:19:29.1659295Z  67/663 Test  #67: RampHarnessComparator.IdentityLineSeesWhatTheOldProjectionMissed ........................   Passed    0.00 sec
2026-07-20T11:19:29.1661847Z         Start  68: BuildAxisDeterminism.EveryMaterializedBuildReplaysBitIdentically
2026-07-20T11:19:29.1734565Z  68/663 Test  #68: BuildAxisDeterminism.EveryMaterializedBuildReplaysBitIdentically ........................   Passed    0.01 sec
2026-07-20T11:19:29.1737070Z         Start  69: BuildAxisDeterminism.TheDegenerateAxisIsByteIdenticalToAnEdgelessOne
2026-07-20T11:19:29.1787471Z  69/663 Test  #69: BuildAxisDeterminism.TheDegenerateAxisIsByteIdenticalToAnEdgelessOne ....................   Passed    0.00 sec
2026-07-20T11:19:29.1789476Z         Start  70: BuildAxisDeterminism.ADerivedCoordinateIsByteIdenticalToTheHandAuthoredWorld
2026-07-20T11:19:29.1845011Z  70/663 Test  #70: BuildAxisDeterminism.ADerivedCoordinateIsByteIdenticalToTheHandAuthoredWorld ............   Passed    0.01 sec
2026-07-20T11:19:29.1847760Z         Start  71: BuildAxisDeterminism.RemoveAdvanceMovesExactlyItsQuantum
2026-07-20T11:19:29.1897144Z  71/663 Test  #71: BuildAxisDeterminism.RemoveAdvanceMovesExactlyItsQuantum ................................   Passed    0.00 sec
2026-07-20T11:19:29.1900420Z         Start  72: BuildAxisDeterminism.AddAdvanceMovesExactlyItsQuantum
2026-07-20T11:19:29.1952562Z  72/663 Test  #72: BuildAxisDeterminism.AddAdvanceMovesExactlyItsQuantum ...................................   Passed    0.01 sec
2026-07-20T11:19:29.1955188Z         Start  73: BuildAxisDeterminism.RewordAdvanceMovesExactlyItsQuantumAndOnlyItsBanner
2026-07-20T11:19:29.2009000Z  73/663 Test  #73: BuildAxisDeterminism.RewordAdvanceMovesExactlyItsQuantumAndOnlyItsBanner ................   Passed    0.01 sec
2026-07-20T11:19:29.2011424Z         Start  74: BuildAxisDeterminism.FailingStepAdvanceMovesExactlyItsQuantum
2026-07-20T11:19:29.2066337Z  74/663 Test  #74: BuildAxisDeterminism.FailingStepAdvanceMovesExactlyItsQuantum ...........................   Passed    0.01 sec
2026-07-20T11:19:29.2066888Z         Start  75: CausalAxisDeterminism.CoordinateZeroIsByteIdenticalToTheHandAuthoredBase
2026-07-20T11:19:29.2114969Z  75/663 Test  #75: CausalAxisDeterminism.CoordinateZeroIsByteIdenticalToTheHandAuthoredBase ................   Passed    0.00 sec
2026-07-20T11:19:29.2117322Z         Start  76: CausalAxisDeterminism.DerivedCoordinateIsByteIdenticalToTheHandAuthoredCounterfactual
2026-07-20T11:19:29.2165229Z  76/663 Test  #76: CausalAxisDeterminism.DerivedCoordinateIsByteIdenticalToTheHandAuthoredCounterfactual ...   Passed    0.00 sec
2026-07-20T11:19:29.2167721Z         Start  77: CausalAxisDeterminism.BaseLoadUnfoldsAsCoordinateZero
2026-07-20T11:19:29.2216955Z  77/663 Test  #77: CausalAxisDeterminism.BaseLoadUnfoldsAsCoordinateZero ...................................   Passed    0.00 sec
2026-07-20T11:19:29.2219994Z         Start  78: CausalAxisDeterminism.AblationMovesExactlyTheTargetAgent
2026-07-20T11:19:29.2272871Z  78/663 Test  #78: CausalAxisDeterminism.AblationMovesExactlyTheTargetAgent ................................   Passed    0.01 sec
2026-07-20T11:19:29.2274257Z         Start  79: ComprehensiveDeterminismTest.AllFeaturesYieldIdenticalContentAcrossRuns
2026-07-20T11:19:29.2336834Z  79/663 Test  #79: ComprehensiveDeterminismTest.AllFeaturesYieldIdenticalContentAcrossRuns .................   Passed    0.01 sec
2026-07-20T11:19:29.2339298Z         Start  80: ComprehensiveDeterminismTest.DifferentSeedsYieldDifferentContent
2026-07-20T11:19:29.2383001Z  80/663 Test  #80: ComprehensiveDeterminismTest.DifferentSeedsYieldDifferentContent ........................   Passed    0.00 sec
2026-07-20T11:19:29.2385295Z         Start  81: DoOperatorDeterminismTest.RemovingAgentLeavesOtherAgentByteIdentical
2026-07-20T11:19:29.2422723Z  81/663 Test  #81: DoOperatorDeterminismTest.RemovingAgentLeavesOtherAgentByteIdentical ....................   Passed    0.00 sec
2026-07-20T11:19:29.2425135Z         Start  82: DoOperatorDeterminismTest.RemovingMiddleAgentLeavesNeighboursByteIdentical
2026-07-20T11:19:29.2464353Z  82/663 Test  #82: DoOperatorDeterminismTest.RemovingMiddleAgentLeavesNeighboursByteIdentical ..............   Passed    0.00 sec
2026-07-20T11:19:29.2467288Z         Start  83: DeterminismE2ETest.SameSeedProducesSameContent
2026-07-20T11:19:29.2518491Z  83/663 Test  #83: DeterminismE2ETest.SameSeedProducesSameContent ..........................................   Passed    0.01 sec
2026-07-20T11:19:29.2520838Z         Start  84: DeterminismE2ETest.ShardedPipelineConfigStillProducesContent
2026-07-20T11:19:29.2553925Z  84/663 Test  #84: DeterminismE2ETest.ShardedPipelineConfigStillProducesContent ............................   Passed    0.00 sec
2026-07-20T11:19:29.2556894Z         Start  85: DeterminismFlowTest.BranchingFlowIsBitIdentical
2026-07-20T11:19:29.2616993Z  85/663 Test  #85: DeterminismFlowTest.BranchingFlowIsBitIdentical .........................................   Passed    0.01 sec
2026-07-20T11:19:29.2619428Z         Start  86: DeterminismFlowTest.FlowDoesNotPerturbAgentSeeds
2026-07-20T11:19:29.2661671Z  86/663 Test  #86: DeterminismFlowTest.FlowDoesNotPerturbAgentSeeds ........................................   Passed    0.00 sec
2026-07-20T11:19:29.2663748Z         Start  87: FlowCorrelationFieldTest.RendersMaskableBareOrdinal
2026-07-20T11:19:29.2702614Z  87/663 Test  #87: FlowCorrelationFieldTest.RendersMaskableBareOrdinal .....................................   Passed    0.00 sec
2026-07-20T11:19:29.2704844Z         Start  88: FlowMaxStepsTest.BackEdgeCycleTerminatesAtCap
2026-07-20T11:19:29.2743821Z  88/663 Test  #88: FlowMaxStepsTest.BackEdgeCycleTerminatesAtCap ...........................................   Passed    0.00 sec
2026-07-20T11:19:29.2746116Z         Start  89: FlowMaxStepsTest.CappedCycleIsDeterministic
2026-07-20T11:19:29.2781633Z  89/663 Test  #89: FlowMaxStepsTest.CappedCycleIsDeterministic .............................................   Passed    0.00 sec
2026-07-20T11:19:29.2784356Z         Start  90: ShmGate.DataFrameCountStable
2026-07-20T11:19:29.5754706Z  90/663 Test  #90: ShmGate.DataFrameCountStable ............................................................   Passed    0.30 sec
2026-07-20T11:19:29.5757536Z         Start  91: ShmGate.PerShardStreamIsBitIdentical
2026-07-20T11:19:32.1861623Z  91/663 Test  #91: ShmGate.PerShardStreamIsBitIdentical ....................................................   Passed    2.61 sec
2026-07-20T11:19:32.1864151Z         Start  92: ShmGate.WindowSealSetIsDeterministic
2026-07-20T11:19:32.4735644Z  92/663 Test  #92: ShmGate.WindowSealSetIsDeterministic ....................................................   Passed    0.29 sec
2026-07-20T11:19:32.4736526Z         Start  93: ShmGate.DataPrecedesSealPerShardUnderBackpressure
2026-07-20T11:19:32.5299874Z  93/663 Test  #93: ShmGate.DataPrecedesSealPerShardUnderBackpressure .......................................   Passed    0.06 sec
2026-07-20T11:19:32.5302729Z         Start  94: ShmGate.WindowSealsCompleteUnderPlayToTargetWithoutStop
2026-07-20T11:19:32.6822304Z  94/663 Test  #94: ShmGate.WindowSealsCompleteUnderPlayToTargetWithoutStop .................................   Passed    0.15 sec
2026-07-20T11:19:32.6824830Z         Start  95: ShmGate.ChunkedPlayToTargetClosesAllWindowsAcrossShards
2026-07-20T11:19:32.7712413Z  95/663 Test  #95: ShmGate.ChunkedPlayToTargetClosesAllWindowsAcrossShards .................................   Passed    0.09 sec
2026-07-20T11:19:32.7713470Z         Start  96: ShmGate.GenerationCountIsIoThreadInvariant
2026-07-20T11:19:36.5032266Z  96/663 Test  #96: ShmGate.GenerationCountIsIoThreadInvariant ..............................................   Passed    3.73 sec
2026-07-20T11:19:36.5034479Z         Start  97: FieldWeightRamp.RampShiftsFieldHistogramWindowByWindow
2026-07-20T11:19:36.5441916Z  97/663 Test  #97: FieldWeightRamp.RampShiftsFieldHistogramWindowByWindow ..................................   Passed    0.04 sec
2026-07-20T11:19:36.5443032Z         Start  98: FieldWeightRamp.SupportStaysFixedAcrossTheRamp
2026-07-20T11:19:36.5788220Z  98/663 Test  #98: FieldWeightRamp.SupportStaysFixedAcrossTheRamp ..........................................   Passed    0.03 sec
2026-07-20T11:19:36.5790674Z         Start  99: FieldWeightRamp.FlatRampIsStationary
2026-07-20T11:19:36.6154369Z  99/663 Test  #99: FieldWeightRamp.FlatRampIsStationary ....................................................   Passed    0.04 sec
2026-07-20T11:19:36.6156935Z         Start 100: FieldWeightRamp.RampReplaysBitIdentically
2026-07-20T11:19:36.6834696Z 100/663 Test #100: FieldWeightRamp.RampReplaysBitIdentically ...............................................   Passed    0.07 sec
2026-07-20T11:19:36.6836044Z         Start 101: FlowFieldRamp.DriftsFlowStepFieldWindowByWindow
2026-07-20T11:19:36.7235484Z 101/663 Test #101: FlowFieldRamp.DriftsFlowStepFieldWindowByWindow .........................................   Passed    0.04 sec
2026-07-20T11:19:36.7241854Z         Start 102: FlowFieldRamp.ReplaysBitIdentically
2026-07-20T11:19:36.8023444Z 102/663 Test #102: FlowFieldRamp.ReplaysBitIdentically .....................................................   Passed    0.08 sec
2026-07-20T11:19:36.8024207Z         Start 103: LevelWeightRamp.RampShiftsLevelHistogramWindowByWindow
2026-07-20T11:19:36.8398485Z 103/663 Test #103: LevelWeightRamp.RampShiftsLevelHistogramWindowByWindow ..................................   Passed    0.04 sec
2026-07-20T11:19:36.8399027Z         Start 104: LevelWeightRamp.FlatRampIsStationary
2026-07-20T11:19:36.8765274Z 104/663 Test #104: LevelWeightRamp.FlatRampIsStationary ....................................................   Passed    0.04 sec
2026-07-20T11:19:36.8775633Z         Start 105: LevelWeightRamp.RampReplaysBitIdentically
2026-07-20T11:19:36.9426651Z 105/663 Test #105: LevelWeightRamp.RampReplaysBitIdentically ...............................................   Passed    0.06 sec
2026-07-20T11:19:36.9431463Z         Start 106: LocaleIndependenceGate.FormatDecimalIgnoresACommaDecimalGlobalLocale
2026-07-20T11:19:36.9467169Z 106/663 Test #106: LocaleIndependenceGate.FormatDecimalIgnoresACommaDecimalGlobalLocale ....................   Passed    0.00 sec
2026-07-20T11:19:36.9469385Z         Start 107: LocaleIndependenceGate.ParseDoubleIgnoresACommaDecimalGlobalLocale
2026-07-20T11:19:36.9502653Z 107/663 Test #107: LocaleIndependenceGate.ParseDoubleIgnoresACommaDecimalGlobalLocale ......................   Passed    0.00 sec
2026-07-20T11:19:36.9505236Z         Start 108: LocaleIndependenceGate.FormatParseRoundTripsUnderACommaDecimalGlobalLocale
2026-07-20T11:19:36.9537062Z 108/663 Test #108: LocaleIndependenceGate.FormatParseRoundTripsUnderACommaDecimalGlobalLocale ..............   Passed    0.00 sec
2026-07-20T11:19:36.9538560Z         Start 109: LocaleIndependenceGate.ToCharsRenderingIsDigitIdenticalToTheFormerCLocaleOutput
2026-07-20T11:19:36.9569599Z 109/663 Test #109: LocaleIndependenceGate.ToCharsRenderingIsDigitIdenticalToTheFormerCLocaleOutput .........   Passed    0.00 sec
2026-07-20T11:19:36.9572156Z         Start 110: LocaleIndependenceGate.ParseAcceptanceSurfaceMatchesTheFormerIostreamForm
2026-07-20T11:19:36.9603103Z 110/663 Test #110: LocaleIndependenceGate.ParseAcceptanceSurfaceMatchesTheFormerIostreamForm ...............   Passed    0.00 sec
2026-07-20T11:19:36.9605061Z         Start 111: LocaleIndependenceGate.NoNumericFormattingOrParsingThroughIostreams
2026-07-20T11:19:36.9661192Z 111/663 Test #111: LocaleIndependenceGate.NoNumericFormattingOrParsingThroughIostreams .....................   Passed    0.01 sec
2026-07-20T11:19:36.9663683Z         Start 112: NoiseDuplicationReplay.EveryRecordDuplicatedOnPlayToTargetPath
2026-07-20T11:19:36.9711846Z 112/663 Test #112: NoiseDuplicationReplay.EveryRecordDuplicatedOnPlayToTargetPath ..........................   Passed    0.00 sec
2026-07-20T11:19:36.9713976Z         Start 113: NoiseDuplicationReplay.NoDuplicatesWhenRateZero
2026-07-20T11:19:36.9766150Z 113/663 Test #113: NoiseDuplicationReplay.NoDuplicatesWhenRateZero .........................................   Passed    0.01 sec
2026-07-20T11:19:36.9768655Z         Start 114: NoiseDuplicationReplay.DuplicationIsBitIdenticalAcrossReplays
2026-07-20T11:19:36.9831044Z 114/663 Test #114: NoiseDuplicationReplay.DuplicationIsBitIdenticalAcrossReplays ...........................   Passed    0.01 sec
2026-07-20T11:19:36.9833203Z         Start 115: PhaseRateZero.PhaseToRateZeroSilencesAgent
2026-07-20T11:19:36.9865923Z 115/663 Test #115: PhaseRateZero.PhaseToRateZeroSilencesAgent ..............................................   Passed    0.00 sec
2026-07-20T11:19:36.9868043Z         Start 116: PhaseRateZero.PhaseOmittingRateKeepsCurrentRate
2026-07-20T11:19:36.9900257Z 116/663 Test #116: PhaseRateZero.PhaseOmittingRateKeepsCurrentRate .........................................   Passed    0.00 sec
2026-07-20T11:19:36.9901650Z         Start 117: PhaseRateZero.RateZeroPhaseReplaysBitIdentically
2026-07-20T11:19:36.9937324Z 117/663 Test #117: PhaseRateZero.RateZeroPhaseReplaysBitIdentically ........................................   Passed    0.00 sec
2026-07-20T11:19:36.9939837Z         Start 118: RuntimeTimerDeterminism.DurationCutsGenerationExactly
2026-07-20T11:19:37.5496397Z 118/663 Test #118: RuntimeTimerDeterminism.DurationCutsGenerationExactly ...................................   Passed    0.56 sec
2026-07-20T11:19:37.5499123Z         Start 119: RuntimeTimerDeterminism.TimedIncidentEffectWindowIsExact
2026-07-20T11:19:38.0045011Z 119/663 Test #119: RuntimeTimerDeterminism.TimedIncidentEffectWindowIsExact ................................   Passed    0.45 sec
2026-07-20T11:19:38.0047536Z         Start 120: RuntimeTimerDeterminism.ProbabilityIncidentTriggerIsScenarioPure
2026-07-20T11:19:38.2540724Z 120/663 Test #120: RuntimeTimerDeterminism.ProbabilityIncidentTriggerIsScenarioPure ........................   Passed    0.25 sec
2026-07-20T11:19:38.2541344Z         Start 121: RuntimeTimerDeterminism.ProbabilityRollIsPositionalAndOrderIndependent
2026-07-20T11:19:38.2756687Z 121/663 Test #121: RuntimeTimerDeterminism.ProbabilityRollIsPositionalAndOrderIndependent ..................   Passed    0.02 sec
2026-07-20T11:19:38.2758953Z         Start 122: RuntimeTimerDeterminism.ProbabilityRollIsAblationIndependent
2026-07-20T11:19:38.3211300Z 122/663 Test #122: RuntimeTimerDeterminism.ProbabilityRollIsAblationIndependent ............................   Passed    0.04 sec
2026-07-20T11:19:38.3213386Z         Start 123: RuntimeTimerDeterminism.PropagationAndCascadeAreScheduleInvariant
2026-07-20T11:19:38.7724378Z 123/663 Test #123: RuntimeTimerDeterminism.PropagationAndCascadeAreScheduleInvariant .......................   Passed    0.45 sec
2026-07-20T11:19:38.7727234Z         Start 124: SpanFanout.ChildrenShareParentSpanAndTraceWithDistinctIds
2026-07-20T11:19:38.7763344Z 124/663 Test #124: SpanFanout.ChildrenShareParentSpanAndTraceWithDistinctIds ...............................   Passed    0.00 sec
2026-07-20T11:19:38.7765751Z         Start 125: SpanFanout.ReplaysBitIdentically
2026-07-20T11:19:38.7798654Z 125/663 Test #125: SpanFanout.ReplaysBitIdentically ........................................................   Passed    0.00 sec
2026-07-20T11:19:38.7800629Z         Start 126: SpanFanout.CyclicFanoutIsBoundedAndSpanIdsAreUnique
2026-07-20T11:19:38.7832057Z 126/663 Test #126: SpanFanout.CyclicFanoutIsBoundedAndSpanIdsAreUnique .....................................   Passed    0.00 sec
2026-07-20T11:19:38.7835026Z         Start 127: SpanTraceDiff.AddedSpan_RedGainsExactlyOneSpanNameControlStationary
2026-07-20T11:19:38.7873695Z 127/663 Test #127: SpanTraceDiff.AddedSpan_RedGainsExactlyOneSpanNameControlStationary .....................   Passed    0.00 sec
2026-07-20T11:19:38.7875248Z         Start 128: SpanTraceDiff.AddedSpan_ReplaysBitIdentically
2026-07-20T11:19:38.7913535Z 128/663 Test #128: SpanTraceDiff.AddedSpan_ReplaysBitIdentically ...........................................   Passed    0.00 sec
2026-07-20T11:19:38.7915840Z         Start 129: SpanTraceDiff.DroppedBranch_RedLosesExactlyTheSmsBranchControlStationary
2026-07-20T11:19:38.7954354Z 129/663 Test #129: SpanTraceDiff.DroppedBranch_RedLosesExactlyTheSmsBranchControlStationary ................   Passed    0.00 sec
2026-07-20T11:19:38.7956176Z         Start 130: SpanTraceDiff.DroppedBranch_ReplaysBitIdentically
2026-07-20T11:19:38.7996153Z 130/663 Test #130: SpanTraceDiff.DroppedBranch_ReplaysBitIdentically .......................................   Passed    0.00 sec
2026-07-20T11:19:38.7999447Z         Start 131: SpanTraceDiff.DurationShift_OnlyChargeMovesRegimeStructureAndControlsIdentical
2026-07-20T11:19:38.8036165Z 131/663 Test #131: SpanTraceDiff.DurationShift_OnlyChargeMovesRegimeStructureAndControlsIdentical ..........   Passed    0.00 sec
2026-07-20T11:19:38.8038315Z         Start 132: SpanTraceDiff.DurationShift_ReplaysBitIdentically
2026-07-20T11:19:38.8075759Z 132/663 Test #132: SpanTraceDiff.DurationShift_ReplaysBitIdentically .......................................   Passed    0.00 sec
2026-07-20T11:19:38.8078116Z         Start 133: SpanFanoutObservedVsInferred.ObservedDagCleanWhileAdjacencyManufacturesEdges
2026-07-20T11:19:38.8122010Z 133/663 Test #133: SpanFanoutObservedVsInferred.ObservedDagCleanWhileAdjacencyManufacturesEdges ............   Passed    0.00 sec
2026-07-20T11:19:38.8124111Z         Start 134: TimeSourceLint.WallClockReadsAreExplicitlyWaived
2026-07-20T11:19:38.8480540Z 134/663 Test #134: TimeSourceLint.WallClockReadsAreExplicitlyWaived ........................................   Passed    0.04 sec
2026-07-20T11:19:38.8482673Z         Start 135: VirtualClockProgressionTest.TimestampsAdvancePerAgentAtConfiguredRate
2026-07-20T11:19:38.8529201Z 135/663 Test #135: VirtualClockProgressionTest.TimestampsAdvancePerAgentAtConfiguredRate ...................   Passed    0.00 sec
2026-07-20T11:19:38.8531863Z         Start 136: VirtualClockProgressionTest.TimestampsAreReproducibleAcrossRuns
2026-07-20T11:19:38.8575079Z 136/663 Test #136: VirtualClockProgressionTest.TimestampsAreReproducibleAcrossRuns .........................   Passed    0.00 sec
2026-07-20T11:19:38.8577053Z         Start 137: VirtualClockProgressionTest.ClockIsNotFrozenAtStartTime
2026-07-20T11:19:38.8615605Z 137/663 Test #137: VirtualClockProgressionTest.ClockIsNotFrozenAtStartTime .................................   Passed    0.00 sec
2026-07-20T11:19:38.8617791Z         Start 138: CommandFacadeTest.StartAndStopLifecycle
2026-07-20T11:19:39.1886521Z 138/663 Test #138: CommandFacadeTest.StartAndStopLifecycle .................................................   Passed    0.33 sec
2026-07-20T11:19:39.1888958Z         Start 139: CommandFacadeTest.SnapshotReturnsValidData
2026-07-20T11:19:39.5164957Z 139/663 Test #139: CommandFacadeTest.SnapshotReturnsValidData ..............................................   Passed    0.33 sec
2026-07-20T11:19:39.5167503Z         Start 140: CommandFacadeTest.PlaybackControlsUpdateSnapshotState
2026-07-20T11:19:40.0939026Z 140/663 Test #140: CommandFacadeTest.PlaybackControlsUpdateSnapshotState ...................................   Passed    0.58 sec
2026-07-20T11:19:40.0941859Z         Start 141: CommandFacadeTest.AddAgentWithEmptyNameFails
2026-07-20T11:19:40.1129124Z 141/663 Test #141: CommandFacadeTest.AddAgentWithEmptyNameFails ............................................   Passed    0.02 sec
2026-07-20T11:19:40.1131772Z         Start 142: CommandFacadeTest.DynamicAgentAddAndRemove
2026-07-20T11:19:40.2335757Z 142/663 Test #142: CommandFacadeTest.DynamicAgentAddAndRemove ..............................................   Passed    0.12 sec
2026-07-20T11:19:40.2338836Z         Start 143: CommandFacadeTest.DynamicAgentMutationRequiresRealMode
2026-07-20T11:19:40.2588361Z 143/663 Test #143: CommandFacadeTest.DynamicAgentMutationRequiresRealMode ..................................   Passed    0.02 sec
2026-07-20T11:19:40.2590450Z         Start 144: CommandFacadeTest.AgentPerturbationRequiresRealMode
2026-07-20T11:19:40.2816030Z 144/663 Test #144: CommandFacadeTest.AgentPerturbationRequiresRealMode .....................................   Passed    0.02 sec
2026-07-20T11:19:40.2818500Z         Start 145: CommandFacadeTest.SetAgentRateSucceeds
2026-07-20T11:19:40.4028047Z 145/663 Test #145: CommandFacadeTest.SetAgentRateSucceeds ..................................................   Passed    0.12 sec
2026-07-20T11:19:40.4029567Z         Start 146: CommandFacadeTest.SetAgentErrorRateSucceeds
2026-07-20T11:19:40.5235842Z 146/663 Test #146: CommandFacadeTest.SetAgentErrorRateSucceeds .............................................   Passed    0.12 sec
2026-07-20T11:19:40.5239214Z         Start 147: CommandFacadeTest.GenerateBurstSucceeds
2026-07-20T11:19:40.8450018Z 147/663 Test #147: CommandFacadeTest.GenerateBurstSucceeds .................................................   Passed    0.32 sec
2026-07-20T11:19:40.8452530Z         Start 148: CommandFacadeTest.EvaluateCascadeSucceeds
2026-07-20T11:19:40.9685771Z 148/663 Test #148: CommandFacadeTest.EvaluateCascadeSucceeds ...............................................   Passed    0.12 sec
2026-07-20T11:19:40.9686915Z         Start 149: CommandFacadeTest.EngineAccessor
2026-07-20T11:19:40.9856112Z 149/663 Test #149: CommandFacadeTest.EngineAccessor ........................................................   Passed    0.02 sec
2026-07-20T11:19:40.9858672Z         Start 150: YamlEndToEndRegression.LoadsScenarioFileAndWritesRoutedRecordingOutput
2026-07-20T11:19:41.0078916Z 150/663 Test #150: YamlEndToEndRegression.LoadsScenarioFileAndWritesRoutedRecordingOutput ..................   Passed    0.02 sec
2026-07-20T11:19:41.0081065Z         Start 151: EngineTest.ProducesRecordsThroughPipeline
2026-07-20T11:19:41.0294335Z 151/663 Test #151: EngineTest.ProducesRecordsThroughPipeline ...............................................   Passed    0.02 sec
2026-07-20T11:19:41.0296686Z         Start 152: EngineTest.DurationAutoStops
2026-07-20T11:19:41.0504734Z 152/663 Test #152: EngineTest.DurationAutoStops ............................................................   Passed    0.02 sec
2026-07-20T11:19:41.0507148Z         Start 153: EngineTest.DeterministicDurationFreezesVirtualPlaybackAtScenarioEnd
2026-07-20T11:19:41.0701144Z 153/663 Test #153: EngineTest.DeterministicDurationFreezesVirtualPlaybackAtScenarioEnd .....................   Passed    0.02 sec
2026-07-20T11:19:41.0703620Z         Start 154: EngineTest.DeterministicSnapshotPhaseUsesSimulationTime
2026-07-20T11:19:41.0977199Z 154/663 Test #154: EngineTest.DeterministicSnapshotPhaseUsesSimulationTime .................................   Passed    0.03 sec
2026-07-20T11:19:41.0978051Z         Start 155: EngineTest.PhaseRatesAreAppliedUnderPlayToTarget
2026-07-20T11:19:41.1188931Z 155/663 Test #155: EngineTest.PhaseRatesAreAppliedUnderPlayToTarget ........................................   Passed    0.02 sec
2026-07-20T11:19:41.1190931Z         Start 156: EngineTest.RealClockCanRunWithoutScheduler
2026-07-20T11:19:41.6397001Z 156/663 Test #156: EngineTest.RealClockCanRunWithoutScheduler ..............................................   Passed    0.52 sec
2026-07-20T11:19:41.6398052Z         Start 157: EngineTest.SeededRealClockIsRejected
2026-07-20T11:19:41.6435707Z 157/663 Test #157: EngineTest.SeededRealClockIsRejected ....................................................   Passed    0.00 sec
2026-07-20T11:19:41.6437853Z         Start 158: EngineTest.UnseededVirtualClockIsRejected
2026-07-20T11:19:41.6469309Z 158/663 Test #158: EngineTest.UnseededVirtualClockIsRejected ...............................................   Passed    0.00 sec
2026-07-20T11:19:41.6470978Z         Start 159: EngineTest.AddSinkWhileRunningIsRejected
2026-07-20T11:19:41.6701073Z 159/663 Test #159: EngineTest.AddSinkWhileRunningIsRejected ................................................   Passed    0.02 sec
2026-07-20T11:19:41.6702586Z         Start 160: EngineTest.DynamicAgentAdd
2026-07-20T11:19:41.9906471Z 160/663 Test #160: EngineTest.DynamicAgentAdd ..............................................................   Passed    0.32 sec
2026-07-20T11:19:41.9909303Z         Start 161: EngineTest.DynamicAgentRemove
2026-07-20T11:19:42.1131285Z 161/663 Test #161: EngineTest.DynamicAgentRemove ...........................................................   Passed    0.12 sec
2026-07-20T11:19:42.1133606Z         Start 162: EngineTest.DeterministicModeRejectsDynamicAgentMutation
2026-07-20T11:19:42.1310489Z 162/663 Test #162: EngineTest.DeterministicModeRejectsDynamicAgentMutation .................................   Passed    0.02 sec
2026-07-20T11:19:42.1313579Z         Start 163: EngineTest.DeterministicModeRejectsAgentPerturbation
2026-07-20T11:19:42.1478677Z 163/663 Test #163: EngineTest.DeterministicModeRejectsAgentPerturbation ....................................   Passed    0.02 sec
2026-07-20T11:19:42.1480960Z         Start 164: EngineTest.IncidentEffectsApplyToAgents
2026-07-20T11:19:42.1659208Z 164/663 Test #164: EngineTest.IncidentEffectsApplyToAgents .................................................   Passed    0.02 sec
2026-07-20T11:19:42.1661291Z         Start 165: EngineTest.ProbabilityIncidentTriggerAppliesEffects
2026-07-20T11:19:42.1836343Z 165/663 Test #165: EngineTest.ProbabilityIncidentTriggerAppliesEffects .....................................   Passed    0.02 sec
2026-07-20T11:19:42.1839442Z         Start 166: EngineTest.AgentStartDelayDefersInitialRecords
2026-07-20T11:19:42.2017044Z 166/663 Test #166: EngineTest.AgentStartDelayDefersInitialRecords ..........................................   Passed    0.02 sec
2026-07-20T11:19:42.2017518Z         Start 167: EngineTest.IncidentAutoRecoveryAfterDuration
2026-07-20T11:19:42.2257463Z 167/663 Test #167: EngineTest.IncidentAutoRecoveryAfterDuration ............................................   Passed    0.02 sec
2026-07-20T11:19:42.2258587Z         Start 168: EngineTest.DeterministicIncidentHistoryUsesSimulationOffsets
2026-07-20T11:19:42.2487138Z 168/663 Test #168: EngineTest.DeterministicIncidentHistoryUsesSimulationOffsets ............................   Passed    0.02 sec
2026-07-20T11:19:42.2488481Z         Start 169: EngineTest.FileSinkWritesToFile
2026-07-20T11:19:42.2665486Z 169/663 Test #169: EngineTest.FileSinkWritesToFile .........................................................   Passed    0.02 sec
2026-07-20T11:19:42.2667859Z         Start 170: EngineTest.SetAgentErrorRateToMaxProducesErrors
2026-07-20T11:19:42.6872300Z 170/663 Test #170: EngineTest.SetAgentErrorRateToMaxProducesErrors .........................................   Passed    0.42 sec
2026-07-20T11:19:42.6874854Z         Start 171: EngineTest.GenerateBurstProducesAtLeastBurstCount
2026-07-20T11:19:43.1111407Z 171/663 Test #171: EngineTest.GenerateBurstProducesAtLeastBurstCount .......................................   Passed    0.42 sec
2026-07-20T11:19:43.1112940Z         Start 172: EngineTest.SetAgentRateNearZeroReducesOutput
2026-07-20T11:19:43.7322865Z 172/663 Test #172: EngineTest.SetAgentRateNearZeroReducesOutput ............................................   Passed    0.62 sec
2026-07-20T11:19:43.7325440Z         Start 173: EngineTest.AutoCascadePropagatesToDirectCaller
2026-07-20T11:19:43.7555115Z 173/663 Test #173: EngineTest.AutoCascadePropagatesToDirectCaller ..........................................   Passed    0.02 sec
2026-07-20T11:19:43.7557571Z         Start 174: EngineTest.AutoCascadeRespectsBlastRadius
2026-07-20T11:19:43.7768339Z 174/663 Test #174: EngineTest.AutoCascadeRespectsBlastRadius ...............................................   Passed    0.02 sec
2026-07-20T11:19:43.7771487Z         Start 175: EngineTest.AutoCascadeClearsWhenSourceRecovers
2026-07-20T11:19:44.5990710Z 175/663 Test #175: EngineTest.AutoCascadeClearsWhenSourceRecovers ..........................................   Passed    0.82 sec
2026-07-20T11:19:44.5993299Z         Start 176: EngineManagerTest.CreateAndListEngines
2026-07-20T11:19:44.6315968Z 176/663 Test #176: EngineManagerTest.CreateAndListEngines ..................................................   Passed    0.03 sec
2026-07-20T11:19:44.6317303Z         Start 177: EngineManagerTest.DuplicateIdIsRejected
2026-07-20T11:19:44.6514805Z 177/663 Test #177: EngineManagerTest.DuplicateIdIsRejected .................................................   Passed    0.02 sec
2026-07-20T11:19:44.6515556Z         Start 178: EngineManagerTest.EmptyIdIsRejected
2026-07-20T11:19:44.6549614Z 178/663 Test #178: EngineManagerTest.EmptyIdIsRejected .....................................................   Passed    0.00 sec
2026-07-20T11:19:44.6551797Z         Start 179: EngineManagerTest.RemoveNonExistentFails
2026-07-20T11:19:44.6583847Z 179/663 Test #179: EngineManagerTest.RemoveNonExistentFails ................................................   Passed    0.00 sec
2026-07-20T11:19:44.6585880Z         Start 180: EngineManagerTest.RemoveStopsAndRemoves
2026-07-20T11:19:44.6823249Z 180/663 Test #180: EngineManagerTest.RemoveStopsAndRemoves .................................................   Passed    0.02 sec
2026-07-20T11:19:44.6825125Z         Start 181: EngineManagerTest.SubmitUnknownFails
2026-07-20T11:19:44.6857068Z 181/663 Test #181: EngineManagerTest.SubmitUnknownFails ....................................................   Passed    0.00 sec
2026-07-20T11:19:44.6859481Z         Start 182: EngineManagerTest.SnapshotReturnsDataForKnownEngine
2026-07-20T11:19:45.0113388Z 182/663 Test #182: EngineManagerTest.SnapshotReturnsDataForKnownEngine .....................................   Passed    0.33 sec
2026-07-20T11:19:45.0117476Z         Start 183: EngineManagerTest.PlayToTargetRecreatesRunningDeterministicEngineAtTarget
2026-07-20T11:19:45.0893922Z 183/663 Test #183: EngineManagerTest.PlayToTargetRecreatesRunningDeterministicEngineAtTarget ...............   Passed    0.08 sec
2026-07-20T11:19:45.0896220Z         Start 184: EngineManagerTest.PlayToTargetAdvancesRunningEngineToTarget
2026-07-20T11:19:45.1142474Z 184/663 Test #184: EngineManagerTest.PlayToTargetAdvancesRunningEngineToTarget .............................   Passed    0.02 sec
2026-07-20T11:19:45.1147686Z         Start 185: EngineManagerTest.PlayToTargetAdvancesForwardFromPausedEngine
2026-07-20T11:19:45.1875163Z 185/663 Test #185: EngineManagerTest.PlayToTargetAdvancesForwardFromPausedEngine ...........................   Passed    0.07 sec
2026-07-20T11:19:45.1877386Z         Start 186: EngineManagerTest.PlayToTargetRejectsNegativeTarget
2026-07-20T11:19:45.2070294Z 186/663 Test #186: EngineManagerTest.PlayToTargetRejectsNegativeTarget .....................................   Passed    0.02 sec
2026-07-20T11:19:45.2070778Z         Start 187: EngineManagerTest.SnapshotReturnsNulloptForUnknown
2026-07-20T11:19:45.2105270Z 187/663 Test #187: EngineManagerTest.SnapshotReturnsNulloptForUnknown ......................................   Passed    0.00 sec
2026-07-20T11:19:45.2107616Z         Start 188: EngineManagerTest.StopAllCleansEverything
2026-07-20T11:19:45.5590933Z 188/663 Test #188: EngineManagerTest.StopAllCleansEverything ...............................................   Passed    0.35 sec
2026-07-20T11:19:45.5592472Z         Start 189: EngineManagerTest.MultipleEnginesRunConcurrently
2026-07-20T11:19:45.9351284Z 189/663 Test #189: EngineManagerTest.MultipleEnginesRunConcurrently ........................................   Passed    0.38 sec
2026-07-20T11:19:45.9354183Z         Start 190: RuntimeMonitorTest.SnapshotComputesLatencyPercentilesAndSinkTelemetry
2026-07-20T11:19:45.9397807Z 190/663 Test #190: RuntimeMonitorTest.SnapshotComputesLatencyPercentilesAndSinkTelemetry ...................   Passed    0.00 sec
2026-07-20T11:19:45.9398977Z         Start 191: RuntimeMonitorTest.SlidingWindowsExpireAfterOneSecond
2026-07-20T11:19:47.0939825Z 191/663 Test #191: RuntimeMonitorTest.SlidingWindowsExpireAfterOneSecond ...................................   Passed    1.15 sec
2026-07-20T11:19:47.0941736Z         Start 192: RuntimeMonitorTest.SnapshotElapsedFreezesAfterStop
2026-07-20T11:19:47.1490160Z 192/663 Test #192: RuntimeMonitorTest.SnapshotElapsedFreezesAfterStop ......................................   Passed    0.05 sec
2026-07-20T11:19:47.1492471Z         Start 193: RuntimeMonitorTest.TailKeepsMostRecentEightyEntries
2026-07-20T11:19:47.1528819Z 193/663 Test #193: RuntimeMonitorTest.TailKeepsMostRecentEightyEntries .....................................   Passed    0.00 sec
2026-07-20T11:19:47.1531241Z         Start 194: RuntimeMonitorTest.IncidentHistoryKeepsMostRecentSixtyFourEvents
2026-07-20T11:19:47.1562951Z 194/663 Test #194: RuntimeMonitorTest.IncidentHistoryKeepsMostRecentSixtyFourEvents ........................   Passed    0.00 sec
2026-07-20T11:19:47.1564300Z         Start 195: Sha256.NistVectorsAreBitExact
2026-07-20T11:19:47.1595768Z 195/663 Test #195: Sha256.NistVectorsAreBitExact ...........................................................   Passed    0.00 sec
2026-07-20T11:19:47.1597558Z         Start 196: Sha256.MillionAsVectorAcrossManyIncrementalUpdates
2026-07-20T11:19:47.1655953Z 196/663 Test #196: Sha256.MillionAsVectorAcrossManyIncrementalUpdates ......................................   Passed    0.01 sec
2026-07-20T11:19:47.1657919Z         Start 197: Sha256.IncrementalUpdateEqualsOneShotAtEverySplit
2026-07-20T11:19:47.1688206Z 197/663 Test #197: Sha256.IncrementalUpdateEqualsOneShotAtEverySplit .......................................   Passed    0.00 sec
2026-07-20T11:19:47.1690063Z         Start 198: SimulationClockTest.RealModeAdvancesWithWallClock
2026-07-20T11:19:47.1740945Z 198/663 Test #198: SimulationClockTest.RealModeAdvancesWithWallClock .......................................   Passed    0.00 sec
2026-07-20T11:19:47.1743321Z         Start 199: SimulationClockTest.VirtualModeIsAPinnedOrigin
2026-07-20T11:19:47.1825575Z 199/663 Test #199: SimulationClockTest.VirtualModeIsAPinnedOrigin ..........................................   Passed    0.01 sec
2026-07-20T11:19:47.1826919Z         Start 200: SimulationClockTest.LegacyCtorIsRealMode
2026-07-20T11:19:47.1857884Z 200/663 Test #200: SimulationClockTest.LegacyCtorIsRealMode ................................................   Passed    0.00 sec
2026-07-20T11:19:47.1860125Z         Start 201: SpscRingTest.CapacityRoundedUpToPowerOfTwo
2026-07-20T11:19:47.1890209Z 201/663 Test #201: SpscRingTest.CapacityRoundedUpToPowerOfTwo ..............................................   Passed    0.00 sec
2026-07-20T11:19:47.1892455Z         Start 202: SpscRingTest.PushPopSingleRecord
2026-07-20T11:19:47.1923431Z 202/663 Test #202: SpscRingTest.PushPopSingleRecord ........................................................   Passed    0.00 sec
2026-07-20T11:19:47.1926892Z         Start 203: SpscRingTest.RejectsWhenFullAndCountsDrops
2026-07-20T11:19:47.1954047Z 203/663 Test #203: SpscRingTest.RejectsWhenFullAndCountsDrops ..............................................   Passed    0.00 sec
2026-07-20T11:19:47.1957699Z         Start 204: SpscRingTest.WatermarksTrackDepth
2026-07-20T11:19:47.1987639Z 204/663 Test #204: SpscRingTest.WatermarksTrackDepth .......................................................   Passed    0.00 sec
2026-07-20T11:19:47.1990111Z         Start 205: SpscRingTest.BulkPopPreservesOrder
2026-07-20T11:19:47.2019076Z 205/663 Test #205: SpscRingTest.BulkPopPreservesOrder ......................................................   Passed    0.00 sec
2026-07-20T11:19:47.2021289Z         Start 206: SpscRingTest.SpscConcurrencyDeliversAllRecords
2026-07-20T11:19:47.2087994Z 206/663 Test #206: SpscRingTest.SpscConcurrencyDeliversAllRecords ..........................................   Passed    0.01 sec
2026-07-20T11:19:47.2090187Z         Start 207: EngineSnapshotTest.ReportsLiveAgentSinkAndTailStats
2026-07-20T11:19:47.4742114Z 207/663 Test #207: EngineSnapshotTest.ReportsLiveAgentSinkAndTailStats .....................................   Passed    1.22 sec
2026-07-20T11:19:47.4744751Z         Start 208: GhaDocumentG2.EngineRendersDocumentCanonRecoversIntents
2026-07-20T11:19:47.4784461Z 208/663 Test #208: GhaDocumentG2.EngineRendersDocumentCanonRecoversIntents .................................   Passed    0.00 sec
2026-07-20T11:19:47.4787000Z         Start 209: GhaDocumentG2.ContentBearingStepsEmitFluxUnderTheirBanner
2026-07-20T11:19:47.4823232Z 209/663 Test #209: GhaDocumentG2.ContentBearingStepsEmitFluxUnderTheirBanner ...............................   Passed    0.00 sec
2026-07-20T11:19:47.4824584Z         Start 210: GhaDocumentG2.DoInjectFailureIntoStepIsAMinimalIdentitySeededIntervention
2026-07-20T11:19:47.4867764Z 210/663 Test #210: GhaDocumentG2.DoInjectFailureIntoStepIsAMinimalIdentitySeededIntervention ...............   Passed    0.00 sec
2026-07-20T11:19:47.4868873Z         Start 211: GhaDocumentG2.ScenarioDeclaredChannelSelectsTheDocumentMedium
2026-07-20T11:19:47.4905001Z 211/663 Test #211: GhaDocumentG2.ScenarioDeclaredChannelSelectsTheDocumentMedium ...........................   Passed    0.00 sec
2026-07-20T11:19:47.4907185Z         Start 212: GhaIntentMedium.DeclaredChannelSelectsTheMaterialization
2026-07-20T11:19:47.4936135Z 212/663 Test #212: GhaIntentMedium.DeclaredChannelSelectsTheMaterialization ................................   Passed    0.00 sec
2026-07-20T11:19:47.4938277Z         Start 213: GhaIntentMedium.BothChannelsCarryTheSamePayloadAfterTheirOwnPrefix
2026-07-20T11:19:47.4968147Z 213/663 Test #213: GhaIntentMedium.BothChannelsCarryTheSamePayloadAfterTheirOwnPrefix ......................   Passed    0.00 sec
2026-07-20T11:19:47.4970287Z         Start 214: GhaIntentMedium.AnyChannelRowRendersUnderEveryDeclaration
2026-07-20T11:19:47.4999846Z 214/663 Test #214: GhaIntentMedium.AnyChannelRowRendersUnderEveryDeclaration ...............................   Passed    0.00 sec
2026-07-20T11:19:47.5001987Z         Start 215: GhaIntentMedium.UndeclaredChannelRendersTheRealChannelNotOurAblation
2026-07-20T11:19:47.5031494Z 215/663 Test #215: GhaIntentMedium.UndeclaredChannelRendersTheRealChannelNotOurAblation ....................   Passed    0.00 sec
2026-07-20T11:19:47.5033483Z         Start 216: GhaIntentMedium.ChannelVocabularyIsClosedAndCanonOwned
2026-07-20T11:19:47.5064250Z 216/663 Test #216: GhaIntentMedium.ChannelVocabularyIsClosedAndCanonOwned ..................................   Passed    0.00 sec
2026-07-20T11:19:47.5066418Z         Start 217: GhaIntentMedium.RendersStepBannerCanonRecognizes
2026-07-20T11:19:47.5096071Z 217/663 Test #217: GhaIntentMedium.RendersStepBannerCanonRecognizes ........................................   Passed    0.00 sec
2026-07-20T11:19:47.5097873Z         Start 218: GhaIntentMedium.RendersJobBannerCanonRecognizes
2026-07-20T11:19:47.5127948Z 218/663 Test #218: GhaIntentMedium.RendersJobBannerCanonRecognizes .........................................   Passed    0.00 sec
2026-07-20T11:19:47.5129936Z         Start 219: GhaIntentMedium.EmptyPayloadYieldsBarePrefix
2026-07-20T11:19:47.5159852Z 219/663 Test #219: GhaIntentMedium.EmptyPayloadYieldsBarePrefix ............................................   Passed    0.00 sec
2026-07-20T11:19:47.5162033Z         Start 220: GhaIntentMedium.NoneKindIsNeverABannerInAnyChannel
2026-07-20T11:19:47.5192187Z 220/663 Test #220: GhaIntentMedium.NoneKindIsNeverABannerInAnyChannel ......................................   Passed    0.00 sec
2026-07-20T11:19:47.5194992Z         Start 221: HttpSinkTest.RejectsNonHttpUrl
2026-07-20T11:19:47.5228860Z 221/663 Test #221: HttpSinkTest.RejectsNonHttpUrl ..........................................................   Passed    0.00 sec
2026-07-20T11:19:47.5231157Z         Start 222: HttpSinkTest.PostsBatchWhenBatchSizeReached
2026-07-20T11:19:47.7779473Z 222/663 Test #222: HttpSinkTest.PostsBatchWhenBatchSizeReached .............................................   Passed    0.25 sec
2026-07-20T11:19:47.7782006Z         Start 223: HttpSinkTest.FlushIntervalPostsPartialBatch
2026-07-20T11:19:48.0835356Z 223/663 Test #223: HttpSinkTest.FlushIntervalPostsPartialBatch .............................................   Passed    0.30 sec
2026-07-20T11:19:48.0836349Z         Start 224: JsonEscape.EscapesDoubleQuote
2026-07-20T11:19:48.0876836Z 224/663 Test #224: JsonEscape.EscapesDoubleQuote ...........................................................   Passed    0.00 sec
2026-07-20T11:19:48.0878233Z         Start 225: JsonEscape.EscapesBackslash
2026-07-20T11:19:48.0909485Z 225/663 Test #225: JsonEscape.EscapesBackslash .............................................................   Passed    0.00 sec
2026-07-20T11:19:48.0910749Z         Start 226: JsonEscape.EscapesNewlineAndTab
2026-07-20T11:19:48.0941291Z 226/663 Test #226: JsonEscape.EscapesNewlineAndTab .........................................................   Passed    0.00 sec
2026-07-20T11:19:48.0943637Z         Start 227: JsonEscape.EscapesCarriageReturn
2026-07-20T11:19:48.0972621Z 227/663 Test #227: JsonEscape.EscapesCarriageReturn ........................................................   Passed    0.00 sec
2026-07-20T11:19:48.0974527Z         Start 228: JsonEscape.PlainTextPassesThrough
2026-07-20T11:19:48.1003788Z 228/663 Test #228: JsonEscape.PlainTextPassesThrough .......................................................   Passed    0.00 sec
2026-07-20T11:19:48.1005313Z         Start 229: JsonEscape.EmptyStringReturnsEmpty
2026-07-20T11:19:48.1034390Z 229/663 Test #229: JsonEscape.EmptyStringReturnsEmpty ......................................................   Passed    0.00 sec
2026-07-20T11:19:48.1036213Z         Start 230: JsonSerializer.OutputStartsWithOpenBrace
2026-07-20T11:19:48.1072577Z 230/663 Test #230: JsonSerializer.OutputStartsWithOpenBrace ................................................   Passed    0.00 sec
2026-07-20T11:19:48.1074664Z         Start 231: JsonSerializer.ContainsTimestampMillis
2026-07-20T11:19:48.1109649Z 231/663 Test #231: JsonSerializer.ContainsTimestampMillis ..................................................   Passed    0.00 sec
2026-07-20T11:19:48.1111628Z         Start 232: JsonSerializer.ContainsAgentAndType
2026-07-20T11:19:48.1146188Z 232/663 Test #232: JsonSerializer.ContainsAgentAndType .....................................................   Passed    0.00 sec
2026-07-20T11:19:48.1148658Z         Start 233: JsonSerializer.LevelIsNumeric
2026-07-20T11:19:48.1184885Z 233/663 Test #233: JsonSerializer.LevelIsNumeric ...........................................................   Passed    0.00 sec
2026-07-20T11:19:48.1189306Z         Start 234: JsonSerializer.FieldsSerializedAsTuples
2026-07-20T11:19:48.1222508Z 234/663 Test #234: JsonSerializer.FieldsSerializedAsTuples .................................................   Passed    0.00 sec
2026-07-20T11:19:48.1224264Z         Start 235: JsonSerializer.EmptyFieldsSerializedAsEmptyArray
2026-07-20T11:19:48.1259059Z 235/663 Test #235: JsonSerializer.EmptyFieldsSerializedAsEmptyArray ........................................   Passed    0.00 sec
2026-07-20T11:19:48.1261660Z         Start 236: JsonSerializer.SpecialCharsInMessageEscaped
2026-07-20T11:19:48.1295804Z 236/663 Test #236: JsonSerializer.SpecialCharsInMessageEscaped .............................................   Passed    0.00 sec
2026-07-20T11:19:48.1297616Z         Start 237: JsonSerializer.MultipleRecordsMultipleLines
2026-07-20T11:19:48.1331846Z 237/663 Test #237: JsonSerializer.MultipleRecordsMultipleLines .............................................   Passed    0.00 sec
2026-07-20T11:19:48.1333850Z         Start 238: MetricEmissionFeature.PrometheusExpositionContainsAllFiveMetrics
2026-07-20T11:19:48.1371625Z 238/663 Test #238: MetricEmissionFeature.PrometheusExpositionContainsAllFiveMetrics ........................   Passed    0.00 sec
2026-07-20T11:19:48.1373177Z         Start 239: MetricEmissionFeature.PrometheusHelpAndTypeAnnotations
2026-07-20T11:19:48.1434480Z 239/663 Test #239: MetricEmissionFeature.PrometheusHelpAndTypeAnnotations ..................................   Passed    0.01 sec
2026-07-20T11:19:48.1436656Z         Start 240: MetricEmissionFeature.PrometheusAgentLabel
2026-07-20T11:19:48.1472803Z 240/663 Test #240: MetricEmissionFeature.PrometheusAgentLabel ..............................................   Passed    0.00 sec
2026-07-20T11:19:48.1474756Z         Start 241: MetricEmissionFeature.PrometheusMultiAgentSeparateLines
2026-07-20T11:19:48.1511201Z 241/663 Test #241: MetricEmissionFeature.PrometheusMultiAgentSeparateLines .................................   Passed    0.00 sec
2026-07-20T11:19:48.1512471Z         Start 242: MetricEmissionFeature.PrometheusErrorRateComputation
2026-07-20T11:19:48.1549697Z 242/663 Test #242: MetricEmissionFeature.PrometheusErrorRateComputation ....................................   Passed    0.00 sec
2026-07-20T11:19:48.1551104Z         Start 243: MetricEmissionFeature.PrometheusP99LatencyIsNearMax
2026-07-20T11:19:48.1589534Z 243/663 Test #243: MetricEmissionFeature.PrometheusP99LatencyIsNearMax .....................................   Passed    0.00 sec
2026-07-20T11:19:48.1591108Z         Start 244: MetricEmissionFeature.PrometheusAccumulatorResetsAfterFlush
2026-07-20T11:19:48.1726768Z 244/663 Test #244: MetricEmissionFeature.PrometheusAccumulatorResetsAfterFlush .............................   Passed    0.01 sec
2026-07-20T11:19:48.1727946Z         Start 245: MetricEmissionFeature.StatsDOptionsParsing
2026-07-20T11:19:48.1762231Z 245/663 Test #245: MetricEmissionFeature.StatsDOptionsParsing ..............................................   Passed    0.00 sec
2026-07-20T11:19:48.1764179Z         Start 246: MetricEmissionFeature.StatsDNameSanitization
2026-07-20T11:19:48.1801780Z 246/663 Test #246: MetricEmissionFeature.StatsDNameSanitization ............................................   Passed    0.00 sec
2026-07-20T11:19:48.1803723Z         Start 247: MetricEmissionFeature.StatsDCustomPrefix
2026-07-20T11:19:48.1836406Z 247/663 Test #247: MetricEmissionFeature.StatsDCustomPrefix ................................................   Passed    0.00 sec
2026-07-20T11:19:48.1838385Z         Start 248: MetricEmissionFeature.MetricsSinkYamlPrometheusConfig
2026-07-20T11:19:48.1871660Z 248/663 Test #248: MetricEmissionFeature.MetricsSinkYamlPrometheusConfig ...................................   Passed    0.00 sec
2026-07-20T11:19:48.1874005Z         Start 249: MetricEmissionFeature.MetricsSinkYamlStatsDConfig
2026-07-20T11:19:48.1910398Z 249/663 Test #249: MetricEmissionFeature.MetricsSinkYamlStatsDConfig .......................................   Passed    0.00 sec
2026-07-20T11:19:48.1911312Z         Start 250: MetricsSinkTest.PrometheusFileWrittenOnFlush
2026-07-20T11:19:48.1941577Z 250/663 Test #250: MetricsSinkTest.PrometheusFileWrittenOnFlush ............................................   Passed    0.00 sec
2026-07-20T11:19:48.1943211Z         Start 251: MetricsSinkTest.PrometheusRecordCountIsCorrect
2026-07-20T11:19:48.1976097Z 251/663 Test #251: MetricsSinkTest.PrometheusRecordCountIsCorrect ..........................................   Passed    0.00 sec
2026-07-20T11:19:48.1978024Z         Start 252: MetricsSinkTest.PrometheusPrometheusHelpLinesPresent
2026-07-20T11:19:48.2010625Z 252/663 Test #252: MetricsSinkTest.PrometheusPrometheusHelpLinesPresent ....................................   Passed    0.00 sec
2026-07-20T11:19:48.2012710Z         Start 253: MetricsSinkTest.ErrorRecordsIncrementErrorCounter
2026-07-20T11:19:48.2049471Z 253/663 Test #253: MetricsSinkTest.ErrorRecordsIncrementErrorCounter .......................................   Passed    0.00 sec
2026-07-20T11:19:48.2050443Z         Start 254: MetricsSinkTest.DebugAndWarnAreNotErrors
2026-07-20T11:19:48.2086515Z 254/663 Test #254: MetricsSinkTest.DebugAndWarnAreNotErrors ................................................   Passed    0.00 sec
2026-07-20T11:19:48.2088686Z         Start 255: MetricsSinkTest.P99LatencyAppearsInOutput
2026-07-20T11:19:48.2125941Z 255/663 Test #255: MetricsSinkTest.P99LatencyAppearsInOutput ...............................................   Passed    0.00 sec
2026-07-20T11:19:48.2128266Z         Start 256: MetricsSinkTest.P99LatencySkippedWhenNoLatencyField
2026-07-20T11:19:48.2161353Z 256/663 Test #256: MetricsSinkTest.P99LatencySkippedWhenNoLatencyField .....................................   Passed    0.00 sec
2026-07-20T11:19:48.2163266Z         Start 257: MetricsSinkTest.AccumulatorResetAfterFlush
2026-07-20T11:19:48.2196601Z 257/663 Test #257: MetricsSinkTest.AccumulatorResetAfterFlush ..............................................   Passed    0.00 sec
2026-07-20T11:19:48.2198799Z         Start 258: MetricsSinkTest.MultipleAgentsTrackedSeparately
2026-07-20T11:19:48.2238539Z 258/663 Test #258: MetricsSinkTest.MultipleAgentsTrackedSeparately .........................................   Passed    0.00 sec
2026-07-20T11:19:48.2242327Z         Start 259: MetricsSinkTest.FlushWithNoDataDoesNotWriteFile
2026-07-20T11:19:48.2272206Z 259/663 Test #259: MetricsSinkTest.FlushWithNoDataDoesNotWriteFile .........................................   Passed    0.00 sec
2026-07-20T11:19:48.2273889Z         Start 260: MultiFormatFeature.FormatsListParsedFromYaml
2026-07-20T11:19:48.2307276Z 260/663 Test #260: MultiFormatFeature.FormatsListParsedFromYaml ............................................   Passed    0.00 sec
2026-07-20T11:19:48.2308771Z         Start 261: MultiFormatFeature.SingleFormatFieldWhenNoFormats
2026-07-20T11:19:48.2340503Z 261/663 Test #261: MultiFormatFeature.SingleFormatFieldWhenNoFormats .......................................   Passed    0.00 sec
2026-07-20T11:19:48.2342821Z         Start 262: MultiFormatFeature.EngineCreatesOneFilePerFormat
2026-07-20T11:19:48.7547320Z 262/663 Test #262: MultiFormatFeature.EngineCreatesOneFilePerFormat ........................................   Passed    0.52 sec
2026-07-20T11:19:48.7549961Z         Start 263: MultiFormatFeature.EachFileContainsRecords
2026-07-20T11:19:49.2789744Z 263/663 Test #263: MultiFormatFeature.EachFileContainsRecords ..............................................   Passed    0.52 sec
2026-07-20T11:19:49.2792444Z         Start 264: MultiFormatFeature.FormatNameMappings
2026-07-20T11:19:49.2825795Z 264/663 Test #264: MultiFormatFeature.FormatNameMappings ...................................................   Passed    0.00 sec
2026-07-20T11:19:49.2827878Z         Start 265: FormatName.ReturnsCorrectNames
2026-07-20T11:19:49.2856938Z 265/663 Test #265: FormatName.ReturnsCorrectNames ..........................................................   Passed    0.00 sec
2026-07-20T11:19:49.2859278Z         Start 266: ScenarioLoaderMultiFormat.ParsesFormatsList
2026-07-20T11:19:49.2891458Z 266/663 Test #266: ScenarioLoaderMultiFormat.ParsesFormatsList .............................................   Passed    0.00 sec
2026-07-20T11:19:49.2893429Z         Start 267: ScenarioLoaderMultiFormat.EmptyFormatsUsesFormat
2026-07-20T11:19:49.2926159Z 267/663 Test #267: ScenarioLoaderMultiFormat.EmptyFormatsUsesFormat ........................................   Passed    0.00 sec
2026-07-20T11:19:49.2928035Z         Start 268: EngineMultiFormat.CreatesMultipleFileSinks
2026-07-20T11:19:49.8130476Z 268/663 Test #268: EngineMultiFormat.CreatesMultipleFileSinks ..............................................   Passed    0.52 sec
2026-07-20T11:19:49.8130977Z         Start 269: LogFormatterTest.JsonContainsRequiredKeys
2026-07-20T11:19:49.8174399Z 269/663 Test #269: LogFormatterTest.JsonContainsRequiredKeys ...............................................   Passed    0.00 sec
2026-07-20T11:19:49.8176914Z         Start 270: LogFormatterTest.JsonRendersNumericFieldsNativelyAndTextFieldsQuoted
2026-07-20T11:19:49.8208753Z 270/663 Test #270: LogFormatterTest.JsonRendersNumericFieldsNativelyAndTextFieldsQuoted ....................   Passed    0.00 sec
2026-07-20T11:19:49.8210621Z         Start 271: LogFormatterTest.JsonFieldFilter
2026-07-20T11:19:49.8240214Z 271/663 Test #271: LogFormatterTest.JsonFieldFilter ........................................................   Passed    0.00 sec
2026-07-20T11:19:49.8242280Z         Start 272: LogFormatterTest.JsonEscapesSpecialChars
2026-07-20T11:19:49.8271536Z 272/663 Test #272: LogFormatterTest.JsonEscapesSpecialChars ................................................   Passed    0.00 sec
2026-07-20T11:19:49.8272677Z         Start 273: LogFormatterTest.TextFormat
2026-07-20T11:19:49.8307886Z 273/663 Test #273: LogFormatterTest.TextFormat .............................................................   Passed    0.00 sec
2026-07-20T11:19:49.8308985Z         Start 274: LogFormatterTest.TextFieldFilter
2026-07-20T11:19:49.8346065Z 274/663 Test #274: LogFormatterTest.TextFieldFilter ........................................................   Passed    0.00 sec
2026-07-20T11:19:49.8347398Z         Start 275: LogFormatterTest.ClfStructure
2026-07-20T11:19:49.8378342Z 275/663 Test #275: LogFormatterTest.ClfStructure ...........................................................   Passed    0.00 sec
2026-07-20T11:19:49.8381478Z         Start 276: LogFormatterTest.ClfUsesStatusCodeField
2026-07-20T11:19:49.8409928Z 276/663 Test #276: LogFormatterTest.ClfUsesStatusCodeField .................................................   Passed    0.00 sec
2026-07-20T11:19:49.8411886Z         Start 277: LogFormatterTest.ApacheErrorStructure
2026-07-20T11:19:49.8445885Z 277/663 Test #277: LogFormatterTest.ApacheErrorStructure ...................................................   Passed    0.00 sec
2026-07-20T11:19:49.8448109Z         Start 278: LogFormatterTest.ApacheErrorLevelMapping
2026-07-20T11:19:49.8481603Z 278/663 Test #278: LogFormatterTest.ApacheErrorLevelMapping ................................................   Passed    0.00 sec
2026-07-20T11:19:49.8482126Z         Start 279: LogFormatterTest.ApacheErrorFatalIsCrit
2026-07-20T11:19:49.8518855Z 279/663 Test #279: LogFormatterTest.ApacheErrorFatalIsCrit .................................................   Passed    0.00 sec
2026-07-20T11:19:49.8520775Z         Start 280: LogFormatterTest.Log4jStructure
2026-07-20T11:19:49.8554640Z 280/663 Test #280: LogFormatterTest.Log4jStructure .........................................................   Passed    0.00 sec
2026-07-20T11:19:49.8556564Z         Start 281: LogFormatterTest.Log4jUsesThreadField
2026-07-20T11:19:49.8586078Z 281/663 Test #281: LogFormatterTest.Log4jUsesThreadField ...................................................   Passed    0.00 sec
2026-07-20T11:19:49.8587489Z         Start 282: LogFormatterTest.SyslogStructure
2026-07-20T11:19:49.8618386Z 282/663 Test #282: LogFormatterTest.SyslogStructure ........................................................   Passed    0.00 sec
2026-07-20T11:19:49.8621171Z         Start 283: LogFormatterTest.SyslogFallsBackToAgentNameForHost
2026-07-20T11:19:49.8650407Z 283/663 Test #283: LogFormatterTest.SyslogFallsBackToAgentNameForHost ......................................   Passed    0.00 sec
2026-07-20T11:19:49.8652417Z         Start 284: LogFormatterTest.Rfc5424StartsWithPri
2026-07-20T11:19:49.8682093Z 284/663 Test #284: LogFormatterTest.Rfc5424StartsWithPri ...................................................   Passed    0.00 sec
2026-07-20T11:19:49.8683960Z         Start 285: LogFormatterTest.Rfc5424PriCoversEverySeverity
2026-07-20T11:19:49.8713200Z 285/663 Test #285: LogFormatterTest.Rfc5424PriCoversEverySeverity ..........................................   Passed    0.00 sec
2026-07-20T11:19:49.8715204Z         Start 286: LogFormatterTest.NginxErrorStructure
2026-07-20T11:19:49.8744860Z 286/663 Test #286: LogFormatterTest.NginxErrorStructure ....................................................   Passed    0.00 sec
2026-07-20T11:19:49.8746975Z         Start 287: LogFormatterTest.NginxErrorUsesPidField
2026-07-20T11:19:49.8775755Z 287/663 Test #287: LogFormatterTest.NginxErrorUsesPidField .................................................   Passed    0.00 sec
2026-07-20T11:19:49.8777270Z         Start 288: LogFormatterTest.KvStructure
2026-07-20T11:19:49.8807071Z 288/663 Test #288: LogFormatterTest.KvStructure ............................................................   Passed    0.00 sec
2026-07-20T11:19:49.8809195Z         Start 289: LogFormatterTest.KvQuotesValuesWithSpaces
2026-07-20T11:19:49.8839592Z 289/663 Test #289: LogFormatterTest.KvQuotesValuesWithSpaces ...............................................   Passed    0.00 sec
2026-07-20T11:19:49.8841747Z         Start 290: LogFormatterTest.KvFieldFilter
2026-07-20T11:19:49.8871363Z 290/663 Test #290: LogFormatterTest.KvFieldFilter ..........................................................   Passed    0.00 sec
2026-07-20T11:19:49.8873223Z         Start 291: LogFormatterTest.AndroidLogcatStructure
2026-07-20T11:19:49.8903542Z 291/663 Test #291: LogFormatterTest.AndroidLogcatStructure .................................................   Passed    0.00 sec
2026-07-20T11:19:49.8904599Z         Start 292: LogFormatterTest.AndroidLogcatLevelChars
2026-07-20T11:19:49.8934735Z 292/663 Test #292: LogFormatterTest.AndroidLogcatLevelChars ................................................   Passed    0.00 sec
2026-07-20T11:19:49.8937537Z         Start 293: LogFormatterTest.WindowsCbsStructure
2026-07-20T11:19:49.8971284Z 293/663 Test #293: LogFormatterTest.WindowsCbsStructure ....................................................   Passed    0.00 sec
2026-07-20T11:19:49.8975744Z         Start 294: LogFormatterTest.WindowsCbsErrorLevel
2026-07-20T11:19:49.9002926Z 294/663 Test #294: LogFormatterTest.WindowsCbsErrorLevel ...................................................   Passed    0.00 sec
2026-07-20T11:19:49.9004987Z         Start 295: LogFormatterTest.SparkHdfsStructure
2026-07-20T11:19:49.9035334Z 295/663 Test #295: LogFormatterTest.SparkHdfsStructure .....................................................   Passed    0.00 sec
2026-07-20T11:19:49.9037444Z         Start 296: LogFormatterTest.HealthAppStructure
2026-07-20T11:19:49.9066954Z 296/663 Test #296: LogFormatterTest.HealthAppStructure .....................................................   Passed    0.00 sec
2026-07-20T11:19:49.9068250Z         Start 297: LogFormatterTest.ProxifierStructure
2026-07-20T11:19:49.9097927Z 297/663 Test #297: LogFormatterTest.ProxifierStructure .....................................................   Passed    0.00 sec
2026-07-20T11:19:49.9099927Z         Start 298: LogFormatterTest.CloudWatchStructure
2026-07-20T11:19:49.9129054Z 298/663 Test #298: LogFormatterTest.CloudWatchStructure ....................................................   Passed    0.00 sec
2026-07-20T11:19:49.9131132Z         Start 299: LogFormatterTest.CloudWatchTimestampIsEpochMs
2026-07-20T11:19:49.9160521Z 299/663 Test #299: LogFormatterTest.CloudWatchTimestampIsEpochMs ...........................................   Passed    0.00 sec
2026-07-20T11:19:49.9162261Z         Start 300: LogFormatterTest.CloudWatchUsesLogGroupField
2026-07-20T11:19:49.9192321Z 300/663 Test #300: LogFormatterTest.CloudWatchUsesLogGroupField ............................................   Passed    0.00 sec
2026-07-20T11:19:49.9194989Z         Start 301: LogFormatterTest.SystemdJournalStructure
2026-07-20T11:19:49.9224135Z 301/663 Test #301: LogFormatterTest.SystemdJournalStructure ................................................   Passed    0.00 sec
2026-07-20T11:19:49.9225706Z         Start 302: LogFormatterTest.SystemdJournalPriorityCoversEverySeverity
2026-07-20T11:19:49.9255886Z 302/663 Test #302: LogFormatterTest.SystemdJournalPriorityCoversEverySeverity ..............................   Passed    0.00 sec
2026-07-20T11:19:49.9257248Z         Start 303: LogFormatterTest.SystemdJournalFieldsAreUppercased
2026-07-20T11:19:49.9289959Z 303/663 Test #303: LogFormatterTest.SystemdJournalFieldsAreUppercased ......................................   Passed    0.00 sec
2026-07-20T11:19:49.9290422Z         Start 304: LogFormatterTest.SystemdJournalTimestampIsMicroseconds
2026-07-20T11:19:49.9320761Z 304/663 Test #304: LogFormatterTest.SystemdJournalTimestampIsMicroseconds ..................................   Passed    0.00 sec
2026-07-20T11:19:49.9322105Z         Start 305: LogFormatterTest.HpcStructure
2026-07-20T11:19:49.9353661Z 305/663 Test #305: LogFormatterTest.HpcStructure ...........................................................   Passed    0.00 sec
2026-07-20T11:19:49.9354826Z         Start 306: LogFormatterTest.HpcEpochIsNumeric
2026-07-20T11:19:49.9385982Z 306/663 Test #306: LogFormatterTest.HpcEpochIsNumeric ......................................................   Passed    0.00 sec
2026-07-20T11:19:49.9386714Z         Start 307: LogFormatterTest.IisW3cStructure
2026-07-20T11:19:49.9416413Z 307/663 Test #307: LogFormatterTest.IisW3cStructure ........................................................   Passed    0.00 sec
2026-07-20T11:19:49.9417755Z         Start 308: LogFormatterTest.EcsContainsRequiredFields
2026-07-20T11:19:49.9447806Z 308/663 Test #308: LogFormatterTest.EcsContainsRequiredFields ..............................................   Passed    0.00 sec
2026-07-20T11:19:49.9449148Z         Start 309: LogFormatterTest.EcsTimestampIsUtcWithZSuffix
2026-07-20T11:19:49.9481202Z 309/663 Test #309: LogFormatterTest.EcsTimestampIsUtcWithZSuffix ...........................................   Passed    0.00 sec
2026-07-20T11:19:49.9485973Z         Start 310: LogFormatterTest.EcsLevelIsLowercase
2026-07-20T11:19:49.9519893Z 310/663 Test #310: LogFormatterTest.EcsLevelIsLowercase ....................................................   Passed    0.00 sec
2026-07-20T11:19:49.9520557Z         Start 311: LogFormatterTest.EcsCustomFieldsGoIntoLabels
2026-07-20T11:19:49.9547591Z 311/663 Test #311: LogFormatterTest.EcsCustomFieldsGoIntoLabels ............................................   Passed    0.00 sec
2026-07-20T11:19:49.9548852Z         Start 312: LogFormatterTest.EcsNoLabelsWhenNoFields
2026-07-20T11:19:49.9579507Z 312/663 Test #312: LogFormatterTest.EcsNoLabelsWhenNoFields ................................................   Passed    0.00 sec
2026-07-20T11:19:49.9580887Z         Start 313: LogFormatterTest.OtelJsonContainsRequiredFields
2026-07-20T11:19:49.9610361Z 313/663 Test #313: LogFormatterTest.OtelJsonContainsRequiredFields .........................................   Passed    0.00 sec
2026-07-20T11:19:49.9611868Z         Start 314: LogFormatterTest.OtelJsonSeverityMapping
2026-07-20T11:19:49.9641908Z 314/663 Test #314: LogFormatterTest.OtelJsonSeverityMapping ................................................   Passed    0.00 sec
2026-07-20T11:19:49.9643184Z         Start 315: LogFormatterTest.OtelJsonCustomFieldsInAttributes
2026-07-20T11:19:49.9684335Z 315/663 Test #315: LogFormatterTest.OtelJsonCustomFieldsInAttributes .......................................   Passed    0.00 sec
2026-07-20T11:19:49.9688209Z         Start 316: LogFormatterTest.OtelJsonTimeUnixNanoIsNumericString
2026-07-20T11:19:49.9718556Z 316/663 Test #316: LogFormatterTest.OtelJsonTimeUnixNanoIsNumericString ....................................   Passed    0.00 sec
2026-07-20T11:19:49.9720056Z         Start 317: LogFormatterTest.OtelJsonEmitsTraceContextWhenPresent
2026-07-20T11:19:49.9749935Z 317/663 Test #317: LogFormatterTest.OtelJsonEmitsTraceContextWhenPresent ...................................   Passed    0.00 sec
2026-07-20T11:19:49.9752675Z         Start 318: LogFormatterTest.OtelJsonRootSpanOmitsParent
2026-07-20T11:19:49.9781301Z 318/663 Test #318: LogFormatterTest.OtelJsonRootSpanOmitsParent ............................................   Passed    0.00 sec
2026-07-20T11:19:49.9782529Z         Start 319: LogFormatterTest.OtelJsonNoTraceContextWhenAbsent
2026-07-20T11:19:49.9811566Z 319/663 Test #319: LogFormatterTest.OtelJsonNoTraceContextWhenAbsent .......................................   Passed    0.00 sec
2026-07-20T11:19:49.9813838Z         Start 320: LogFormatterTest.OtelSpanJsonEmitsFlatSpanShape
2026-07-20T11:19:49.9846590Z 320/663 Test #320: LogFormatterTest.OtelSpanJsonEmitsFlatSpanShape .........................................   Passed    0.00 sec
2026-07-20T11:19:49.9848535Z         Start 321: LogFormatterTest.OtelSpanJsonEndEqualsStartPlusDuration
2026-07-20T11:19:49.9887331Z 321/663 Test #321: LogFormatterTest.OtelSpanJsonEndEqualsStartPlusDuration .................................   Passed    0.00 sec
2026-07-20T11:19:49.9888340Z         Start 322: LogFormatterTest.OtelSpanJsonStatusFromLevel
2026-07-20T11:19:49.9918949Z 322/663 Test #322: LogFormatterTest.OtelSpanJsonStatusFromLevel ............................................   Passed    0.00 sec
2026-07-20T11:19:49.9920543Z         Start 323: LogFormatterTest.OtelSpanJsonRootOmitsParent
2026-07-20T11:19:49.9949468Z 323/663 Test #323: LogFormatterTest.OtelSpanJsonRootOmitsParent ............................................   Passed    0.00 sec
2026-07-20T11:19:49.9951090Z         Start 324: LogFormatterTest.OtelSpanJsonTraceLessRecordSynthesisesValidRootSpan
2026-07-20T11:19:49.9983399Z 324/663 Test #324: LogFormatterTest.OtelSpanJsonTraceLessRecordSynthesisesValidRootSpan ....................   Passed    0.00 sec
2026-07-20T11:19:49.9985385Z         Start 325: LogFormatterTest.OtelSpanJsonFormatNameRoundTrips
2026-07-20T11:19:50.0014140Z 325/663 Test #325: LogFormatterTest.OtelSpanJsonFormatNameRoundTrips .......................................   Passed    0.00 sec
2026-07-20T11:19:50.0015716Z         Start 326: LogFormatterTest.FieldProjectionAbsentEmitsAllAndDeclaredEmptyEmitsNone
2026-07-20T11:19:50.0047622Z 326/663 Test #326: LogFormatterTest.FieldProjectionAbsentEmitsAllAndDeclaredEmptyEmitsNone .................   Passed    0.00 sec
2026-07-20T11:19:50.0048917Z         Start 327: LogFormatterTest.AllFormatsTerminateWithNewline
2026-07-20T11:19:50.0079693Z 327/663 Test #327: LogFormatterTest.AllFormatsTerminateWithNewline .........................................   Passed    0.00 sec
2026-07-20T11:19:50.0081015Z         Start 328: LogFormatterTest.AllFormatsProduceNonEmptyOutput
2026-07-20T11:19:50.0110907Z 328/663 Test #328: LogFormatterTest.AllFormatsProduceNonEmptyOutput ........................................   Passed    0.00 sec
2026-07-20T11:19:50.0112268Z         Start 329: LogFormatterTest.RawDeclaresNothingWhenNothingIsDeclared
2026-07-20T11:19:50.0144951Z 329/663 Test #329: LogFormatterTest.RawDeclaresNothingWhenNothingIsDeclared ................................   Passed    0.00 sec
2026-07-20T11:19:50.0145376Z         Start 330: LogFormatterTest.RawStructure
2026-07-20T11:19:50.0175200Z 330/663 Test #330: LogFormatterTest.RawStructure ...........................................................   Passed    0.00 sec
2026-07-20T11:19:50.0177818Z         Start 331: LogFormatterTest.RawNoMessage
2026-07-20T11:19:50.0207844Z 331/663 Test #331: LogFormatterTest.RawNoMessage ...........................................................   Passed    0.00 sec
2026-07-20T11:19:50.0210599Z         Start 332: LogFormatterTest.RawEmitsExactlyTheDeclaredMessageAndNothingElse
2026-07-20T11:19:50.0240351Z 332/663 Test #332: LogFormatterTest.RawEmitsExactlyTheDeclaredMessageAndNothingElse ........................   Passed    0.00 sec
2026-07-20T11:19:50.0242166Z         Start 333: LogFormatterTest.GitHubActionsTimestampPrefix
2026-07-20T11:19:50.0272142Z 333/663 Test #333: LogFormatterTest.GitHubActionsTimestampPrefix ...........................................   Passed    0.00 sec
2026-07-20T11:19:50.0274034Z         Start 334: LogFormatterTest.GitHubActionsErrorMarker
2026-07-20T11:19:50.0304025Z 334/663 Test #334: LogFormatterTest.GitHubActionsErrorMarker ...............................................   Passed    0.00 sec
2026-07-20T11:19:50.0305219Z         Start 335: LogFormatterTest.GitHubActionsWarningMarker
2026-07-20T11:19:50.0334615Z 335/663 Test #335: LogFormatterTest.GitHubActionsWarningMarker .............................................   Passed    0.00 sec
2026-07-20T11:19:50.0336642Z         Start 336: LogFormatterTest.GitHubActionsFormatName
2026-07-20T11:19:50.0366316Z 336/663 Test #336: LogFormatterTest.GitHubActionsFormatName ................................................   Passed    0.00 sec
2026-07-20T11:19:50.0367792Z         Start 337: PerAgentRoutingFeature.RoutedAgentGoesToDesignatedSink
2026-07-20T11:19:50.1576684Z 337/663 Test #337: PerAgentRoutingFeature.RoutedAgentGoesToDesignatedSink ..................................   Passed    0.12 sec
2026-07-20T11:19:50.1577787Z         Start 338: PerAgentRoutingFeature.UnroutedAgentBroadcastsToAll
2026-07-20T11:19:50.2792347Z 338/663 Test #338: PerAgentRoutingFeature.UnroutedAgentBroadcastsToAll .....................................   Passed    0.12 sec
2026-07-20T11:19:50.2793654Z         Start 339: PerAgentRoutingFeature.MultiSinkRouting
2026-07-20T11:19:50.3997057Z 339/663 Test #339: PerAgentRoutingFeature.MultiSinkRouting .................................................   Passed    0.12 sec
2026-07-20T11:19:50.3999128Z         Start 340: PerAgentRoutingFeature.AddRouteAfterStart
2026-07-20T11:19:50.5192572Z 340/663 Test #340: PerAgentRoutingFeature.AddRouteAfterStart ...............................................   Passed    0.12 sec
2026-07-20T11:19:50.5194780Z         Start 341: PerAgentRoutingFeature.RemoveRouteRestoresBroadcast
2026-07-20T11:19:50.6388478Z 341/663 Test #341: PerAgentRoutingFeature.RemoveRouteRestoresBroadcast .....................................   Passed    0.12 sec
2026-07-20T11:19:50.6389793Z         Start 342: PerAgentRoutingFeature.YamlAgentOutputsList
2026-07-20T11:19:50.6429750Z 342/663 Test #342: PerAgentRoutingFeature.YamlAgentOutputsList .............................................   Passed    0.00 sec
2026-07-20T11:19:50.6431284Z         Start 343: PerAgentRoutingFeature.YamlNoOutputsMeansAllSinks
2026-07-20T11:19:50.6472096Z 343/663 Test #343: PerAgentRoutingFeature.YamlNoOutputsMeansAllSinks .......................................   Passed    0.00 sec
2026-07-20T11:19:50.6473274Z         Start 344: PerAgentRoutingTest.ParseOutputName
2026-07-20T11:19:50.6506434Z 344/663 Test #344: PerAgentRoutingTest.ParseOutputName .....................................................   Passed    0.00 sec
2026-07-20T11:19:50.6508816Z         Start 345: PerAgentRoutingTest.ParseAgentOutputs
2026-07-20T11:19:50.6543664Z 345/663 Test #345: PerAgentRoutingTest.ParseAgentOutputs ...................................................   Passed    0.00 sec
2026-07-20T11:19:50.6545791Z         Start 346: PerAgentRoutingTest.AgentReferencesUnknownOutputThrows
2026-07-20T11:19:50.6578858Z 346/663 Test #346: PerAgentRoutingTest.AgentReferencesUnknownOutputThrows ..................................   Passed    0.00 sec
2026-07-20T11:19:50.6580329Z         Start 347: PerAgentRoutingTest.EmptyAgentOutputsIsValid
2026-07-20T11:19:50.6611896Z 347/663 Test #347: PerAgentRoutingTest.EmptyAgentOutputsIsValid ............................................   Passed    0.00 sec
2026-07-20T11:19:50.6613522Z         Start 348: PerAgentRoutingTest.OutputManagerRoutesToSpecificSinks
2026-07-20T11:19:50.7808259Z 348/663 Test #348: PerAgentRoutingTest.OutputManagerRoutesToSpecificSinks ..................................   Passed    0.12 sec
2026-07-20T11:19:50.7809420Z         Start 349: PerAgentRoutingTest.OutputManagerFallsBackToAllSinks
2026-07-20T11:19:50.9012858Z 349/663 Test #349: PerAgentRoutingTest.OutputManagerFallsBackToAllSinks ....................................   Passed    0.12 sec
2026-07-20T11:19:50.9014015Z         Start 350: PerAgentRoutingTest.OutputManagerMultipleSinksPerAgent
2026-07-20T11:19:51.0234454Z 350/663 Test #350: PerAgentRoutingTest.OutputManagerMultipleSinksPerAgent ..................................   Passed    0.12 sec
2026-07-20T11:19:51.0236296Z         Start 351: PerAgentRoutingTest.AddRouteDynamically
2026-07-20T11:19:51.1434021Z 351/663 Test #351: PerAgentRoutingTest.AddRouteDynamically .................................................   Passed    0.12 sec
2026-07-20T11:19:51.1436782Z         Start 352: PerAgentRoutingTest.RemoveRouteRestoresBroadcast
2026-07-20T11:19:51.2648162Z 352/663 Test #352: PerAgentRoutingTest.RemoveRouteRestoresBroadcast ........................................   Passed    0.12 sec
2026-07-20T11:19:51.2651078Z         Start 353: PerAgentRoutingTest.SinkCountReportsCorrectly
2026-07-20T11:19:51.2813492Z 353/663 Test #353: PerAgentRoutingTest.SinkCountReportsCorrectly ...........................................   Passed    0.02 sec
2026-07-20T11:19:51.2814590Z         Start 354: PerAgentRoutingTest.EngineRoutesAgentsToNamedOutputs
2026-07-20T11:19:51.3019665Z 354/663 Test #354: PerAgentRoutingTest.EngineRoutesAgentsToNamedOutputs ....................................   Passed    0.02 sec
2026-07-20T11:19:51.3021874Z         Start 355: PerAgentRoutingTest.EngineUnroutedAgentBroadcastsToAllSinks
2026-07-20T11:19:51.3238155Z 355/663 Test #355: PerAgentRoutingTest.EngineUnroutedAgentBroadcastsToAllSinks .............................   Passed    0.02 sec
2026-07-20T11:19:51.3239261Z         Start 356: PerAgentRoutingTest.DynamicAgentRejectsUnknownOutput
2026-07-20T11:19:51.3934398Z 356/663 Test #356: PerAgentRoutingTest.DynamicAgentRejectsUnknownOutput ....................................   Passed    0.07 sec
2026-07-20T11:19:51.3936209Z         Start 357: ReplayModeFeature.RecordingSinkCreatesJsonlFile
2026-07-20T11:19:51.3977631Z 357/663 Test #357: ReplayModeFeature.RecordingSinkCreatesJsonlFile .........................................   Passed    0.00 sec
2026-07-20T11:19:51.3979485Z         Start 358: ReplayModeFeature.RoundTripPreservesAllFields
2026-07-20T11:19:51.4025373Z 358/663 Test #358: ReplayModeFeature.RoundTripPreservesAllFields ...........................................   Passed    0.00 sec
2026-07-20T11:19:51.4026096Z         Start 359: ReplayModeFeature.RoundTripMultipleRecords
2026-07-20T11:19:51.4067429Z 359/663 Test #359: ReplayModeFeature.RoundTripMultipleRecords ..............................................   Passed    0.00 sec
2026-07-20T11:19:51.4068640Z         Start 360: ReplayModeFeature.SpeedZeroReplaysInstantly
2026-07-20T11:19:51.4107730Z 360/663 Test #360: ReplayModeFeature.SpeedZeroReplaysInstantly .............................................   Passed    0.00 sec
2026-07-20T11:19:51.4109001Z         Start 361: ReplayModeFeature.StopEarlyInterruptsReplay
2026-07-20T11:19:51.6153892Z 361/663 Test #361: ReplayModeFeature.StopEarlyInterruptsReplay .............................................   Passed    0.20 sec
2026-07-20T11:19:51.6155014Z         Start 362: ReplayModeFeature.YamlReplayBlockParsed
2026-07-20T11:19:51.6196744Z 362/663 Test #362: ReplayModeFeature.YamlReplayBlockParsed .................................................   Passed    0.00 sec
2026-07-20T11:19:51.6198381Z         Start 363: ReplayModeFeature.YamlReplayDefaultSpeed
2026-07-20T11:19:51.6230887Z 363/663 Test #363: ReplayModeFeature.YamlReplayDefaultSpeed ................................................   Passed    0.00 sec
2026-07-20T11:19:51.6232229Z         Start 364: ReplayModeFeature.YamlNoReplayBlock
2026-07-20T11:19:51.6265067Z 364/663 Test #364: ReplayModeFeature.YamlNoReplayBlock .....................................................   Passed    0.00 sec
2026-07-20T11:19:51.6266279Z         Start 365: RecordingSink.WritesJsonlFile
2026-07-20T11:19:51.6303748Z 365/663 Test #365: RecordingSink.WritesJsonlFile ...........................................................   Passed    0.00 sec
2026-07-20T11:19:51.6304774Z         Start 366: RecordingSink.HandlesSpecialCharacters
2026-07-20T11:19:51.6340293Z 366/663 Test #366: RecordingSink.HandlesSpecialCharacters ..................................................   Passed    0.00 sec
2026-07-20T11:19:51.6341902Z         Start 367: ReplaySource.RoundTrip
2026-07-20T11:19:51.6381476Z 367/663 Test #367: ReplaySource.RoundTrip ..................................................................   Passed    0.00 sec
2026-07-20T11:19:51.6382756Z         Start 368: ReplaySource.StopEarly
2026-07-20T11:19:51.8435047Z 368/663 Test #368: ReplaySource.StopEarly ..................................................................   Passed    0.20 sec
2026-07-20T11:19:51.8436618Z         Start 369: ScenarioLoaderReplay.ParsesReplayBlock
2026-07-20T11:19:51.8478100Z 369/663 Test #369: ScenarioLoaderReplay.ParsesReplayBlock ..................................................   Passed    0.00 sec
2026-07-20T11:19:51.8479814Z         Start 370: ScenarioLoaderReplay.AbsentReplay
2026-07-20T11:19:51.8514164Z 370/663 Test #370: ScenarioLoaderReplay.AbsentReplay .......................................................   Passed    0.00 sec
2026-07-20T11:19:51.8515093Z         Start 371: ScenarioLoaderReplay.DefaultSpeed
2026-07-20T11:19:51.8547298Z 371/663 Test #371: ScenarioLoaderReplay.DefaultSpeed .......................................................   Passed    0.00 sec
2026-07-20T11:19:51.8548460Z         Start 372: EngineRecording.ProducesJsonlFile
2026-07-20T11:19:52.3752696Z 372/663 Test #372: EngineRecording.ProducesJsonlFile .......................................................   Passed    0.52 sec
2026-07-20T11:19:52.3753965Z         Start 373: EngineReplay.ReplaysRecordingThroughSink
2026-07-20T11:19:52.8976356Z 373/663 Test #373: EngineReplay.ReplaysRecordingThroughSink ................................................   Passed    0.52 sec
2026-07-20T11:19:52.8977638Z         Start 374: ShardedPipelineTest.RoutesRecordsByAgentNameDeterministically
2026-07-20T11:19:52.9023218Z 374/663 Test #374: ShardedPipelineTest.RoutesRecordsByAgentNameDeterministically ...........................   Passed    0.00 sec
2026-07-20T11:19:52.9024513Z         Start 375: ShardedPipelineTest.BackpressureSignalActivatesUnderLoad
2026-07-20T11:19:52.9058125Z 375/663 Test #375: ShardedPipelineTest.BackpressureSignalActivatesUnderLoad ................................   Passed    0.00 sec
2026-07-20T11:19:52.9059395Z         Start 376: ShardedPipelineTest.AutoShardCountUsesHardwareConcurrency
2026-07-20T11:19:52.9092386Z 376/663 Test #376: ShardedPipelineTest.AutoShardCountUsesHardwareConcurrency ...............................   Passed    0.00 sec
2026-07-20T11:19:52.9093711Z         Start 377: ShardedPipelineTest.DropPolicyDiscardsOnFull
2026-07-20T11:19:52.9127802Z 377/663 Test #377: ShardedPipelineTest.DropPolicyDiscardsOnFull ............................................   Passed    0.00 sec
2026-07-20T11:19:52.9129672Z         Start 378: ShardedPipelineTest.BlockPolicyNeverDropsAndCountsBlocking
2026-07-20T11:19:52.9844584Z 378/663 Test #378: ShardedPipelineTest.BlockPolicyNeverDropsAndCountsBlocking ..............................   Passed    0.07 sec
2026-07-20T11:19:52.9845748Z         Start 379: SharedMemorySink.EmitsLineFrameOnShardChannel
2026-07-20T11:19:52.9883479Z 379/663 Test #379: SharedMemorySink.EmitsLineFrameOnShardChannel ...........................................   Passed    0.00 sec
2026-07-20T11:19:52.9884607Z         Start 380: SharedMemorySink.SealsPunctuateDataAtWindowBoundaries
2026-07-20T11:19:52.9918957Z 380/663 Test #380: SharedMemorySink.SealsPunctuateDataAtWindowBoundaries ...................................   Passed    0.00 sec
2026-07-20T11:19:52.9920107Z         Start 381: SharedMemorySink.FinalizeSealsDataLessShardUpToTarget
2026-07-20T11:19:52.9954827Z 381/663 Test #381: SharedMemorySink.FinalizeSealsDataLessShardUpToTarget ...................................   Passed    0.00 sec
2026-07-20T11:19:52.9955924Z         Start 382: StructuredSchemaFeature.EcsContainsEcsVersionField
2026-07-20T11:19:52.9986158Z 382/663 Test #382: StructuredSchemaFeature.EcsContainsEcsVersionField ......................................   Passed    0.00 sec
2026-07-20T11:19:52.9987792Z         Start 383: StructuredSchemaFeature.EcsTimestampIsUtc
2026-07-20T11:19:53.0018842Z 383/663 Test #383: StructuredSchemaFeature.EcsTimestampIsUtc ...............................................   Passed    0.00 sec
2026-07-20T11:19:53.0020173Z         Start 384: StructuredSchemaFeature.EcsLevelIsLowercasePerSpec
2026-07-20T11:19:53.0050170Z 384/663 Test #384: StructuredSchemaFeature.EcsLevelIsLowercasePerSpec ......................................   Passed    0.00 sec
2026-07-20T11:19:53.0051859Z         Start 385: StructuredSchemaFeature.EcsCustomFieldsInLabels
2026-07-20T11:19:53.0082165Z 385/663 Test #385: StructuredSchemaFeature.EcsCustomFieldsInLabels .........................................   Passed    0.00 sec
2026-07-20T11:19:53.0083489Z         Start 386: StructuredSchemaFeature.EcsNoLabelsWhenNoFields
2026-07-20T11:19:53.0114068Z 386/663 Test #386: StructuredSchemaFeature.EcsNoLabelsWhenNoFields .........................................   Passed    0.00 sec
2026-07-20T11:19:53.0115259Z         Start 387: StructuredSchemaFeature.EcsServiceNameAndType
2026-07-20T11:19:53.0144960Z 387/663 Test #387: StructuredSchemaFeature.EcsServiceNameAndType ...........................................   Passed    0.00 sec
2026-07-20T11:19:53.0146917Z         Start 388: StructuredSchemaFeature.OtelContainsRequiredTopLevelFields
2026-07-20T11:19:53.0177125Z 388/663 Test #388: StructuredSchemaFeature.OtelContainsRequiredTopLevelFields ..............................   Passed    0.00 sec
2026-07-20T11:19:53.0179403Z         Start 389: StructuredSchemaFeature.OtelSeverityMapping
2026-07-20T11:19:53.0208638Z 389/663 Test #389: StructuredSchemaFeature.OtelSeverityMapping .............................................   Passed    0.00 sec
2026-07-20T11:19:53.0210563Z         Start 390: StructuredSchemaFeature.OtelTimeUnixNanoIsQuotedDecimalString
2026-07-20T11:19:53.0243525Z 390/663 Test #390: StructuredSchemaFeature.OtelTimeUnixNanoIsQuotedDecimalString ...........................   Passed    0.00 sec
2026-07-20T11:19:53.0253657Z         Start 391: StructuredSchemaFeature.OtelBodyContainsMessage
2026-07-20T11:19:53.0297995Z 391/663 Test #391: StructuredSchemaFeature.OtelBodyContainsMessage .........................................   Passed    0.00 sec
2026-07-20T11:19:53.0301537Z         Start 392: StructuredSchemaFeature.OtelCustomFieldsInAttributes
2026-07-20T11:19:53.0329609Z 392/663 Test #392: StructuredSchemaFeature.OtelCustomFieldsInAttributes ....................................   Passed    0.00 sec
2026-07-20T11:19:53.0330943Z         Start 393: StructuredSchemaFeature.OtelFormatAliasesWork
2026-07-20T11:19:53.0364646Z 393/663 Test #393: StructuredSchemaFeature.OtelFormatAliasesWork ...........................................   Passed    0.00 sec
2026-07-20T11:19:53.0365800Z         Start 394: StructuredSchemaFeature.EcsFormatAlias
2026-07-20T11:19:53.0397730Z 394/663 Test #394: StructuredSchemaFeature.EcsFormatAlias ..................................................   Passed    0.00 sec
2026-07-20T11:19:53.0398884Z         Start 395: WindowSealCursor.AdvanceThroughEmitsEachWindowOnceInOrderWithCloseBoundary
2026-07-20T11:19:53.0448701Z 395/663 Test #395: WindowSealCursor.AdvanceThroughEmitsEachWindowOnceInOrderWithCloseBoundary ..............   Passed    0.00 sec
2026-07-20T11:19:53.0449958Z         Start 396: WindowSealCursor.AdvanceIsMonotonicAndNeverDoubleSeals
2026-07-20T11:19:53.0479290Z 396/663 Test #396: WindowSealCursor.AdvanceIsMonotonicAndNeverDoubleSeals ..................................   Passed    0.00 sec
2026-07-20T11:19:53.0480810Z         Start 397: WindowSealCursor.AdvanceThroughTimeSealsWindowsWhoseBoundaryIsReached
2026-07-20T11:19:53.0510531Z 397/663 Test #397: WindowSealCursor.AdvanceThroughTimeSealsWindowsWhoseBoundaryIsReached ...................   Passed    0.00 sec
2026-07-20T11:19:53.0511760Z         Start 398: WindowSealCursor.TimeAndDataPathsShareOneCursorWithoutDoubleSealing
2026-07-20T11:19:53.0540497Z 398/663 Test #398: WindowSealCursor.TimeAndDataPathsShareOneCursorWithoutDoubleSealing .....................   Passed    0.00 sec
2026-07-20T11:19:53.0541796Z         Start 399: WindowSealCursor.ZeroIntervalDisablesSealing
2026-07-20T11:19:53.0570963Z 399/663 Test #399: WindowSealCursor.ZeroIntervalDisablesSealing ............................................   Passed    0.00 sec
2026-07-20T11:19:53.0573221Z         Start 400: ScenarioLoaderTest.ParseGlobalNoise
2026-07-20T11:19:53.0639005Z 400/663 Test #400: ScenarioLoaderTest.ParseGlobalNoise .....................................................   Passed    0.01 sec
2026-07-20T11:19:53.0640288Z         Start 401: ScenarioLoaderTest.ParsePerAgentNoise
2026-07-20T11:19:53.0672359Z 401/663 Test #401: ScenarioLoaderTest.ParsePerAgentNoise ...................................................   Passed    0.00 sec
2026-07-20T11:19:53.0674244Z         Start 402: ScenarioLoaderTest.ParseEnvironment
2026-07-20T11:19:53.0705636Z 402/663 Test #402: ScenarioLoaderTest.ParseEnvironment .....................................................   Passed    0.00 sec
2026-07-20T11:19:53.0706587Z         Start 403: ScenarioLoaderTest.ParsePropagationRules
2026-07-20T11:19:53.0738315Z 403/663 Test #403: ScenarioLoaderTest.ParsePropagationRules ................................................   Passed    0.00 sec
2026-07-20T11:19:53.0739953Z         Start 404: ScenarioLoaderTest.ParseIncludesAndMergeAgents
2026-07-20T11:19:53.0785343Z 404/663 Test #404: ScenarioLoaderTest.ParseIncludesAndMergeAgents ..........................................   Passed    0.00 sec
2026-07-20T11:19:53.0802430Z         Start 405: ScenarioLoaderTest.ParseUsersAndSessions
2026-07-20T11:19:53.0840316Z 405/663 Test #405: ScenarioLoaderTest.ParseUsersAndSessions ................................................   Passed    0.00 sec
2026-07-20T11:19:53.0842073Z         Start 406: ScenarioLoaderTest.UsersSessionsStaleDurationKeyWarnsAndTakesDefaults
2026-07-20T11:19:53.0875585Z 406/663 Test #406: ScenarioLoaderTest.UsersSessionsStaleDurationKeyWarnsAndTakesDefaults ...................   Passed    0.00 sec
2026-07-20T11:19:53.0877651Z         Start 407: ScenarioLoaderTest.ParsePersonas
2026-07-20T11:19:53.0917338Z 407/663 Test #407: ScenarioLoaderTest.ParsePersonas ........................................................   Passed    0.00 sec
2026-07-20T11:19:53.0917743Z         Start 408: ScenarioLoaderTest.ParseTemplatesAndResolve
2026-07-20T11:19:53.0948734Z 408/663 Test #408: ScenarioLoaderTest.ParseTemplatesAndResolve .............................................   Passed    0.00 sec
2026-07-20T11:19:53.0951295Z         Start 409: ScenarioLoaderTest.TemplateResolutionAgentOverrides
2026-07-20T11:19:53.0987832Z 409/663 Test #409: ScenarioLoaderTest.TemplateResolutionAgentOverrides .....................................   Passed    0.00 sec
2026-07-20T11:19:53.0991428Z         Start 410: ScenarioLoaderTest.UnknownTemplateThrows
2026-07-20T11:19:53.1044907Z 410/663 Test #410: ScenarioLoaderTest.UnknownTemplateThrows ................................................   Passed    0.01 sec
2026-07-20T11:19:53.1049241Z         Start 411: ScenarioLoaderTest.InstanceExpansion
2026-07-20T11:19:53.1089274Z 411/663 Test #411: ScenarioLoaderTest.InstanceExpansion ....................................................   Passed    0.00 sec
2026-07-20T11:19:53.1091631Z         Start 412: ScenarioLoaderTest.SingleInstanceNoExpansion
2026-07-20T11:19:53.1174720Z 412/663 Test #412: ScenarioLoaderTest.SingleInstanceNoExpansion ............................................   Passed    0.01 sec
2026-07-20T11:19:53.1205370Z         Start 413: ScenarioLoaderTest.ParseRegistryNamedAgents
2026-07-20T11:19:53.1228723Z 413/663 Test #413: ScenarioLoaderTest.ParseRegistryNamedAgents .............................................   Passed    0.00 sec
2026-07-20T11:19:53.1229778Z         Start 414: ScenarioLoaderTest.ParseRegistryWithOverrides
2026-07-20T11:19:53.1262728Z 414/663 Test #414: ScenarioLoaderTest.ParseRegistryWithOverrides ...........................................   Passed    0.00 sec
2026-07-20T11:19:53.1264964Z         Start 415: ScenarioLoaderTest.ParseRegistryWithRateStringOverride
2026-07-20T11:19:53.1299595Z 415/663 Test #415: ScenarioLoaderTest.ParseRegistryWithRateStringOverride ..................................   Passed    0.00 sec
2026-07-20T11:19:53.1300333Z         Start 416: ScenarioLoaderTest.NoRegistryWhenAbsent
2026-07-20T11:19:53.1383874Z 416/663 Test #416: ScenarioLoaderTest.NoRegistryWhenAbsent .................................................   Passed    0.01 sec
2026-07-20T11:19:53.1384542Z         Start 417: ScenarioLoaderTest.RegistryFileLoadAndOverride
2026-07-20T11:19:53.1470901Z 417/663 Test #417: ScenarioLoaderTest.RegistryFileLoadAndOverride ..........................................   Passed    0.00 sec
2026-07-20T11:19:53.1509719Z         Start 418: ScenarioLoaderTest.RegistryUnknownRefThrows
2026-07-20T11:19:53.1513392Z 418/663 Test #418: ScenarioLoaderTest.RegistryUnknownRefThrows .............................................   Passed    0.00 sec
2026-07-20T11:19:53.1514074Z         Start 419: ScenarioLoaderTest.RegistryWithInstanceExpansion
2026-07-20T11:19:53.1561383Z 419/663 Test #419: ScenarioLoaderTest.RegistryWithInstanceExpansion ........................................   Passed    0.01 sec
2026-07-20T11:19:53.1563114Z         Start 420: ScenarioLoaderTest.RegistryAndInlineAgentsCoexist
2026-07-20T11:19:53.1653102Z 420/663 Test #420: ScenarioLoaderTest.RegistryAndInlineAgentsCoexist .......................................   Passed    0.01 sec
2026-07-20T11:19:53.1661065Z         Start 421: ScenarioLoaderTest.RegistryAndTemplatesCoexist
2026-07-20T11:19:53.1711752Z 421/663 Test #421: ScenarioLoaderTest.RegistryAndTemplatesCoexist ..........................................   Passed    0.00 sec
2026-07-20T11:19:53.1713571Z         Start 422: ScenarioLoaderTest.ParseLevelOverridesOnField
2026-07-20T11:19:53.1753101Z 422/663 Test #422: ScenarioLoaderTest.ParseLevelOverridesOnField ...........................................   Passed    0.00 sec
2026-07-20T11:19:53.1755223Z         Start 423: ScenarioLoaderTest.ParseLevelOverridesAllSixLevels
2026-07-20T11:19:53.1872040Z 423/663 Test #423: ScenarioLoaderTest.ParseLevelOverridesAllSixLevels ......................................   Passed    0.01 sec
2026-07-20T11:19:53.1881108Z         Start 424: ScenarioLoaderTest.LevelOverridesAbsentProducesEmptyMap
2026-07-20T11:19:53.1913220Z 424/663 Test #424: ScenarioLoaderTest.LevelOverridesAbsentProducesEmptyMap .................................   Passed    0.00 sec
2026-07-20T11:19:53.1914429Z         Start 425: ScenarioLoaderTest.LevelOverridesInTemplateField
2026-07-20T11:19:53.1956347Z 425/663 Test #425: ScenarioLoaderTest.LevelOverridesInTemplateField ........................................   Passed    0.00 sec
2026-07-20T11:19:53.1960872Z         Start 426: ScenarioLoaderTest.LevelOverridesUnknownLevelThrows
2026-07-20T11:19:53.2006415Z 426/663 Test #426: ScenarioLoaderTest.LevelOverridesUnknownLevelThrows .....................................   Passed    0.00 sec
2026-07-20T11:19:53.2008103Z         Start 427: ScenarioLoaderTest.ParseLevelWeights
2026-07-20T11:19:53.2040423Z 427/663 Test #427: ScenarioLoaderTest.ParseLevelWeights ....................................................   Passed    0.00 sec
2026-07-20T11:19:53.2042074Z         Start 428: ScenarioLoaderTest.LevelWeightsAbsentProducesEmptyMap
2026-07-20T11:19:53.2074733Z 428/663 Test #428: ScenarioLoaderTest.LevelWeightsAbsentProducesEmptyMap ...................................   Passed    0.00 sec
2026-07-20T11:19:53.2076661Z         Start 429: ScenarioLoaderTest.NestedWorldBlocksWarnOnUnknownSubKeys
2026-07-20T11:19:53.2110266Z 429/663 Test #429: ScenarioLoaderTest.NestedWorldBlocksWarnOnUnknownSubKeys ................................   Passed    0.00 sec
2026-07-20T11:19:53.2111269Z         Start 430: ScenarioLoaderTest.NestedWorldBlocksAreSilentOnValidKeys
2026-07-20T11:19:53.2144544Z 430/663 Test #430: ScenarioLoaderTest.NestedWorldBlocksAreSilentOnValidKeys ................................   Passed    0.00 sec
2026-07-20T11:19:53.2145770Z         Start 431: ScenarioLoaderTest.ParseStateAndEffects
2026-07-20T11:19:53.2178693Z 431/663 Test #431: ScenarioLoaderTest.ParseStateAndEffects .................................................   Passed    0.00 sec
2026-07-20T11:19:53.2181511Z         Start 432: ScenarioLoaderTest.ParseCorrelatedFailures
2026-07-20T11:19:53.2217720Z 432/663 Test #432: ScenarioLoaderTest.ParseCorrelatedFailures ..............................................   Passed    0.00 sec
2026-07-20T11:19:53.2218747Z         Start 433: ScenarioLoaderTest.ParseApiServiceArchetype
2026-07-20T11:19:53.2250639Z 433/663 Test #433: ScenarioLoaderTest.ParseApiServiceArchetype .............................................   Passed    0.00 sec
2026-07-20T11:19:53.2251575Z         Start 434: ScenarioLoaderTest.ParseDatabaseArchetype
2026-07-20T11:19:53.2287637Z 434/663 Test #434: ScenarioLoaderTest.ParseDatabaseArchetype ...............................................   Passed    0.00 sec
2026-07-20T11:19:53.2288622Z         Start 435: ScenarioLoaderTest.ParseExternalApiArchetype
2026-07-20T11:19:53.2324094Z 435/663 Test #435: ScenarioLoaderTest.ParseExternalApiArchetype ............................................   Passed    0.00 sec
2026-07-20T11:19:53.2324931Z         Start 436: ScenarioLoaderTest.ParseHealthState
2026-07-20T11:19:53.2357774Z 436/663 Test #436: ScenarioLoaderTest.ParseHealthState .....................................................   Passed    0.00 sec
2026-07-20T11:19:53.2359029Z         Start 437: ScenarioLoaderTest.ParseRateModulationSinusoidal
2026-07-20T11:19:53.2392400Z 437/663 Test #437: ScenarioLoaderTest.ParseRateModulationSinusoidal ........................................   Passed    0.00 sec
2026-07-20T11:19:53.2393752Z         Start 438: ScenarioLoaderTest.ParseRateModulationBusinessHours
2026-07-20T11:19:53.2427617Z 438/663 Test #438: ScenarioLoaderTest.ParseRateModulationBusinessHours .....................................   Passed    0.00 sec
2026-07-20T11:19:53.2428877Z         Start 439: ScenarioLoaderTest.ParseRateModulationSinusoidalDefaults
2026-07-20T11:19:53.2469946Z 439/663 Test #439: ScenarioLoaderTest.ParseRateModulationSinusoidalDefaults ................................   Passed    0.00 sec
2026-07-20T11:19:53.2471261Z         Start 440: ScenarioLoaderTest.ParseRateModulationBusinessHoursDefaults
2026-07-20T11:19:53.2503674Z 440/663 Test #440: ScenarioLoaderTest.ParseRateModulationBusinessHoursDefaults .............................   Passed    0.00 sec
2026-07-20T11:19:53.2506224Z         Start 441: ScenarioLoaderTest.NoRateModulation_Absent
2026-07-20T11:19:53.2537664Z 441/663 Test #441: ScenarioLoaderTest.NoRateModulation_Absent ..............................................   Passed    0.00 sec
2026-07-20T11:19:53.2540051Z         Start 442: ScenarioLoaderTest.WeightedChoiceMismatchThrows
2026-07-20T11:19:53.2574604Z 442/663 Test #442: ScenarioLoaderTest.WeightedChoiceMismatchThrows .........................................   Passed    0.00 sec
2026-07-20T11:19:53.2575807Z         Start 443: ScenarioLoaderTest.ParsesAllGeneratorTypes
2026-07-20T11:19:53.2611370Z 443/663 Test #443: ScenarioLoaderTest.ParsesAllGeneratorTypes ..............................................   Passed    0.00 sec
2026-07-20T11:19:53.2612297Z         Start 444: ScenarioLoaderTest.ParsesConditionalGenerator
2026-07-20T11:19:53.2658258Z 444/663 Test #444: ScenarioLoaderTest.ParsesConditionalGenerator ...........................................   Passed    0.00 sec
2026-07-20T11:19:53.2659631Z         Start 445: ScenarioLoaderTest.UnknownGeneratorThrows
2026-07-20T11:19:53.2691879Z 445/663 Test #445: ScenarioLoaderTest.UnknownGeneratorThrows ...............................................   Passed    0.00 sec
2026-07-20T11:19:53.2693187Z         Start 446: ScenarioLoaderTest.ConditionalFieldRefersToLaterFieldThrows
2026-07-20T11:19:53.2727421Z 446/663 Test #446: ScenarioLoaderTest.ConditionalFieldRefersToLaterFieldThrows .............................   Passed    0.00 sec
2026-07-20T11:19:53.2728760Z         Start 447: ScenarioLoaderTest.ConditionalFieldRefersToEarlierFieldDoesNotThrow
2026-07-20T11:19:53.2760628Z 447/663 Test #447: ScenarioLoaderTest.ConditionalFieldRefersToEarlierFieldDoesNotThrow .....................   Passed    0.00 sec
2026-07-20T11:19:53.2762556Z         Start 448: ScenarioLoaderTest.UnrecognizedFieldKeyProducesWarning
2026-07-20T11:19:53.2795552Z 448/663 Test #448: ScenarioLoaderTest.UnrecognizedFieldKeyProducesWarning ..................................   Passed    0.00 sec
2026-07-20T11:19:53.2797431Z         Start 449: ScenarioLoaderTest.ParseIncidents
2026-07-20T11:19:53.2829383Z 449/663 Test #449: ScenarioLoaderTest.ParseIncidents .......................................................   Passed    0.00 sec
2026-07-20T11:19:53.2831126Z         Start 450: ScenarioLoaderTest.ParseProbabilityIncidentTrigger
2026-07-20T11:19:53.2862899Z 450/663 Test #450: ScenarioLoaderTest.ParseProbabilityIncidentTrigger ......................................   Passed    0.00 sec
2026-07-20T11:19:53.2863897Z         Start 451: ScenarioLoaderTest.ParseAgentStartDelaySeconds
2026-07-20T11:19:53.2895097Z 451/663 Test #451: ScenarioLoaderTest.ParseAgentStartDelaySeconds ..........................................   Passed    0.00 sec
2026-07-20T11:19:53.2896527Z         Start 452: ScenarioLoaderTest.IncidentEffectTargetUnknownAgentThrows
2026-07-20T11:19:53.2932809Z 452/663 Test #452: ScenarioLoaderTest.IncidentEffectTargetUnknownAgentThrows ...............................   Passed    0.00 sec
2026-07-20T11:19:53.2934088Z         Start 453: ScenarioLoaderTest.IncidentEffectValidTargetDoesNotThrow
2026-07-20T11:19:53.2987174Z 453/663 Test #453: ScenarioLoaderTest.IncidentEffectValidTargetDoesNotThrow ................................   Passed    0.01 sec
2026-07-20T11:19:53.2988878Z         Start 454: ScenarioLoaderTest.UnrecognizedIncidentKeyProducesWarning
2026-07-20T11:19:53.3024013Z 454/663 Test #454: ScenarioLoaderTest.UnrecognizedIncidentKeyProducesWarning ...............................   Passed    0.00 sec
2026-07-20T11:19:53.3024821Z         Start 455: ScenarioLoaderTest.OutputFormatJson
2026-07-20T11:19:53.3059084Z 455/663 Test #455: ScenarioLoaderTest.OutputFormatJson .....................................................   Passed    0.00 sec
2026-07-20T11:19:53.3060468Z         Start 456: ScenarioLoaderTest.OutputFormatText
2026-07-20T11:19:53.3092687Z 456/663 Test #456: ScenarioLoaderTest.OutputFormatText .....................................................   Passed    0.00 sec
2026-07-20T11:19:53.3094888Z         Start 457: ScenarioLoaderTest.OutputFormatClf
2026-07-20T11:19:53.3127069Z 457/663 Test #457: ScenarioLoaderTest.OutputFormatClf ......................................................   Passed    0.00 sec
2026-07-20T11:19:53.3128999Z         Start 458: ScenarioLoaderTest.OutputFormatApacheError
2026-07-20T11:19:53.3161370Z 458/663 Test #458: ScenarioLoaderTest.OutputFormatApacheError ..............................................   Passed    0.00 sec
2026-07-20T11:19:53.3162767Z         Start 459: ScenarioLoaderTest.OutputFormatLog4j
2026-07-20T11:19:53.3195129Z 459/663 Test #459: ScenarioLoaderTest.OutputFormatLog4j ....................................................   Passed    0.00 sec
2026-07-20T11:19:53.3195601Z         Start 460: ScenarioLoaderTest.OutputFormatSyslog
2026-07-20T11:19:53.3226593Z 460/663 Test #460: ScenarioLoaderTest.OutputFormatSyslog ...................................................   Passed    0.00 sec
2026-07-20T11:19:53.3227794Z         Start 461: ScenarioLoaderTest.OutputFormatRfc5424
2026-07-20T11:19:53.3259275Z 461/663 Test #461: ScenarioLoaderTest.OutputFormatRfc5424 ..................................................   Passed    0.00 sec
2026-07-20T11:19:53.3260431Z         Start 462: ScenarioLoaderTest.OutputFormatNginxError
2026-07-20T11:19:53.3292244Z 462/663 Test #462: ScenarioLoaderTest.OutputFormatNginxError ...............................................   Passed    0.00 sec
2026-07-20T11:19:53.3294147Z         Start 463: ScenarioLoaderTest.OutputFormatKv
2026-07-20T11:19:53.3325732Z 463/663 Test #463: ScenarioLoaderTest.OutputFormatKv .......................................................   Passed    0.00 sec
2026-07-20T11:19:53.3327024Z         Start 464: ScenarioLoaderTest.OutputFormatLogfmtAliasForKv
2026-07-20T11:19:53.3359803Z 464/663 Test #464: ScenarioLoaderTest.OutputFormatLogfmtAliasForKv .........................................   Passed    0.00 sec
2026-07-20T11:19:53.3360964Z         Start 465: ScenarioLoaderTest.OutputFormatAndroidLogcat
2026-07-20T11:19:53.3392753Z 465/663 Test #465: ScenarioLoaderTest.OutputFormatAndroidLogcat ............................................   Passed    0.00 sec
2026-07-20T11:19:53.3394015Z         Start 466: ScenarioLoaderTest.OutputFormatWindowsCbs
2026-07-20T11:19:53.3425831Z 466/663 Test #466: ScenarioLoaderTest.OutputFormatWindowsCbs ...............................................   Passed    0.00 sec
2026-07-20T11:19:53.3426934Z         Start 467: ScenarioLoaderTest.OutputFormatSparkHdfs
2026-07-20T11:19:53.3457956Z 467/663 Test #467: ScenarioLoaderTest.OutputFormatSparkHdfs ................................................   Passed    0.00 sec
2026-07-20T11:19:53.3459003Z         Start 468: ScenarioLoaderTest.OutputFormatSparkAlias
2026-07-20T11:19:53.3499890Z 468/663 Test #468: ScenarioLoaderTest.OutputFormatSparkAlias ...............................................   Passed    0.00 sec
2026-07-20T11:19:53.3501826Z         Start 469: ScenarioLoaderTest.OutputFormatHealthApp
2026-07-20T11:19:53.3534203Z 469/663 Test #469: ScenarioLoaderTest.OutputFormatHealthApp ................................................   Passed    0.00 sec
2026-07-20T11:19:53.3535582Z         Start 470: ScenarioLoaderTest.OutputFormatProxifier
2026-07-20T11:19:53.3567131Z 470/663 Test #470: ScenarioLoaderTest.OutputFormatProxifier ................................................   Passed    0.00 sec
2026-07-20T11:19:53.3568323Z         Start 471: ScenarioLoaderTest.OutputFormatCloudWatch
2026-07-20T11:19:53.3601848Z 471/663 Test #471: ScenarioLoaderTest.OutputFormatCloudWatch ...............................................   Passed    0.00 sec
2026-07-20T11:19:53.3603072Z         Start 472: ScenarioLoaderTest.OutputFormatSystemdJournal
2026-07-20T11:19:53.3637740Z 472/663 Test #472: ScenarioLoaderTest.OutputFormatSystemdJournal ...........................................   Passed    0.00 sec
2026-07-20T11:19:53.3640369Z         Start 473: ScenarioLoaderTest.OutputFormatHpc
2026-07-20T11:19:53.3673689Z 473/663 Test #473: ScenarioLoaderTest.OutputFormatHpc ......................................................   Passed    0.00 sec
2026-07-20T11:19:53.3674887Z         Start 474: ScenarioLoaderTest.OutputFormatBglAliasForHpc
2026-07-20T11:19:53.3706500Z 474/663 Test #474: ScenarioLoaderTest.OutputFormatBglAliasForHpc ...........................................   Passed    0.00 sec
2026-07-20T11:19:53.3708115Z         Start 475: ScenarioLoaderTest.OutputFormatIisW3c
2026-07-20T11:19:53.3738888Z 475/663 Test #475: ScenarioLoaderTest.OutputFormatIisW3c ...................................................   Passed    0.00 sec
2026-07-20T11:19:53.3740741Z         Start 476: ScenarioLoaderTest.OutputFormatIisAlias
2026-07-20T11:19:53.3771298Z 476/663 Test #476: ScenarioLoaderTest.OutputFormatIisAlias .................................................   Passed    0.00 sec
2026-07-20T11:19:53.3772743Z         Start 477: ScenarioLoaderTest.OutputFormatUnknownFallsBackToJson
2026-07-20T11:19:53.3805026Z 477/663 Test #477: ScenarioLoaderTest.OutputFormatUnknownFallsBackToJson ...................................   Passed    0.00 sec
2026-07-20T11:19:53.3806409Z         Start 478: ScenarioLoaderTest.UnrecognizedOutputKeyProducesWarning
2026-07-20T11:19:53.3840359Z 478/663 Test #478: ScenarioLoaderTest.UnrecognizedOutputKeyProducesWarning .................................   Passed    0.00 sec
2026-07-20T11:19:53.3841655Z         Start 479: ScenarioLoaderTest.PrometheusMetricKeys
2026-07-20T11:19:53.3874096Z 479/663 Test #479: ScenarioLoaderTest.PrometheusMetricKeys .................................................   Passed    0.00 sec
2026-07-20T11:19:53.3875199Z         Start 480: ScenarioLoaderTest.StatsdMetricKeys
2026-07-20T11:19:53.3907312Z 480/663 Test #480: ScenarioLoaderTest.StatsdMetricKeys .....................................................   Passed    0.00 sec
2026-07-20T11:19:53.3909059Z         Start 481: ScenarioLoaderTest.MetricsShortFormKeysRejected
2026-07-20T11:19:53.3941717Z 481/663 Test #481: ScenarioLoaderTest.MetricsShortFormKeysRejected .........................................   Passed    0.00 sec
2026-07-20T11:19:53.3943390Z         Start 482: ScenarioLoaderTest.ParsePhases
2026-07-20T11:19:53.3995401Z 482/663 Test #482: ScenarioLoaderTest.ParsePhases ..........................................................   Passed    0.00 sec
2026-07-20T11:19:53.3996602Z         Start 483: ScenarioLoaderTest.PhaseRateExplicitZeroVsOmitted
2026-07-20T11:19:53.4029854Z 483/663 Test #483: ScenarioLoaderTest.PhaseRateExplicitZeroVsOmitted .......................................   Passed    0.00 sec
2026-07-20T11:19:53.4030592Z         Start 484: ScenarioLoaderTest.PhasesWithNormalDistribution
2026-07-20T11:19:53.4063122Z 484/663 Test #484: ScenarioLoaderTest.PhasesWithNormalDistribution .........................................   Passed    0.00 sec
2026-07-20T11:19:53.4064234Z         Start 485: ScenarioLoaderTest.PhasesWithPercentileDistribution
2026-07-20T11:19:53.4096493Z 485/663 Test #485: ScenarioLoaderTest.PhasesWithPercentileDistribution .....................................   Passed    0.00 sec
2026-07-20T11:19:53.4097759Z         Start 486: ScenarioLoaderTest.AgentLevelLatencyDistribution
2026-07-20T11:19:53.4134594Z 486/663 Test #486: ScenarioLoaderTest.AgentLevelLatencyDistribution ........................................   Passed    0.00 sec
2026-07-20T11:19:53.4137947Z         Start 487: ScenarioLoaderTest.AgentLevelLatencyUniformArray
2026-07-20T11:19:53.4168088Z 487/663 Test #487: ScenarioLoaderTest.AgentLevelLatencyUniformArray ........................................   Passed    0.00 sec
2026-07-20T11:19:53.4170182Z         Start 488: ScenarioLoaderTest.UnrecognizedPhaseKeyProducesWarning
2026-07-20T11:19:53.4204146Z 488/663 Test #488: ScenarioLoaderTest.UnrecognizedPhaseKeyProducesWarning ..................................   Passed    0.00 sec
2026-07-20T11:19:53.4205222Z         Start 489: ScenarioLoaderTest.LoadValidYaml
2026-07-20T11:19:53.4238004Z 489/663 Test #489: ScenarioLoaderTest.LoadValidYaml ........................................................   Passed    0.00 sec
2026-07-20T11:19:53.4239205Z         Start 490: ScenarioLoaderTest.DefaultsWhenOptionalFieldsMissing
2026-07-20T11:19:53.4270364Z 490/663 Test #490: ScenarioLoaderTest.DefaultsWhenOptionalFieldsMissing ....................................   Passed    0.00 sec
2026-07-20T11:19:53.4272858Z         Start 491: ScenarioLoaderTest.ThrowsOnMissingScenarioKey
2026-07-20T11:19:53.4322252Z 491/663 Test #491: ScenarioLoaderTest.ThrowsOnMissingScenarioKey ...........................................   Passed    0.00 sec
2026-07-20T11:19:53.4417167Z         Start 492: ScenarioLoaderTest.ThrowsOnInvalidYaml
2026-07-20T11:19:53.4453385Z 492/663 Test #492: ScenarioLoaderTest.ThrowsOnInvalidYaml ..................................................   Passed    0.00 sec
2026-07-20T11:19:53.4454377Z         Start 493: ScenarioLoaderTest.DurationStringParsing
2026-07-20T11:19:53.4488331Z 493/663 Test #493: ScenarioLoaderTest.DurationStringParsing ................................................   Passed    0.00 sec
2026-07-20T11:19:53.4489427Z         Start 494: ScenarioLoaderTest.DurationSecondsString
2026-07-20T11:19:53.4522066Z 494/663 Test #494: ScenarioLoaderTest.DurationSecondsString ................................................   Passed    0.00 sec
2026-07-20T11:19:53.4523274Z         Start 495: ScenarioLoaderTest.DurationHoursString
2026-07-20T11:19:53.4555090Z 495/663 Test #495: ScenarioLoaderTest.DurationHoursString ..................................................   Passed    0.00 sec
2026-07-20T11:19:53.4556236Z         Start 496: ScenarioLoaderTest.DurationMillisecondsString
2026-07-20T11:19:53.4588458Z 496/663 Test #496: ScenarioLoaderTest.DurationMillisecondsString ...........................................   Passed    0.00 sec
2026-07-20T11:19:53.4589651Z         Start 497: ScenarioLoaderTest.RateStringParsing
2026-07-20T11:19:53.4621783Z 497/663 Test #497: ScenarioLoaderTest.RateStringParsing ....................................................   Passed    0.00 sec
2026-07-20T11:19:53.4622573Z         Start 498: ScenarioLoaderTest.DurationSecondsFallback
2026-07-20T11:19:53.4653677Z 498/663 Test #498: ScenarioLoaderTest.DurationSecondsFallback ..............................................   Passed    0.00 sec
2026-07-20T11:19:53.4655337Z         Start 499: ScenarioLoaderTest.ParseOutputFields
2026-07-20T11:19:53.4692421Z 499/663 Test #499: ScenarioLoaderTest.ParseOutputFields ....................................................   Passed    0.00 sec
2026-07-20T11:19:53.4693522Z         Start 500: ScenarioLoaderTest.OutputFieldProjectionDistinguishesAbsentFromDeclaredEmpty
2026-07-20T11:19:53.4727364Z 500/663 Test #500: ScenarioLoaderTest.OutputFieldProjectionDistinguishesAbsentFromDeclaredEmpty ............   Passed    0.00 sec
2026-07-20T11:19:53.4728295Z         Start 501: ScenarioLoaderTest.OutputFieldProjectionRejectsANonListFields
2026-07-20T11:19:53.4760671Z 501/663 Test #501: ScenarioLoaderTest.OutputFieldProjectionRejectsANonListFields ...........................   Passed    0.00 sec
2026-07-20T11:19:53.4762749Z         Start 502: ScenarioLoaderTest.FullRealisticScenario
2026-07-20T11:19:53.4801394Z 502/663 Test #502: ScenarioLoaderTest.FullRealisticScenario ................................................   Passed    0.00 sec
2026-07-20T11:19:53.4802582Z         Start 503: ScenarioLoaderTest.UnrecognizedScenarioKeyProducesWarning
2026-07-20T11:19:53.4840637Z 503/663 Test #503: ScenarioLoaderTest.UnrecognizedScenarioKeyProducesWarning ...............................   Passed    0.00 sec
2026-07-20T11:19:53.4841757Z         Start 504: ScenarioLoaderTest.ValidKeysProduceNoWarnings
2026-07-20T11:19:53.4875529Z 504/663 Test #504: ScenarioLoaderTest.ValidKeysProduceNoWarnings ...........................................   Passed    0.00 sec
2026-07-20T11:19:53.4876554Z         Start 505: ScenarioLoaderTest.ParseAutoCascade
2026-07-20T11:19:53.4907900Z 505/663 Test #505: ScenarioLoaderTest.ParseAutoCascade .....................................................   Passed    0.00 sec
2026-07-20T11:19:53.4908977Z         Start 506: ScenarioLoaderTest.ParseAutoCascadeDefaults
2026-07-20T11:19:53.4940572Z 506/663 Test #506: ScenarioLoaderTest.ParseAutoCascadeDefaults .............................................   Passed    0.00 sec
2026-07-20T11:19:53.4941438Z         Start 507: ScenarioLoaderTest.ParseReplayConfig
2026-07-20T11:19:53.4972807Z 507/663 Test #507: ScenarioLoaderTest.ParseReplayConfig ....................................................   Passed    0.00 sec
2026-07-20T11:19:53.4973777Z         Start 508: ScenarioLoaderTest.ParseReplayDefaultSpeed
2026-07-20T11:19:53.5008614Z 508/663 Test #508: ScenarioLoaderTest.ParseReplayDefaultSpeed ..............................................   Passed    0.00 sec
2026-07-20T11:19:53.5009587Z         Start 509: ScenarioLoaderTest.ParseEntityPool
2026-07-20T11:19:53.5047138Z 509/663 Test #509: ScenarioLoaderTest.ParseEntityPool ......................................................   Passed    0.00 sec
2026-07-20T11:19:53.5048564Z         Start 510: ScenarioLoaderTest.ParseScenarioFieldVariations
2026-07-20T11:19:53.5080109Z 510/663 Test #510: ScenarioLoaderTest.ParseScenarioFieldVariations .........................................   Passed    0.00 sec
2026-07-20T11:19:53.5081116Z         Start 511: ScenarioLoaderTest.ParseClockVirtualMode
2026-07-20T11:19:53.5112598Z 511/663 Test #511: ScenarioLoaderTest.ParseClockVirtualMode ................................................   Passed    0.00 sec
2026-07-20T11:19:53.5113707Z         Start 512: ScenarioLoaderTest.ParseDeclaredIntentChannelReachesTheOutputConfig
2026-07-20T11:19:53.5145498Z 512/663 Test #512: ScenarioLoaderTest.ParseDeclaredIntentChannelReachesTheOutputConfig .....................   Passed    0.00 sec
2026-07-20T11:19:53.5146446Z         Start 513: ScenarioLoaderTest.ParseOmittedIntentChannelIsUnspecified
2026-07-20T11:19:53.5181603Z 513/663 Test #513: ScenarioLoaderTest.ParseOmittedIntentChannelIsUnspecified ...............................   Passed    0.00 sec
2026-07-20T11:19:53.5182598Z         Start 514: ScenarioLoaderTest.ParseUnknownIntentChannelThrows
2026-07-20T11:19:53.5216088Z 514/663 Test #514: ScenarioLoaderTest.ParseUnknownIntentChannelThrows ......................................   Passed    0.00 sec
2026-07-20T11:19:53.5217499Z         Start 515: ScenarioLoaderTest.ParsePipelineConfig
2026-07-20T11:19:53.5250316Z 515/663 Test #515: ScenarioLoaderTest.ParsePipelineConfig ..................................................   Passed    0.00 sec
2026-07-20T11:19:53.5251272Z         Start 516: ScenarioLoaderTest.ParsePipelineBackpressureDrop
2026-07-20T11:19:53.5282449Z 516/663 Test #516: ScenarioLoaderTest.ParsePipelineBackpressureDrop ........................................   Passed    0.00 sec
2026-07-20T11:19:53.5283761Z         Start 517: ScenarioLoaderTest.RecordingOutputTakesRecordingFormatAndRefusesTheRetiredFormatKey
2026-07-20T11:19:53.5320120Z 517/663 Test #517: ScenarioLoaderTest.RecordingOutputTakesRecordingFormatAndRefusesTheRetiredFormatKey .....   Passed    0.00 sec
2026-07-20T11:19:53.5321210Z         Start 518: ScenarioLoaderTest.AnUnknownLogLevelTokenIsRefusedAtEveryLevelKey
2026-07-20T11:19:53.5358688Z 518/663 Test #518: ScenarioLoaderTest.AnUnknownLogLevelTokenIsRefusedAtEveryLevelKey .......................   Passed    0.00 sec
2026-07-20T11:19:53.5359837Z         Start 519: ScenarioLoaderTest.SeedUnderRealScenarioRootIsRejected
2026-07-20T11:19:53.5391933Z 519/663 Test #519: ScenarioLoaderTest.SeedUnderRealScenarioRootIsRejected ..................................   Passed    0.00 sec
2026-07-20T11:19:53.5393073Z         Start 520: ScenarioLoaderTest.DeterministicScenarioSeedDefaultsTo42
2026-07-20T11:19:53.5425446Z 520/663 Test #520: ScenarioLoaderTest.DeterministicScenarioSeedDefaultsTo42 ................................   Passed    0.00 sec
2026-07-20T11:19:53.5426571Z         Start 521: ScenarioLoaderTest.DeclaringBothRootsIsRejected
2026-07-20T11:19:53.5458337Z 521/663 Test #521: ScenarioLoaderTest.DeclaringBothRootsIsRejected .........................................   Passed    0.00 sec
2026-07-20T11:19:53.5459913Z         Start 522: ScenarioLoaderTest.DeterministicScenarioRootSelectsDeterministicMode
2026-07-20T11:19:53.5496594Z 522/663 Test #522: ScenarioLoaderTest.DeterministicScenarioRootSelectsDeterministicMode ....................   Passed    0.00 sec
2026-07-20T11:19:53.5497719Z         Start 523: ScenarioLoaderTest.RealScenarioRootSelectsRealMode
2026-07-20T11:19:53.5529456Z 523/663 Test #523: ScenarioLoaderTest.RealScenarioRootSelectsRealMode ......................................   Passed    0.00 sec
2026-07-20T11:19:53.5530661Z         Start 524: ScenarioLoaderTest.DeterministicScenarioDeclinesAutoCascade
2026-07-20T11:19:53.5565262Z 524/663 Test #524: ScenarioLoaderTest.DeterministicScenarioDeclinesAutoCascade .............................   Passed    0.00 sec
2026-07-20T11:19:53.5566317Z         Start 525: ScenarioLoaderTest.PerAgentSeedOverridesTheCommonSeed
2026-07-20T11:19:53.5599561Z 525/663 Test #525: ScenarioLoaderTest.PerAgentSeedOverridesTheCommonSeed ...................................   Passed    0.00 sec
2026-07-20T11:19:53.5600671Z         Start 526: ScenarioLoaderTest.InstancesSeedAssignsOnePerExpandedInstance
2026-07-20T11:19:53.5633366Z 526/663 Test #526: ScenarioLoaderTest.InstancesSeedAssignsOnePerExpandedInstance ...........................   Passed    0.00 sec
2026-07-20T11:19:53.5634086Z         Start 527: ScenarioLoaderTest.InstancesSeedWrongLengthIsRejected
2026-07-20T11:19:53.5673853Z 527/663 Test #527: ScenarioLoaderTest.InstancesSeedWrongLengthIsRejected ...................................   Passed    0.00 sec
2026-07-20T11:19:53.5674945Z         Start 528: ScenarioLoaderTest.SeedAndInstancesSeedAreMutuallyExclusive
2026-07-20T11:19:53.5713013Z 528/663 Test #528: ScenarioLoaderTest.SeedAndInstancesSeedAreMutuallyExclusive .............................   Passed    0.00 sec
2026-07-20T11:19:53.5714024Z         Start 529: ScenarioLoaderTest.InstancesSeedRequiresMultipleInstances
2026-07-20T11:19:53.5750868Z 529/663 Test #529: ScenarioLoaderTest.InstancesSeedRequiresMultipleInstances ...............................   Passed    0.00 sec
2026-07-20T11:19:53.5751658Z         Start 530: ScenarioLoaderTest.PerAgentSeedInRealWorldIsRejected
2026-07-20T11:19:53.5784865Z 530/663 Test #530: ScenarioLoaderTest.PerAgentSeedInRealWorldIsRejected ....................................   Passed    0.00 sec
2026-07-20T11:19:53.5786144Z         Start 531: ScenarioLoaderTest.TemplateMustDeclareAnIntent
2026-07-20T11:19:53.5817813Z 531/663 Test #531: ScenarioLoaderTest.TemplateMustDeclareAnIntent ..........................................   Passed    0.00 sec
2026-07-20T11:19:53.5818793Z         Start 532: ScenarioLoaderTest.UseTemplateWithMismatchedIntentIsRejected
2026-07-20T11:19:53.5852969Z 532/663 Test #532: ScenarioLoaderTest.UseTemplateWithMismatchedIntentIsRejected ............................   Passed    0.00 sec
2026-07-20T11:19:53.5853793Z         Start 533: ScenarioLoaderTest.UseTemplateInheritsIntentWhenAgentDeclaresNone
2026-07-20T11:19:53.5886381Z 533/663 Test #533: ScenarioLoaderTest.UseTemplateInheritsIntentWhenAgentDeclaresNone .......................   Passed    0.00 sec
2026-07-20T11:19:53.5888720Z         Start 534: ScenarioLoaderTest.PropagationRuleTargetUnknownAgentThrows
2026-07-20T11:19:53.5921182Z 534/663 Test #534: ScenarioLoaderTest.PropagationRuleTargetUnknownAgentThrows ..............................   Passed    0.00 sec
2026-07-20T11:19:53.5922224Z         Start 535: ScenarioLoaderTest.PropagationRuleValidTargetDoesNotThrow
2026-07-20T11:19:53.5954924Z 535/663 Test #535: ScenarioLoaderTest.PropagationRuleValidTargetDoesNotThrow ...............................   Passed    0.00 sec
2026-07-20T11:19:53.5955892Z         Start 536: ScenarioLoaderTest.AgentDependencyUnknownAgentThrows
2026-07-20T11:19:53.5992351Z 536/663 Test #536: ScenarioLoaderTest.AgentDependencyUnknownAgentThrows ....................................   Passed    0.00 sec
2026-07-20T11:19:53.5993245Z         Start 537: ScenarioLoaderTest.AgentDependencyValidAgentDoesNotThrow
2026-07-20T11:19:53.6024456Z 537/663 Test #537: ScenarioLoaderTest.AgentDependencyValidAgentDoesNotThrow ................................   Passed    0.00 sec
2026-07-20T11:19:53.6024948Z         Start 538: ScenarioLoaderTest.UnrecognizedAgentKeyProducesWarning
2026-07-20T11:19:53.6055297Z 538/663 Test #538: ScenarioLoaderTest.UnrecognizedAgentKeyProducesWarning ..................................   Passed    0.00 sec
2026-07-20T11:19:53.6055948Z         Start 539: ScenarioLoaderTest.SeedWithRealClockAndBusinessHoursThrows
2026-07-20T11:19:53.6089159Z 539/663 Test #539: ScenarioLoaderTest.SeedWithRealClockAndBusinessHoursThrows ..............................   Passed    0.00 sec
2026-07-20T11:19:53.6090339Z         Start 540: ScenarioLoaderTest.SeedWithLocalTimezoneThrows
2026-07-20T11:19:53.6122772Z 540/663 Test #540: ScenarioLoaderTest.SeedWithLocalTimezoneThrows ..........................................   Passed    0.00 sec
2026-07-20T11:19:53.6123941Z         Start 541: ScenarioLoaderTest.RealModeBusinessHoursRateModulationDoesNotThrow
2026-07-20T11:19:53.6160971Z 541/663 Test #541: ScenarioLoaderTest.RealModeBusinessHoursRateModulationDoesNotThrow ......................   Passed    0.00 sec
2026-07-20T11:19:53.6168011Z         Start 542: ScenarioLoaderTest.DeterministicScenarioDeclinesBusinessHoursRateModulation
2026-07-20T11:19:53.6190661Z 542/663 Test #542: ScenarioLoaderTest.DeterministicScenarioDeclinesBusinessHoursRateModulation .............   Passed    0.00 sec
2026-07-20T11:19:53.6191740Z         Start 543: ScenarioLoaderTest.NoSeedWithRealClockAndBusinessHoursDoesNotThrow
2026-07-20T11:19:53.6225759Z 543/663 Test #543: ScenarioLoaderTest.NoSeedWithRealClockAndBusinessHoursDoesNotThrow ......................   Passed    0.00 sec
2026-07-20T11:19:53.6226874Z         Start 544: AutoDeterminismLoaderTest.SeedOnlyAutoPromotesClockToVirtual
2026-07-20T11:19:53.6258438Z 544/663 Test #544: AutoDeterminismLoaderTest.SeedOnlyAutoPromotesClockToVirtual ............................   Passed    0.00 sec
2026-07-20T11:19:53.6260849Z         Start 545: AutoDeterminismLoaderTest.SeedOnlyAutoPromotesPipelineToBlock
2026-07-20T11:19:53.6290810Z 545/663 Test #545: AutoDeterminismLoaderTest.SeedOnlyAutoPromotesPipelineToBlock ...........................   Passed    0.00 sec
2026-07-20T11:19:53.6291995Z         Start 546: AutoDeterminismLoaderTest.PipelineBlockWithoutBackpressureForcesBlock
2026-07-20T11:19:53.6332633Z 546/663 Test #546: AutoDeterminismLoaderTest.PipelineBlockWithoutBackpressureForcesBlock ...................   Passed    0.00 sec
2026-07-20T11:19:53.6336828Z         Start 547: AutoDeterminismLoaderTest.SeededExplicitDropBackpressureIsRejected
2026-07-20T11:19:53.6392318Z 547/663 Test #547: AutoDeterminismLoaderTest.SeededExplicitDropBackpressureIsRejected ......................   Passed    0.01 sec
2026-07-20T11:19:53.6393393Z         Start 548: AutoDeterminismLoaderTest.UnseededScenariosKeepProductionDefaults
2026-07-20T11:19:53.6424746Z 548/663 Test #548: AutoDeterminismLoaderTest.UnseededScenariosKeepProductionDefaults .......................   Passed    0.00 sec
2026-07-20T11:19:53.6426865Z         Start 549: DslBuildAxis.AnEdgelessBuildAxisIsTheOneCoordinateHistory
2026-07-20T11:19:53.6461277Z 549/663 Test #549: DslBuildAxis.AnEdgelessBuildAxisIsTheOneCoordinateHistory ...............................   Passed    0.00 sec
2026-07-20T11:19:53.6462400Z         Start 550: DslBuildAxis.AMaterializedCoordinateCarriesNoAxis
2026-07-20T11:19:53.6519259Z 550/663 Test #550: DslBuildAxis.AMaterializedCoordinateCarriesNoAxis .......................................   Passed    0.01 sec
2026-07-20T11:19:53.6520413Z         Start 551: DslBuildAxis.RemoveVanishesExactlyItsQuantumAndTheEdgeRewiresTheChain
2026-07-20T11:19:53.6560947Z 551/663 Test #551: DslBuildAxis.RemoveVanishesExactlyItsQuantumAndTheEdgeRewiresTheChain ...................   Passed    0.00 sec
2026-07-20T11:19:53.6562088Z         Start 552: DslBuildAxis.RemovingAStepWithoutRewiringItsSuccessorIsRejected
2026-07-20T11:19:53.6599094Z 552/663 Test #552: DslBuildAxis.RemovingAStepWithoutRewiringItsSuccessorIsRejected .........................   Passed    0.00 sec
2026-07-20T11:19:53.6600043Z         Start 553: DslBuildAxis.UpsertCreatesAQuantumAtTheChainPositionItDeclares
2026-07-20T11:19:53.6633741Z 553/663 Test #553: DslBuildAxis.UpsertCreatesAQuantumAtTheChainPositionItDeclares ..........................   Passed    0.00 sec
2026-07-20T11:19:53.6634786Z         Start 554: DslBuildAxis.TheChainNotTheDeclarationOrderDecidesTheDocumentOrder
2026-07-20T11:19:53.6668233Z 554/663 Test #554: DslBuildAxis.TheChainNotTheDeclarationOrderDecidesTheDocumentOrder ......................   Passed    0.00 sec
2026-07-20T11:19:53.6669294Z         Start 555: DslBuildAxis.UpsertAtALeafRewordsTheQuantumWithoutTouchingItsIdentity
2026-07-20T11:19:53.6718304Z 555/663 Test #555: DslBuildAxis.UpsertAtALeafRewordsTheQuantumWithoutTouchingItsIdentity ...................   Passed    0.00 sec
2026-07-20T11:19:53.6719348Z         Start 556: DslBuildAxis.UpsertBindsTheErrorRateOfTheFailingStep
2026-07-20T11:19:53.6753369Z 556/663 Test #556: DslBuildAxis.UpsertBindsTheErrorRateOfTheFailingStep ....................................   Passed    0.00 sec
2026-07-20T11:19:53.6754435Z         Start 557: DslBuildAxis.EdgesFoldOntoTheirPredecessorNotOntoTheBase
2026-07-20T11:19:53.6794569Z 557/663 Test #557: DslBuildAxis.EdgesFoldOntoTheirPredecessorNotOntoTheBase ................................   Passed    0.00 sec
2026-07-20T11:19:53.6795580Z         Start 558: DslBuildAxis.MaterializingPastTheAxisIsRejected
2026-07-20T11:19:53.6828926Z 558/663 Test #558: DslBuildAxis.MaterializingPastTheAxisIsRejected .........................................   Passed    0.00 sec
2026-07-20T11:19:53.6829873Z         Start 559: DslBuildAxis.ACoordinateOfTheWrongAxisIsRejected
2026-07-20T11:19:53.6864190Z 559/663 Test #559: DslBuildAxis.ACoordinateOfTheWrongAxisIsRejected ........................................   Passed    0.00 sec
2026-07-20T11:19:53.6865132Z         Start 560: DslBuildAxis.ATimeAxisNestedUnderTheBuildAxisIsRejected
2026-07-20T11:19:53.6897634Z 560/663 Test #560: DslBuildAxis.ATimeAxisNestedUnderTheBuildAxisIsRejected .................................   Passed    0.00 sec
2026-07-20T11:19:53.6898724Z         Start 561: DslBuildAxis.IncidentsAreRejectedInTheCiWorld
2026-07-20T11:19:53.6933618Z 561/663 Test #561: DslBuildAxis.IncidentsAreRejectedInTheCiWorld ...........................................   Passed    0.00 sec
2026-07-20T11:19:53.6934251Z         Start 562: DslBuildAxis.TheStepChainIsRejectedOutsideTheCiWorld
2026-07-20T11:19:53.6970034Z 562/663 Test #562: DslBuildAxis.TheStepChainIsRejectedOutsideTheCiWorld ....................................   Passed    0.00 sec
2026-07-20T11:19:53.6971127Z         Start 563: DslBuildAxis.TwoInterventionalAxesAreRejectedAsTheReservedTower
2026-07-20T11:19:53.7003679Z 563/663 Test #563: DslBuildAxis.TwoInterventionalAxesAreRejectedAsTheReservedTower .........................   Passed    0.00 sec
2026-07-20T11:19:53.7004688Z         Start 564: DslBuildAxis.AForkedChainIsRejected
2026-07-20T11:19:53.7040490Z 564/663 Test #564: DslBuildAxis.AForkedChainIsRejected .....................................................   Passed    0.00 sec
2026-07-20T11:19:53.7042571Z         Start 565: DslBuildAxis.AChainWithNoHeadIsRejected
2026-07-20T11:19:53.7075682Z 565/663 Test #565: DslBuildAxis.AChainWithNoHeadIsRejected .................................................   Passed    0.00 sec
2026-07-20T11:19:53.7076899Z         Start 566: DslBuildAxis.TwoHeadsAreRejected
2026-07-20T11:19:53.7111580Z 566/663 Test #566: DslBuildAxis.TwoHeadsAreRejected ........................................................   Passed    0.00 sec
2026-07-20T11:19:53.7112616Z         Start 567: DslBuildAxis.ASelfLoopIsRejected
2026-07-20T11:19:53.7146216Z 567/663 Test #567: DslBuildAxis.ASelfLoopIsRejected ........................................................   Passed    0.00 sec
2026-07-20T11:19:53.7147173Z         Start 568: DslBuildAxis.RemovingAnUnknownQuantumIsRejected
2026-07-20T11:19:53.7181955Z 568/663 Test #568: DslBuildAxis.RemovingAnUnknownQuantumIsRejected .........................................   Passed    0.00 sec
2026-07-20T11:19:53.7182966Z         Start 569: DslBuildAxis.AnEdgeIncoherentAtItsOwnCoordinateIsRejectedAtLoad
2026-07-20T11:19:53.7217502Z 569/663 Test #569: DslBuildAxis.AnEdgeIncoherentAtItsOwnCoordinateIsRejectedAtLoad .........................   Passed    0.00 sec
2026-07-20T11:19:53.7218495Z         Start 570: DslBuildAxis.AnOrdinalEdgeDeclaringANameIsRejected
2026-07-20T11:19:53.7251952Z 570/663 Test #570: DslBuildAxis.AnOrdinalEdgeDeclaringANameIsRejected ......................................   Passed    0.00 sec
2026-07-20T11:19:53.7253015Z         Start 571: DslBuildAxis.AnUnknownKeyOnAnEdgeIsRejected
2026-07-20T11:19:53.7286839Z 571/663 Test #571: DslBuildAxis.AnUnknownKeyOnAnEdgeIsRejected .............................................   Passed    0.00 sec
2026-07-20T11:19:53.7287687Z         Start 572: DslBuildAxis.AnEdgeThatDeclaresNoOperationIsRejected
2026-07-20T11:19:53.7321734Z 572/663 Test #572: DslBuildAxis.AnEdgeThatDeclaresNoOperationIsRejected ....................................   Passed    0.00 sec
2026-07-20T11:19:53.7322931Z         Start 573: DslBuildAxis.EdgesMustBeASequence
2026-07-20T11:19:53.7355883Z 573/663 Test #573: DslBuildAxis.EdgesMustBeASequence .......................................................   Passed    0.00 sec
2026-07-20T11:19:53.7356951Z         Start 574: DslBuildAxis.DeclaringTheAxisIsACountedCapability
2026-07-20T11:19:53.7400160Z 574/663 Test #574: DslBuildAxis.DeclaringTheAxisIsACountedCapability .......................................   Passed    0.00 sec
2026-07-20T11:19:53.7401166Z         Start 575: ComputeCapabilitiesTest.MinimalScenario_ScenarioNameAlwaysPresent
2026-07-20T11:19:53.7433049Z 575/663 Test #575: ComputeCapabilitiesTest.MinimalScenario_ScenarioNameAlwaysPresent .......................   Passed    0.00 sec
2026-07-20T11:19:53.7433975Z         Start 576: ComputeCapabilitiesTest.SeedAndDuration_Detected
2026-07-20T11:19:53.7466815Z 576/663 Test #576: ComputeCapabilitiesTest.SeedAndDuration_Detected ........................................   Passed    0.00 sec
2026-07-20T11:19:53.7467749Z         Start 577: ComputeCapabilitiesTest.NoSeedNoDuration_Absent
2026-07-20T11:19:53.7499137Z 577/663 Test #577: ComputeCapabilitiesTest.NoSeedNoDuration_Absent .........................................   Passed    0.00 sec
2026-07-20T11:19:53.7499821Z         Start 578: ComputeCapabilitiesTest.AgentBasicCountMatchesExpandedAgents
2026-07-20T11:19:53.7532404Z 578/663 Test #578: ComputeCapabilitiesTest.AgentBasicCountMatchesExpandedAgents ............................   Passed    0.00 sec
2026-07-20T11:19:53.7533485Z         Start 579: ComputeCapabilitiesTest.HttpSink_CountedPerSink
2026-07-20T11:19:53.7566498Z 579/663 Test #579: ComputeCapabilitiesTest.HttpSink_CountedPerSink .........................................   Passed    0.00 sec
2026-07-20T11:19:53.7567278Z         Start 580: ComputeCapabilitiesTest.DisabledSinks_AllDetected
2026-07-20T11:19:53.7600873Z 580/663 Test #580: ComputeCapabilitiesTest.DisabledSinks_AllDetected .......................................   Passed    0.00 sec
2026-07-20T11:19:53.7601870Z         Start 581: ComputeCapabilitiesTest.ReplayBlock_Detected
2026-07-20T11:19:53.7633864Z 581/663 Test #581: ComputeCapabilitiesTest.ReplayBlock_Detected ............................................   Passed    0.00 sec
2026-07-20T11:19:53.7634612Z         Start 582: ComputeCapabilitiesTest.NoReplayBlock_Absent
2026-07-20T11:19:53.7669169Z 582/663 Test #582: ComputeCapabilitiesTest.NoReplayBlock_Absent ............................................   Passed    0.00 sec
2026-07-20T11:19:53.7670169Z         Start 583: ComputeCapabilitiesTest.AgentOutputRouting_Detected
2026-07-20T11:19:53.7702330Z 583/663 Test #583: ComputeCapabilitiesTest.AgentOutputRouting_Detected .....................................   Passed    0.00 sec
2026-07-20T11:19:53.7703152Z         Start 584: ComputeCapabilitiesTest.NoAgentOutputRouting_Absent
2026-07-20T11:19:53.7734864Z 584/663 Test #584: ComputeCapabilitiesTest.NoAgentOutputRouting_Absent .....................................   Passed    0.00 sec
2026-07-20T11:19:53.7735729Z         Start 585: ComputeCapabilitiesTest.AutoCascade_Detected
2026-07-20T11:19:53.7767930Z 585/663 Test #585: ComputeCapabilitiesTest.AutoCascade_Detected ............................................   Passed    0.00 sec
2026-07-20T11:19:53.7769000Z         Start 586: ComputeCapabilitiesTest.FieldGenerators_EachTypeDetected
2026-07-20T11:19:53.7801975Z 586/663 Test #586: ComputeCapabilitiesTest.FieldGenerators_EachTypeDetected ................................   Passed    0.00 sec
2026-07-20T11:19:53.7802984Z         Start 587: ComputeCapabilitiesTest.FieldGenerators_CountAccumulates
2026-07-20T11:19:53.7834609Z 587/663 Test #587: ComputeCapabilitiesTest.FieldGenerators_CountAccumulates ................................   Passed    0.00 sec
2026-07-20T11:19:53.7835436Z         Start 588: ComputeCapabilitiesTest.Personas_CountMatches
2026-07-20T11:19:53.7871512Z 588/663 Test #588: ComputeCapabilitiesTest.Personas_CountMatches ...........................................   Passed    0.00 sec
2026-07-20T11:19:53.7872353Z         Start 589: DslCausalAxis.AxisLessScenarioIsTheDegenerateOneElementAxis
2026-07-20T11:19:53.7911563Z 589/663 Test #589: DslCausalAxis.AxisLessScenarioIsTheDegenerateOneElementAxis .............................   Passed    0.00 sec
2026-07-20T11:19:53.7912537Z         Start 590: DslCausalAxis.BaseLoadKeepsTheDeclarationInfoAndParsesTheBaseWorld
2026-07-20T11:19:53.7951077Z 590/663 Test #590: DslCausalAxis.BaseLoadKeepsTheDeclarationInfoAndParsesTheBaseWorld ......................   Passed    0.00 sec
2026-07-20T11:19:53.7952106Z         Start 591: DslCausalAxis.ExplicitPositionLoadReturnsAPlainScenario
2026-07-20T11:19:53.7991153Z 591/663 Test #591: DslCausalAxis.ExplicitPositionLoadReturnsAPlainScenario .................................   Passed    0.00 sec
2026-07-20T11:19:53.7991634Z         Start 592: DslCausalAxis.OutOfRangeCoordinateIsRejectedWithTheArity
2026-07-20T11:19:53.8031766Z 592/663 Test #592: DslCausalAxis.OutOfRangeCoordinateIsRejectedWithTheArity ................................   Passed    0.00 sec
2026-07-20T11:19:53.8032807Z         Start 593: DslCausalAxis.RemoveVanishesExactlyTheNamedIncident
2026-07-20T11:19:53.8073110Z 593/663 Test #593: DslCausalAxis.RemoveVanishesExactlyTheNamedIncident .....................................   Passed    0.00 sec
2026-07-20T11:19:53.8074137Z         Start 594: DslCausalAxis.RemoveKeepsTheEmptyKeySoALaterEdgeCanRestore
2026-07-20T11:19:53.8107972Z 594/663 Test #594: DslCausalAxis.RemoveKeepsTheEmptyKeySoALaterEdgeCanRestore ..............................   Passed    0.00 sec
2026-07-20T11:19:53.8108851Z         Start 595: DslCausalAxis.UpsertReplacesTheWholeNamedElement
2026-07-20T11:19:53.8143368Z 595/663 Test #595: DslCausalAxis.UpsertReplacesTheWholeNamedElement ........................................   Passed    0.00 sec
2026-07-20T11:19:53.8144283Z         Start 596: DslCausalAxis.UpsertCreatesAMissingElement
2026-07-20T11:19:53.8178857Z 596/663 Test #596: DslCausalAxis.UpsertCreatesAMissingElement ..............................................   Passed    0.00 sec
2026-07-20T11:19:53.8184911Z         Start 597: DslCausalAxis.UpsertAtALeafIsTheOneKnobTweak
2026-07-20T11:19:53.8220053Z 597/663 Test #597: DslCausalAxis.UpsertAtALeafIsTheOneKnobTweak ............................................   Passed    0.00 sec
2026-07-20T11:19:53.8221889Z         Start 598: DslCausalAxis.TimeAxisAtRootAndUnderTheAxisIsRejected
2026-07-20T11:19:53.8256767Z 598/663 Test #598: DslCausalAxis.TimeAxisAtRootAndUnderTheAxisIsRejected ...................................   Passed    0.00 sec
2026-07-20T11:19:53.8257727Z         Start 599: DslCausalAxis.StructuralMisdeclarationsAreRejected
2026-07-20T11:19:53.8301062Z 599/663 Test #599: DslCausalAxis.StructuralMisdeclarationsAreRejected ......................................   Passed    0.00 sec
2026-07-20T11:19:53.8301787Z         Start 600: DslCausalAxis.PathMisdeclarationsAreRejected
2026-07-20T11:19:53.8341829Z 600/663 Test #600: DslCausalAxis.PathMisdeclarationsAreRejected ............................................   Passed    0.00 sec
2026-07-20T11:19:53.8342469Z         Start 601: DslCausalAxis.TheAxisIsDeterministicWorldOnly
2026-07-20T11:19:53.8375095Z 601/663 Test #601: DslCausalAxis.TheAxisIsDeterministicWorldOnly ...........................................   Passed    0.00 sec
2026-07-20T11:19:53.8375999Z         Start 602: DslCausalAxis.UnknownDocumentRootIsRejected
2026-07-20T11:19:53.8409016Z 602/663 Test #602: DslCausalAxis.UnknownDocumentRootIsRejected .............................................   Passed    0.00 sec
2026-07-20T11:19:53.8409674Z         Start 603: DslCausalAxis.BundledContractScenarioRootIsIgnored
2026-07-20T11:19:53.8444145Z 603/663 Test #603: DslCausalAxis.BundledContractScenarioRootIsIgnored ......................................   Passed    0.00 sec
2026-07-20T11:19:53.8445135Z         Start 604: FlowDslTest.ParsesFlowStatesAndTransitions
2026-07-20T11:19:53.8478700Z 604/663 Test #604: FlowDslTest.ParsesFlowStatesAndTransitions ..............................................   Passed    0.00 sec
2026-07-20T11:19:53.8479508Z         Start 605: FlowDslTest.UnknownFlowKeyWarns
2026-07-20T11:19:53.8512579Z 605/663 Test #605: FlowDslTest.UnknownFlowKeyWarns .........................................................   Passed    0.00 sec
2026-07-20T11:19:53.8513622Z         Start 606: FlowDslTest.TransitionToUnknownStateThrows
2026-07-20T11:19:53.8546701Z 606/663 Test #606: FlowDslTest.TransitionToUnknownStateThrows ..............................................   Passed    0.00 sec
2026-07-20T11:19:53.8547450Z         Start 607: FlowDslTest.StateWithUnknownAgentThrows
2026-07-20T11:19:53.8580650Z 607/663 Test #607: FlowDslTest.StateWithUnknownAgentThrows .................................................   Passed    0.00 sec
2026-07-20T11:19:53.8581566Z         Start 608: FlowDslTest.StartReferencingUnknownStateThrows
2026-07-20T11:19:53.8615056Z 608/663 Test #608: FlowDslTest.StartReferencingUnknownStateThrows ..........................................   Passed    0.00 sec
2026-07-20T11:19:53.8615853Z         Start 609: FlowDslTest.ParsesExplicitMaxSteps
2026-07-20T11:19:53.8648661Z 609/663 Test #609: FlowDslTest.ParsesExplicitMaxSteps ......................................................   Passed    0.00 sec
2026-07-20T11:19:53.8649461Z         Start 610: FlowDslTest.MaxStepsZeroThrows
2026-07-20T11:19:53.8682848Z 610/663 Test #610: FlowDslTest.MaxStepsZeroThrows ..........................................................   Passed    0.00 sec
2026-07-20T11:19:53.8683910Z         Start 611: DslIntentAxis.ScalarFormIsTheGenericWorldAndKeepsTheFluxRate
2026-07-20T11:19:53.8723658Z 611/663 Test #611: DslIntentAxis.ScalarFormIsTheGenericWorldAndKeepsTheFluxRate ............................   Passed    0.00 sec
2026-07-20T11:19:53.8724515Z         Start 612: DslIntentAxis.StructuralQuantumFallsBackSilent
2026-07-20T11:19:53.8757677Z 612/663 Test #612: DslIntentAxis.StructuralQuantumFallsBackSilent ..........................................   Passed    0.00 sec
2026-07-20T11:19:53.8758638Z         Start 613: DslIntentAxis.MappingFormCarriesAnOptionalLibraryName
2026-07-20T11:19:53.8793255Z 613/663 Test #613: DslIntentAxis.MappingFormCarriesAnOptionalLibraryName ...................................   Passed    0.00 sec
2026-07-20T11:19:53.8794384Z         Start 614: DslIntentAxis.AgentScopeTypeIsHardRejected
2026-07-20T11:19:53.8829168Z 614/663 Test #614: DslIntentAxis.AgentScopeTypeIsHardRejected ..............................................   Passed    0.00 sec
2026-07-20T11:19:53.8830135Z         Start 615: DslIntentAxis.KindNoneInTheMappingFormIsRejected
2026-07-20T11:19:53.8863075Z 615/663 Test #615: DslIntentAxis.KindNoneInTheMappingFormIsRejected ........................................   Passed    0.00 sec
2026-07-20T11:19:53.8863901Z         Start 616: DslIntentAxis.UnknownKindIsRejectedNotCoercedToStep
2026-07-20T11:19:53.8897307Z 616/663 Test #616: DslIntentAxis.UnknownKindIsRejectedNotCoercedToStep .....................................   Passed    0.00 sec
2026-07-20T11:19:53.8897840Z         Start 617: DslIntentAxis.MappingFormWithoutKindIsRejected
2026-07-20T11:19:53.8933420Z 617/663 Test #617: DslIntentAxis.MappingFormWithoutKindIsRejected ..........................................   Passed    0.00 sec
2026-07-20T11:19:53.8934342Z         Start 618: DslIntentAxis.KindIsCaseInsensitive
2026-07-20T11:19:53.8967244Z 618/663 Test #618: DslIntentAxis.KindIsCaseInsensitive .....................................................   Passed    0.00 sec
2026-07-20T11:19:53.8968008Z         Start 619: DslIntentAxis.AbsentIntentIsTheUnnamedGenericWorld
2026-07-20T11:19:53.8999738Z 619/663 Test #619: DslIntentAxis.AbsentIntentIsTheUnnamedGenericWorld ......................................   Passed    0.00 sec
2026-07-20T11:19:53.9000596Z         Start 620: FieldValueTypeDerivation.EachGeneratorKindDerivesItsDeclaredType
2026-07-20T11:19:53.9030252Z 620/663 Test #620: FieldValueTypeDerivation.EachGeneratorKindDerivesItsDeclaredType ........................   Passed    0.00 sec
2026-07-20T11:19:53.9031038Z         Start 621: FieldValueTypeDerivation.ConditionalJoinsToStringWhenBranchesDisagree
2026-07-20T11:19:53.9063924Z 621/663 Test #621: FieldValueTypeDerivation.ConditionalJoinsToStringWhenBranchesDisagree ...................   Passed    0.00 sec
2026-07-20T11:19:53.9065232Z         Start 622: FieldValueTypeDerivation.GeneratorResolvesItsTypeOnceAndNeverPerDraw
2026-07-20T11:19:53.9096220Z 622/663 Test #622: FieldValueTypeDerivation.GeneratorResolvesItsTypeOnceAndNeverPerDraw ....................   Passed    0.00 sec
2026-07-20T11:19:53.9098131Z         Start 623: FieldValueTypeDerivation.ReservedEnvelopeKeyFailsClosedAtLoad
2026-07-20T11:19:53.9132805Z 623/663 Test #623: FieldValueTypeDerivation.ReservedEnvelopeKeyFailsClosedAtLoad ...........................   Passed    0.00 sec
2026-07-20T11:19:53.9133442Z         Start 624: FieldValueTypeDerivation.OrdinaryFieldNamesStillLoad
2026-07-20T11:19:53.9165789Z 624/663 Test #624: FieldValueTypeDerivation.OrdinaryFieldNamesStillLoad ....................................   Passed    0.00 sec
2026-07-20T11:19:53.9166659Z         Start 625: LoaderLimitsTest.RejectsOversizedPayload
2026-07-20T11:19:53.9200213Z 625/663 Test #625: LoaderLimitsTest.RejectsOversizedPayload ................................................   Passed    0.00 sec
2026-07-20T11:19:53.9200628Z         Start 626: LoaderLimitsTest.RejectsExcessiveNesting
2026-07-20T11:19:53.9232888Z 626/663 Test #626: LoaderLimitsTest.RejectsExcessiveNesting ................................................   Passed    0.00 sec
2026-07-20T11:19:53.9237058Z         Start 627: LoaderLimitsTest.AcceptsPayloadInsideLimits
2026-07-20T11:19:53.9264992Z 627/663 Test #627: LoaderLimitsTest.AcceptsPayloadInsideLimits .............................................   Passed    0.00 sec
2026-07-20T11:19:53.9265976Z         Start 628: SmfRecording.JsonlAndSmfEncodeSameRecordsAndReplayIdentically
2026-07-20T11:19:53.9309047Z 628/663 Test #628: SmfRecording.JsonlAndSmfEncodeSameRecordsAndReplayIdentically ...........................   Passed    0.00 sec
2026-07-20T11:19:53.9309987Z         Start 629: SmfRecording.DefaultRecordingFormatIsJsonl
2026-07-20T11:19:53.9343052Z 629/663 Test #629: SmfRecording.DefaultRecordingFormatIsJsonl ..............................................   Passed    0.00 sec
2026-07-20T11:19:53.9343978Z         Start 630: SmfV0.RoundTripsByteIdenticalAndValueEqual
2026-07-20T11:19:53.9374191Z 630/663 Test #630: SmfV0.RoundTripsByteIdenticalAndValueEqual ..............................................   Passed    0.00 sec
2026-07-20T11:19:53.9374904Z         Start 631: SmfV0.ChainDetectsSingleByteCorruptionAtEveryOffset
2026-07-20T11:19:53.9422374Z 631/663 Test #631: SmfV0.ChainDetectsSingleByteCorruptionAtEveryOffset .....................................   Passed    0.00 sec
2026-07-20T11:19:53.9423308Z         Start 632: SmfV0.ManifestCanonicalFormIsStableGolden
2026-07-20T11:19:53.9452250Z 632/663 Test #632: SmfV0.ManifestCanonicalFormIsStableGolden ...............................................   Passed    0.00 sec
2026-07-20T11:19:53.9453217Z         Start 633: SmfV0.ManifestJsonRoundTripsIncludingEscapesAndEmptyRoster
2026-07-20T11:19:53.9482356Z 633/663 Test #633: SmfV0.ManifestJsonRoundTripsIncludingEscapesAndEmptyRoster ..............................   Passed    0.00 sec
2026-07-20T11:19:53.9483125Z         Start 634: SmfV0.EmptyEpochDocumentRoundTrips
2026-07-20T11:19:53.9512760Z 634/663 Test #634: SmfV0.EmptyEpochDocumentRoundTrips ......................................................   Passed    0.00 sec
2026-07-20T11:19:53.9513383Z         Start 635: SmfV0.CheckpointIndexHonorsInterval
2026-07-20T11:19:53.9549331Z 635/663 Test #635: SmfV0.CheckpointIndexHonorsInterval .....................................................   Passed    0.00 sec
2026-07-20T11:19:53.9549792Z         Start 636: SmfV0.RejectsStructuralDamageWithSpecificErrors
2026-07-20T11:19:53.9579258Z 636/663 Test #636: SmfV0.RejectsStructuralDamageWithSpecificErrors .........................................   Passed    0.00 sec
2026-07-20T11:19:53.9579923Z         Start 637: SmfV0.NonCanonicalManifestIsRejected
2026-07-20T11:19:53.9609656Z 637/663 Test #637: SmfV0.NonCanonicalManifestIsRejected ....................................................   Passed    0.00 sec
2026-07-20T11:19:53.9610412Z         Start 638: ShmTimelineView.DataFrameCountStable
2026-07-20T11:19:54.2433663Z 638/663 Test #638: ShmTimelineView.DataFrameCountStable ....................................................   Passed    0.28 sec
2026-07-20T11:19:54.2434208Z         Start 639: ShmTimelineView.PerShardStreamIsBitIdentical
2026-07-20T11:19:54.5220254Z 639/663 Test #639: ShmTimelineView.PerShardStreamIsBitIdentical ............................................   Passed    0.28 sec
2026-07-20T11:19:54.5224502Z         Start 640: ShmTimelineView.WindowSealSetIsDeterministic
2026-07-20T11:19:54.8118115Z 640/663 Test #640: ShmTimelineView.WindowSealSetIsDeterministic ............................................   Passed    0.29 sec
2026-07-20T11:19:54.8118958Z         Start 641: ShmTimelineView.DataPrecedesSealPerShardUnderBackpressure
2026-07-20T11:19:54.8660629Z 641/663 Test #641: ShmTimelineView.DataPrecedesSealPerShardUnderBackpressure ...............................   Passed    0.05 sec
2026-07-20T11:19:54.8661546Z         Start 642: EngineShmReplay.MatchesViewBytesAndIsDeterministic
2026-07-20T11:19:55.2898257Z 642/663 Test #642: EngineShmReplay.MatchesViewBytesAndIsDeterministic ......................................   Passed    0.42 sec
2026-07-20T11:19:55.2898828Z         Start 643: V2ParallelUnfold.BitIdenticalAcrossWorkerCounts
2026-07-20T11:19:55.3002701Z 643/663 Test #643: V2ParallelUnfold.BitIdenticalAcrossWorkerCounts .........................................   Passed    0.01 sec
2026-07-20T11:19:55.3003216Z         Start 644: V2Checkpoint.ResumeFromEveryCheckpointBitIdentical
2026-07-20T11:19:55.3123842Z 644/663 Test #644: V2Checkpoint.ResumeFromEveryCheckpointBitIdentical ......................................   Passed    0.01 sec
2026-07-20T11:19:55.3124621Z         Start 645: V2Checkpoint.EvictionRoundTripReReadsIdentical
2026-07-20T11:19:55.3386386Z 645/663 Test #645: V2Checkpoint.EvictionRoundTripReReadsIdentical ..........................................   Passed    0.03 sec
2026-07-20T11:19:55.3387252Z         Start 646: V2Flow.MaxConcurrentIsDeterministicAndBounded
2026-07-20T11:19:55.3428118Z 646/663 Test #646: V2Flow.MaxConcurrentIsDeterministicAndBounded ...........................................   Passed    0.00 sec
2026-07-20T11:19:55.3428880Z         Start 647: V2EpochDuration.EpochGridIsAMaterializationGrainNotEventTime
2026-07-20T11:19:55.3525413Z 647/663 Test #647: V2EpochDuration.EpochGridIsAMaterializationGrainNotEventTime ............................   Passed    0.01 sec
2026-07-20T11:19:55.3525888Z         Start 648: TimelineCursor.ScrubReStreamIsByteIdentical
2026-07-20T11:19:55.3598675Z 648/663 Test #648: TimelineCursor.ScrubReStreamIsByteIdentical .............................................   Passed    0.01 sec
2026-07-20T11:19:55.3599178Z         Start 649: TimelineCursor.StepBackAcrossEpochsReUnfolds
2026-07-20T11:19:55.3675808Z 649/663 Test #649: TimelineCursor.StepBackAcrossEpochsReUnfolds ............................................   Passed    0.01 sec
2026-07-20T11:19:55.3676512Z         Start 650: TimelineCursor.PlaySpeedAndPauseDoNotAlterContent
2026-07-20T11:19:55.5000986Z 650/663 Test #650: TimelineCursor.PlaySpeedAndPauseDoNotAlterContent .......................................   Passed    0.13 sec
2026-07-20T11:19:55.5001721Z         Start 651: TimelineCursor.FrontierCallbackFiresOncePerEpochBoundary
2026-07-20T11:19:55.5202941Z 651/663 Test #651: TimelineCursor.FrontierCallbackFiresOncePerEpochBoundary ................................   Passed    0.02 sec
2026-07-20T11:19:55.5203626Z         Start 652: TimelineCursor.SubEpochTargetEmitsExactPrefix
2026-07-20T11:19:55.5275384Z 652/663 Test #652: TimelineCursor.SubEpochTargetEmitsExactPrefix ...........................................   Passed    0.01 sec
2026-07-20T11:19:55.5275855Z         Start 653: TimelineMetadata.PhaseTimelineIsPureGeometry
2026-07-20T11:19:55.5318935Z 653/663 Test #653: TimelineMetadata.PhaseTimelineIsPureGeometry ............................................   Passed    0.00 sec
2026-07-20T11:19:55.5319699Z         Start 654: TimelineMetadata.OffsetIncidentHistory
2026-07-20T11:19:55.5352031Z 654/663 Test #654: TimelineMetadata.OffsetIncidentHistory ..................................................   Passed    0.00 sec
2026-07-20T11:19:55.5352514Z         Start 655: TimelineMetadata.ProbabilityIncidentIsPositional
2026-07-20T11:19:55.5384327Z 655/663 Test #655: TimelineMetadata.ProbabilityIncidentIsPositional ........................................   Passed    0.00 sec
2026-07-20T11:19:55.5384775Z         Start 656: TimelineMetadata.EpochGranularVisibility
2026-07-20T11:19:55.5416203Z 656/663 Test #656: TimelineMetadata.EpochGranularVisibility ................................................   Passed    0.00 sec
2026-07-20T11:19:55.5416615Z         Start 657: TimelineMetadata.HistoryWindowCap
2026-07-20T11:19:55.5450139Z 657/663 Test #657: TimelineMetadata.HistoryWindowCap .......................................................   Passed    0.00 sec
2026-07-20T11:19:55.5451138Z         Start 658: TimelineMetadata.MetadataIsDeterministic
2026-07-20T11:19:55.5485869Z 658/663 Test #658: TimelineMetadata.MetadataIsDeterministic ................................................   Passed    0.00 sec
2026-07-20T11:19:55.5486651Z         Start 659: TimelineUnfolder.TwoIndependentUnfoldsAreByteIdentical
2026-07-20T11:19:55.5527632Z 659/663 Test #659: TimelineUnfolder.TwoIndependentUnfoldsAreByteIdentical ..................................   Passed    0.00 sec
2026-07-20T11:19:55.5528212Z         Start 660: TimelineUnfolder.BoundaryStateChainIsStableAcrossRuns
2026-07-20T11:19:55.5568487Z 660/663 Test #660: TimelineUnfolder.BoundaryStateChainIsStableAcrossRuns ...................................   Passed    0.00 sec
2026-07-20T11:19:55.5569664Z         Start 661: TimelineUnfolder.ReunfoldOnSameEngineIsByteIdentical
2026-07-20T11:19:55.5605694Z 661/663 Test #661: TimelineUnfolder.ReunfoldOnSameEngineIsByteIdentical ....................................   Passed    0.00 sec
2026-07-20T11:19:55.5606163Z         Start 662: TimelineUnfolder.PhaseRateChangeIsMaterialized
2026-07-20T11:19:55.5659386Z 662/663 Test #662: TimelineUnfolder.PhaseRateChangeIsMaterialized ..........................................   Passed    0.01 sec
2026-07-20T11:19:55.5660574Z         Start 663: LogcraftCoreModuleImport.SurfaceResolvesThroughModule
2026-07-20T11:19:55.5680371Z 663/663 Test #663: LogcraftCoreModuleImport.SurfaceResolvesThroughModule ...................................   Passed    0.00 sec
2026-07-20T11:19:55.5691206Z 
2026-07-20T11:19:55.5691407Z 100% tests passed, 0 tests failed out of 663
2026-07-20T11:19:55.5691774Z 
2026-07-20T11:19:55.5691870Z Total Test time (real) =  35.29 sec
2026-07-20T11:19:55.7895377Z 
2026-07-20T11:19:55.7896139Z ======== Exporting recipe to the cache ========
2026-07-20T11:19:55.7912795Z logcraft_core/1.8.2: Exporting package recipe: /home/runner/work/logcraft/logcraft/core/conanfile.py
2026-07-20T11:19:55.8166860Z logcraft_core/1.8.2: Copied 1 '.py' file: conanfile.py
2026-07-20T11:19:55.8167157Z logcraft_core/1.8.2: Copied 1 '.txt' file: CMakeLists.txt
2026-07-20T11:19:55.8167393Z logcraft_core/1.8.2: Copied 23 '.cppm' files
2026-07-20T11:19:55.8167611Z logcraft_core/1.8.2: Copied 55 '.cpp' files
2026-07-20T11:19:55.8167815Z logcraft_core/1.8.2: Copied 5 '.hpp' files
2026-07-20T11:19:55.8257854Z logcraft_core/1.8.2: Exported to cache folder: /home/runner/work/logcraft/logcraft/.conan2/p/logcrf88df09ff7df8/e
2026-07-20T11:19:55.8258398Z logcraft_core/1.8.2: Exported: logcraft_core/1.8.2#87ad350971d8c9e163779f688d7a02f3 (2026-07-20 11:19:55 UTC)
2026-07-20T11:19:55.8258649Z 
2026-07-20T11:19:55.8258722Z ======== Input profiles ========
2026-07-20T11:19:55.8259160Z Profile host:
2026-07-20T11:19:55.8259385Z [settings]
2026-07-20T11:19:55.8259571Z arch=x86_64
2026-07-20T11:19:55.8259776Z build_type=Release
2026-07-20T11:19:55.8259992Z compiler=gcc
2026-07-20T11:19:55.8260201Z compiler.cppstd=gnu23
2026-07-20T11:19:55.8260458Z compiler.libcxx=libstdc++11
2026-07-20T11:19:55.8260816Z compiler.version=15
2026-07-20T11:19:55.8261085Z os=Linux
2026-07-20T11:19:55.8261274Z [conf]
2026-07-20T11:19:55.8261501Z tools.build:cflags=['-O3', '-march=x86-64-v2']
2026-07-20T11:19:55.8261855Z tools.build:cxxflags=['-O3', '-march=x86-64-v2']
2026-07-20T11:19:55.8262214Z tools.build:exelinkflags=['-Wl,-rpath,/opt/gcc-15.3/lib64']
2026-07-20T11:19:55.8262595Z tools.build:sharedlinkflags=['-Wl,-rpath,/opt/gcc-15.3/lib64']
2026-07-20T11:19:55.8262942Z tools.cmake.cmakedeps:new=will_break_next
2026-07-20T11:19:55.8263320Z tools.info.package_id:confs=['tools.build:cflags', 'tools.build:cxxflags']
2026-07-20T11:19:55.8263714Z user.malf:editable_build_dir=build-gcc15-release
2026-07-20T11:19:55.8264007Z [buildenv]
2026-07-20T11:19:55.8264211Z CC=/opt/gcc-15.3/bin/gcc
2026-07-20T11:19:55.8264797Z CXX=/opt/gcc-15.3/bin/g++
2026-07-20T11:19:55.8265073Z LD_LIBRARY_PATH=/opt/gcc-15.3/lib64
2026-07-20T11:19:55.8265267Z 
2026-07-20T11:19:55.8265703Z Profile build:
2026-07-20T11:19:55.8265920Z [settings]
2026-07-20T11:19:55.8266103Z arch=x86_64
2026-07-20T11:19:55.8266292Z build_type=Release
2026-07-20T11:19:55.8266490Z compiler=gcc
2026-07-20T11:19:55.8266690Z compiler.cppstd=gnu23
2026-07-20T11:19:55.8266923Z compiler.libcxx=libstdc++11
2026-07-20T11:19:55.8267158Z compiler.version=15
2026-07-20T11:19:55.8267355Z os=Linux
2026-07-20T11:19:55.8267538Z [conf]
2026-07-20T11:19:55.8267757Z tools.build:cflags=['-O3', '-march=x86-64-v2']
2026-07-20T11:19:55.8268075Z tools.build:cxxflags=['-O3', '-march=x86-64-v2']
2026-07-20T11:19:55.8268416Z tools.build:exelinkflags=['-Wl,-rpath,/opt/gcc-15.3/lib64']
2026-07-20T11:19:55.8268810Z tools.build:sharedlinkflags=['-Wl,-rpath,/opt/gcc-15.3/lib64']
2026-07-20T11:19:55.8269056Z tools.cmake.cmakedeps:new=will_break_next
2026-07-20T11:19:55.8269314Z tools.info.package_id:confs=['tools.build:cflags', 'tools.build:cxxflags']
2026-07-20T11:19:55.8269587Z user.malf:editable_build_dir=build-gcc15-release
2026-07-20T11:19:55.8269778Z [buildenv]
2026-07-20T11:19:55.8270119Z CC=/opt/gcc-15.3/bin/gcc
2026-07-20T11:19:55.8270301Z CXX=/opt/gcc-15.3/bin/g++
2026-07-20T11:19:55.8270470Z LD_LIBRARY_PATH=/opt/gcc-15.3/lib64
2026-07-20T11:19:55.8270826Z 
2026-07-20T11:19:55.8270829Z 
2026-07-20T11:19:55.8271079Z ======== Computing dependency graph ========
2026-07-20T11:19:55.8627620Z Graph root
2026-07-20T11:19:55.8627871Z     cli
2026-07-20T11:19:55.8628381Z Requirements
2026-07-20T11:19:55.8628709Z     asio/1.36.0#baa8f04f3c2486ca00851c092ab6afb7 - Cache
2026-07-20T11:19:55.8629117Z     coderoast_ipc_core/1.8.2#c69315ecfb1661df8bba6a827a4f9a15 - Cache
2026-07-20T11:19:55.8629546Z     coderoast_ipc_producer/1.8.2#163642efa0c772d5e386ca9e37250a77 - Cache
2026-07-20T11:19:55.8629930Z     fmt/12.1.0#50abab23274d56bb8f42c94b3b9a40c7 - Cache
2026-07-20T11:19:55.8630188Z     insight_canon/1.8.2#8904e6e3aac2c5ec749b94a94e578b9d - Cache
2026-07-20T11:19:55.8630479Z     insight_semantic_github/1.8.2#daf81292eacd1cdef4a871ac153f335a - Cache
2026-07-20T11:19:55.8630789Z     logcraft_core/1.8.2#87ad350971d8c9e163779f688d7a02f3 - Cache
2026-07-20T11:19:55.8631045Z     picosha2/1.0.0#61923b65ad21c4bccdc00d2be5709b58 - Cache
2026-07-20T11:19:55.8631281Z     simdjson/4.6.3#57b63b0965065041e5cd871f7973a026 - Cache
2026-07-20T11:19:55.8631899Z     spdlog/1.17.0#bcbaaf7147bda6ad24ffbd1ac3d7142c - Cache
2026-07-20T11:19:55.8632226Z     yaml-cpp/0.9.0#237a808ce73af0e5f32ba2834ae2baf0 - Cache
2026-07-20T11:19:55.8632453Z Test requirements
2026-07-20T11:19:55.8632638Z     benchmark/1.9.5#b885dc73ad67b40a55d45684d1c88ad1 - Cache
2026-07-20T11:19:55.8632906Z     coderoast_ipc_consumer/1.8.2#6a0fd045217caf0563a9e06cbbe0cb5b - Cache
2026-07-20T11:19:55.8633174Z     gtest/1.17.0#5224b3b3ff3b4ce1133cbdd27d53ee7d - Cache
2026-07-20T11:19:55.8633386Z Build requirements
2026-07-20T11:19:55.8633564Z     cmake/4.3.3#840cf00ea09777e05c2050a50a82c722 - Cache
2026-07-20T11:19:55.8633765Z Resolved version ranges
2026-07-20T11:19:55.8633928Z     cmake/[>=3.16.3]: cmake/4.3.3
2026-07-20T11:19:55.8634102Z     cmake/[>=3.16]: cmake/4.3.3
2026-07-20T11:19:55.8634211Z 
2026-07-20T11:19:55.8634295Z ======== Computing necessary packages ========
2026-07-20T11:19:55.8861606Z Connecting to remote 'conancenter' anonymously
2026-07-20T11:19:56.2786770Z logcraft_core/1.8.2: Main binary package 'a4b45bd0705f7cc1c7858655551872848edb786a' missing
2026-07-20T11:19:56.2787175Z logcraft_core/1.8.2: Checking 13 compatible configurations
2026-07-20T11:19:56.2807480Z logcraft_core/1.8.2: Compatible configurations not found in cache, checking servers
2026-07-20T11:19:56.4024657Z logcraft_core/1.8.2: Found 0 compatible configurations in remotes
2026-07-20T11:19:56.4025090Z logcraft_core/1.8.2: No compatible configuration found
2026-07-20T11:19:56.4026376Z Requirements
2026-07-20T11:19:56.4027154Z     asio/1.36.0#baa8f04f3c2486ca00851c092ab6afb7:da39a3ee5e6b4b0d3255bfef95601890afd80709#c02fdd2b35b8e2b48197b1749056e852 - Cache
2026-07-20T11:19:56.4028915Z     coderoast_ipc_core/1.8.2#c69315ecfb1661df8bba6a827a4f9a15:976572dde09ae4802a96a09ed547708e031572ad#1b0941ea603cd93e7cbbf1d6264bda0b - Cache
2026-07-20T11:19:56.4029630Z     coderoast_ipc_producer/1.8.2#163642efa0c772d5e386ca9e37250a77:2593c3ff75f0faaddfe446f6ca54a059865b1c3a#43304bd57e28e06fe88bb554b0d55ec0 - Cache
2026-07-20T11:19:56.4030447Z     fmt/12.1.0#50abab23274d56bb8f42c94b3b9a40c7:ad913eb4f99fc875fffba787e4d80fce29a7f765#39be80cf5ecb8caac2c37f8baa122a79 - Cache
2026-07-20T11:19:56.4031551Z     insight_canon/1.8.2#8904e6e3aac2c5ec749b94a94e578b9d:b78615a5f087d90c3deb764e78f1e3407b351ad5#ede49570c06305fdce1ea75d74584698 - Cache
2026-07-20T11:19:56.4032584Z     insight_semantic_github/1.8.2#daf81292eacd1cdef4a871ac153f335a:dd36a23ae70b24fa7f4e847ed8c9d0509583dd47#253b5b89bd4bea4b0dcc9d04765d28dc - Cache
2026-07-20T11:19:56.4033159Z     logcraft_core/1.8.2#87ad350971d8c9e163779f688d7a02f3:a4b45bd0705f7cc1c7858655551872848edb786a - Build
2026-07-20T11:19:56.4034091Z     picosha2/1.0.0#61923b65ad21c4bccdc00d2be5709b58:da39a3ee5e6b4b0d3255bfef95601890afd80709#1e86527276bd819290d3531c62615e33 - Cache
2026-07-20T11:19:56.4034678Z     simdjson/4.6.3#57b63b0965065041e5cd871f7973a026:5d1991fbda5f8e42ea0b1fc45dc1f0e08c876862#aaf343449055f180a80e0c56dcf203ea - Cache
2026-07-20T11:19:56.4035483Z     spdlog/1.17.0#bcbaaf7147bda6ad24ffbd1ac3d7142c:dc97e1c73da307d48b15663ff835c7139057ef19#e7174d4ea12a233dcd7fd45c2d9f83d0 - Cache
2026-07-20T11:19:56.4036077Z     yaml-cpp/0.9.0#237a808ce73af0e5f32ba2834ae2baf0:5bcc2325ae24c87a0dbda9fe98b25099fcbadab3#6a44f4e7c342438a031fda01b4b1f46c - Cache
2026-07-20T11:19:56.4036450Z Test requirements
2026-07-20T11:19:56.4036806Z     benchmark/1.9.5#b885dc73ad67b40a55d45684d1c88ad1:450ef64ba4e985ecaa322e7110fecc37f5ba874b#1c54c10c0928d8cc7bd3bdf8b505041a - Cache
2026-07-20T11:19:56.4037405Z     coderoast_ipc_consumer/1.8.2#6a0fd045217caf0563a9e06cbbe0cb5b:2593c3ff75f0faaddfe446f6ca54a059865b1c3a#9a55ca826c1b453518d444e93d48ec16 - Cache
2026-07-20T11:19:56.4038404Z     gtest/1.17.0#5224b3b3ff3b4ce1133cbdd27d53ee7d:2408b5402882dc2df22863610623b66506a4870c#e19edae35da6f5681ecfc11e8f6ed87a - Cache
2026-07-20T11:19:56.4038806Z Build requirements
2026-07-20T11:19:56.4038954Z Skipped binaries
2026-07-20T11:19:56.4039098Z     cmake/4.3.3
2026-07-20T11:19:56.4039189Z 
2026-07-20T11:19:56.4039266Z ======== Installing packages ========
2026-07-20T11:19:56.4039464Z asio/1.36.0: Already installed! (1 of 14)
2026-07-20T11:19:56.4042149Z fmt/12.1.0: Already installed! (2 of 14)
2026-07-20T11:19:56.4045166Z picosha2/1.0.0: Already installed! (3 of 14)
2026-07-20T11:19:56.4049007Z simdjson/4.6.3: Already installed! (4 of 14)
2026-07-20T11:19:56.4051219Z yaml-cpp/0.9.0: Already installed! (5 of 14)
2026-07-20T11:19:56.4054650Z benchmark/1.9.5: Already installed! (6 of 14)
2026-07-20T11:19:56.4057333Z gtest/1.17.0: Already installed! (7 of 14)
2026-07-20T11:19:56.4060291Z coderoast_ipc_core/1.8.2: Already installed! (8 of 14)
2026-07-20T11:19:56.4062975Z spdlog/1.17.0: Already installed! (9 of 14)
2026-07-20T11:19:56.4066223Z coderoast_ipc_consumer/1.8.2: Already installed! (10 of 14)
2026-07-20T11:19:56.4068738Z coderoast_ipc_producer/1.8.2: Already installed! (11 of 14)
2026-07-20T11:19:56.4071218Z insight_canon/1.8.2: Already installed! (12 of 14)
2026-07-20T11:19:56.4074426Z insight_semantic_github/1.8.2: Already installed! (13 of 14)
2026-07-20T11:19:56.4279610Z 
2026-07-20T11:19:56.4280259Z -------- Installing package logcraft_core/1.8.2 (14 of 14) --------
2026-07-20T11:19:56.4280544Z logcraft_core/1.8.2: Building from source
2026-07-20T11:19:56.4280845Z logcraft_core/1.8.2: Package logcraft_core/1.8.2:a4b45bd0705f7cc1c7858655551872848edb786a
2026-07-20T11:19:56.4281352Z logcraft_core/1.8.2: settings: os=Linux arch=x86_64 compiler=gcc compiler.cppstd=gnu23 compiler.libcxx=libstdc++11 compiler.version=15 build_type=Release
2026-07-20T11:19:56.4281779Z logcraft_core/1.8.2: options: fPIC=True shared=False
2026-07-20T11:19:56.4283764Z logcraft_core/1.8.2: requires: coderoast_ipc_producer/1.8.2#163642efa0c772d5e386ca9e37250a77:2593c3ff75f0faaddfe446f6ca54a059865b1c3a yaml-cpp/0.9.0#237a808ce73af0e5f32ba2834ae2baf0:5bcc2325ae24c87a0dbda9fe98b25099fcbadab3 insight_semantic_github/1.8.2#daf81292eacd1cdef4a871ac153f335a:dd36a23ae70b24fa7f4e847ed8c9d0509583dd47 insight_canon/1.8.2#8904e6e3aac2c5ec749b94a94e578b9d:b78615a5f087d90c3deb764e78f1e3407b351ad5 spdlog/1.17.0#bcbaaf7147bda6ad24ffbd1ac3d7142c:dc97e1c73da307d48b15663ff835c7139057ef19 fmt/12.1.0#50abab23274d56bb8f42c94b3b9a40c7:ad913eb4f99fc875fffba787e4d80fce29a7f765 asio/1.36.0#baa8f04f3c2486ca00851c092ab6afb7:da39a3ee5e6b4b0d3255bfef95601890afd80709
2026-07-20T11:19:56.4285730Z logcraft_core/1.8.2: conf: tools.build:cflags=['-O3', '-march=x86-64-v2'] tools.build:cxxflags=['-O3', '-march=x86-64-v2']
2026-07-20T11:19:56.4286095Z logcraft_core/1.8.2: Copying sources to build folder
2026-07-20T11:19:56.4457129Z logcraft_core/1.8.2: Building your package in /home/runner/work/logcraft/logcraft/.conan2/p/b/logcr39dee89d2017d/b
2026-07-20T11:19:56.4457560Z logcraft_core/1.8.2: Calling generate()
2026-07-20T11:19:56.4458223Z logcraft_core/1.8.2: Generators folder: /home/runner/work/logcraft/logcraft/.conan2/p/b/logcr39dee89d2017d/b
2026-07-20T11:19:56.4693571Z logcraft_core/1.8.2: CMakeToolchain generated: conan_toolchain.cmake
2026-07-20T11:19:56.4699342Z logcraft_core/1.8.2: CMakeToolchain generated: /home/runner/work/logcraft/logcraft/.conan2/p/b/logcr39dee89d2017d/b/CMakePresets.json
2026-07-20T11:19:56.4700360Z logcraft_core/1.8.2: WARN: On the fly replacement of CMakeDeps by CMakeConfigDeps generator, because 'tools.cmake.cmakedeps:new' incubating conf activated. This conf is incubating and will break in next releases. CMakeConfigDeps is now experimental and can be used as such in recipes.
2026-07-20T11:19:56.4701532Z logcraft_core/1.8.2: WARN: experimental: CMakeConfigDeps is experimental, and might get breaking changes in future releases
2026-07-20T11:19:56.5766512Z logcraft_core/1.8.2: WARN: deprecated: CMakeConfigDeps does not support module find mode in gtest/1.17.0.
2026-07-20T11:19:56.5766912Z Config mode will be used regardless.
2026-07-20T11:19:56.6145861Z logcraft_core/1.8.2: CMakeDeps necessary find_package() and targets for your CMakeLists.txt
2026-07-20T11:19:56.6146271Z     find_package(yaml-cpp)
2026-07-20T11:19:56.6146448Z     find_package(spdlog)
2026-07-20T11:19:56.6146609Z     find_package(fmt)
2026-07-20T11:19:56.6146765Z     find_package(asio)
2026-07-20T11:19:56.6146925Z     find_package(GTest)
2026-07-20T11:19:56.6147725Z     find_package(benchmark)
2026-07-20T11:19:56.6148157Z     target_link_libraries(... yaml-cpp::yaml-cpp spdlog::spdlog fmt::fmt asio::asio gtest::gtest benchmark::benchmark_main)
2026-07-20T11:19:56.6215234Z logcraft_core/1.8.2: Generating aggregated env files
2026-07-20T11:19:56.6215576Z logcraft_core/1.8.2: Generated aggregated env files: ['conanbuild.sh', 'conanrun.sh']
2026-07-20T11:19:56.6223457Z logcraft_core/1.8.2: Calling build()
2026-07-20T11:19:56.6224009Z logcraft_core/1.8.2: Running CMake.configure()
2026-07-20T11:19:56.6225726Z logcraft_core/1.8.2: RUN: cmake -G "Ninja" -DCMAKE_TOOLCHAIN_FILE="conan_toolchain.cmake" -DCMAKE_INSTALL_PREFIX="/home/runner/work/logcraft/logcraft/.conan2/p/b/logcr39dee89d2017d/p" -DCMAKE_POLICY_DEFAULT_CMP0091="NEW" -DCMAKE_BUILD_TYPE="Release" "/home/runner/work/logcraft/logcraft/.conan2/p/b/logcr39dee89d2017d/b"
2026-07-20T11:19:56.7434531Z -- Using Conan toolchain: /home/runner/work/logcraft/logcraft/.conan2/p/b/logcr39dee89d2017d/b/conan_toolchain.cmake
2026-07-20T11:19:56.7435089Z -- Conan toolchain: Setting CMAKE_POSITION_INDEPENDENT_CODE=ON (options.fPIC)
2026-07-20T11:19:56.7435378Z -- Conan toolchain: Defining architecture flag: -m64
2026-07-20T11:19:56.7435621Z -- Conan toolchain: C++ Standard 23 with extensions ON
2026-07-20T11:19:56.7435911Z -- Conan toolchain: Including CMakeConfigDeps generated conan_cmakedeps_paths.cmake
2026-07-20T11:19:56.7436500Z -- Conan toolchain: Setting BUILD_SHARED_LIBS = OFF
2026-07-20T11:19:56.8833688Z -- The CXX compiler identification is GNU 15.3.0
2026-07-20T11:19:57.0661307Z -- Detecting CXX compiler ABI info
2026-07-20T11:19:57.1940682Z -- Detecting CXX compiler ABI info - done
2026-07-20T11:19:57.2036504Z -- Check for working CXX compiler: /opt/gcc-15.3/bin/g++ - skipped
2026-07-20T11:19:57.2038997Z -- Detecting CXX compile features
2026-07-20T11:19:57.2044068Z CMake Warning (dev) at /home/runner/venvs/common/lib/python3.12/site-packages/cmake/data/share/cmake-4.3/Modules/Compiler/CMakeCommonCompilerMacros.cmake:226 (cmake_language):
2026-07-20T11:19:57.2044652Z   CMake's support for `import std;` in C++23 and newer is experimental.  It
2026-07-20T11:19:57.2044971Z   is meant only for experimentation and feedback to CMake developers.
2026-07-20T11:19:57.2045450Z Call Stack (most recent call first):
2026-07-20T11:19:57.2045980Z   /home/runner/venvs/common/lib/python3.12/site-packages/cmake/data/share/cmake-4.3/Modules/CMakeDetermineCompilerSupport.cmake:110 (cmake_cxx_find_modules_json)
2026-07-20T11:19:57.2046678Z   /home/runner/venvs/common/lib/python3.12/site-packages/cmake/data/share/cmake-4.3/Modules/CMakeTestCXXCompiler.cmake:83 (CMAKE_DETERMINE_COMPILER_SUPPORT)
2026-07-20T11:19:57.2047391Z   CMakeLists.txt:13 (project)
2026-07-20T11:19:57.2047621Z This warning is for project developers.  Use -Wno-dev to suppress it.
2026-07-20T11:19:57.2047809Z 
2026-07-20T11:19:57.2062593Z -- Detecting CXX compile features - done
2026-07-20T11:19:57.2207944Z -- Conan: Configuring Targets for fmt/12.1.0
2026-07-20T11:19:57.2210781Z -- Conan: Target declared imported STATIC library 'fmt::fmt'
2026-07-20T11:19:57.2214113Z -- Conan: Configuring Targets for spdlog/1.17.0
2026-07-20T11:19:57.2216552Z -- Conan: Target declared imported STATIC library 'spdlog::spdlog'
2026-07-20T11:19:57.2219783Z -- Conan: Configuring Targets for yaml-cpp/0.9.0
2026-07-20T11:19:57.2222321Z -- Conan: Target declared imported STATIC library 'yaml-cpp::yaml-cpp'
2026-07-20T11:19:57.2222707Z -- Conan: Target declared alias 'yaml-cpp' for 'yaml-cpp::yaml-cpp'
2026-07-20T11:19:57.2225556Z -- Conan: Configuring Targets for asio/1.36.0
2026-07-20T11:19:57.2227693Z -- Conan: Target declared imported INTERFACE library 'asio::asio'
2026-07-20T11:19:57.2247086Z -- Conan: Configuring Targets for simdjson/4.6.3
2026-07-20T11:19:57.2249832Z -- Conan: Target declared imported STATIC library 'simdjson::simdjson'
2026-07-20T11:19:57.2252938Z -- Conan: Configuring Targets for picosha2/1.0.0
2026-07-20T11:19:57.2255069Z -- Conan: Target declared imported INTERFACE library 'picosha2::picosha2'
2026-07-20T11:19:57.2324366Z -- Configuring done (0.5s)
2026-07-20T11:19:57.2344459Z CMake Error at CMakeLists.txt:363 (add_executable):
2026-07-20T11:19:57.2344703Z   Cannot find source file:
2026-07-20T11:19:57.2344905Z 
2026-07-20T11:19:57.2345245Z     /home/runner/work/logcraft/logcraft/.conan2/p/b/logcr39dee89d2017d/b/cli/logcraft_validate.cpp
2026-07-20T11:19:57.2345556Z 
2026-07-20T11:19:57.2345558Z 
2026-07-20T11:19:57.2365472Z CMake Error at CMakeLists.txt:363 (add_executable):
2026-07-20T11:19:57.2365762Z   No SOURCES given to target: logcraft_validate
2026-07-20T11:19:57.2365913Z 
2026-07-20T11:19:57.2365915Z 
2026-07-20T11:19:57.2366063Z CMake Generate step failed.  Build files cannot be regenerated correctly.
2026-07-20T11:19:57.2391094Z 
2026-07-20T11:19:57.2416080Z logcraft_core/1.8.2: ERROR: 
2026-07-20T11:19:57.2416754Z Package 'a4b45bd0705f7cc1c7858655551872848edb786a' build failed
2026-07-20T11:19:57.2417223Z logcraft_core/1.8.2: WARN: Build folder /home/runner/work/logcraft/logcraft/.conan2/p/b/logcr39dee89d2017d/b
2026-07-20T11:19:57.2421302Z ERROR: logcraft_core/1.8.2: Error in build() method, line 96
2026-07-20T11:19:57.2421595Z 	cmake.configure()
2026-07-20T11:19:57.2421772Z 	ConanException: Error 1 while executing
2026-07-20T11:19:57.2828807Z ##[error]Process completed with exit code 1.
2026-07-20T11:20:03.6805299Z Post job cleanup.
2026-07-20T11:20:03.6868291Z Post job cleanup.
2026-07-20T11:20:03.6929886Z Post job cleanup.
2026-07-20T11:20:03.6970609Z Post job cleanup.
2026-07-20T11:20:03.7899098Z [command]/usr/bin/git version
2026-07-20T11:20:03.7965780Z git version 2.43.0
2026-07-20T11:20:03.7992194Z Copying '/home/runner/.gitconfig' to '/home/runner/work/_temp/a9155766-7e5a-445a-85e7-7e519fae67d3/.gitconfig'
2026-07-20T11:20:03.8002141Z Temporarily overriding HOME='/home/runner/work/_temp/a9155766-7e5a-445a-85e7-7e519fae67d3' before making global git config changes
2026-07-20T11:20:03.8005611Z Adding repository directory to the temporary git global config as a safe directory
2026-07-20T11:20:03.8006081Z [command]/usr/bin/git config --global --add safe.directory /home/runner/work/logcraft/logcraft
2026-07-20T11:20:03.8042303Z [command]/usr/bin/git config --local --name-only --get-regexp core\.sshCommand
2026-07-20T11:20:03.8092608Z [command]/usr/bin/git submodule foreach --recursive sh -c "git config --local --name-only --get-regexp 'core\.sshCommand' && git config --local --unset-all 'core.sshCommand' || :"
2026-07-20T11:20:03.8358443Z [command]/usr/bin/git config --local --name-only --get-regexp http\.https\:\/\/github\.com\/\.extraheader
2026-07-20T11:20:03.8380498Z http.https://github.com/.extraheader
2026-07-20T11:20:03.8391236Z [command]/usr/bin/git config --local --unset-all http.https://github.com/.extraheader
2026-07-20T11:20:03.8420669Z [command]/usr/bin/git submodule foreach --recursive sh -c "git config --local --name-only --get-regexp 'http\.https\:\/\/github\.com\/\.extraheader' && git config --local --unset-all 'http.https://github.com/.extraheader' || :"
2026-07-20T11:20:03.8670821Z [command]/usr/bin/git config --local --name-only --get-regexp ^includeIf\.gitdir:
2026-07-20T11:20:03.8699145Z [command]/usr/bin/git submodule foreach --recursive git config --local --show-origin --name-only --get-regexp remote.origin.url
2026-07-20T11:20:03.9110532Z Cleaning up orphan processes
